Const,Your Rating,Date Rated,Title,Original Title,URL,Title Type,IMDb Rating,Runtime (mins),Year,Genres,Num Votes,Release Date,Directors
tt5761544,5,2026-08-14,"Kandahar","Kandahar",https://www.imdb.com/title/tt5761544,Movie,6.1,119,2023,"Action, Thriller, Drama",47355,"2023-05-26","Ric Roman Waugh"
tt30460310,7,2026-08-12,"Spider-Noir","Spider-Noir",https://www.imdb.com/title/tt30460310,TV Series,7.7,45,2026,"Action, Sci-Fi, Thriller, Adventure, Crime, Drama, Fantasy, Mystery",64657,"2026-05-25",
tt30192667,1,2026-08-10,"The Apothecary Diaries: Jinshi to Maomao","Kusuriya no Hitorigoto: Jinshi to Maomao",https://www.imdb.com/title/tt30192667,TV Episode,9.0,23,2024,"Animation, Drama, Mystery, Romance, History",1404,"2024-03-23","Norihiro Naganuma,Wataru Nakagawa"
tt33764258,8,2026-08-10,"The Odyssey","The Odyssey",https://www.imdb.com/title/tt33764258,Movie,8.5,172,2026,"Adventure, Fantasy, Action",401579,"2026-07-17","Christopher Nolan"
tt39163015,7,2026-08-08,"Time and Water","Time and Water",https://www.imdb.com/title/tt39163015,Movie,6.9,93,2026,"Documentary, Family",279,"2026-05-29","Sara Dosa"
tt39143902,6,2026-08-07,"Leviticus","Leviticus",https://www.imdb.com/title/tt39143902,Movie,6.4,88,2026,"Horror, Sci-Fi, Thriller, Romance",12484,"2026-06-19","Adrian Chiarella"
tt32273171,6,2026-08-06,"The Death of Robin Hood","The Death of Robin Hood",https://www.imdb.com/title/tt32273171,Movie,6.0,122,2026,"Drama, Adventure, Action",13698,"2026-06-19","Michael Sarnoski"
tt2149175,8,2026-08-06,"The Americans","The Americans",https://www.imdb.com/title/tt2149175,TV Series,8.4,44,2013,"Drama, Crime, Mystery, Thriller",125645,"2013-01-30",
tt35674521,6,2026-08-03,"Rose of Nevada","Rose of Nevada",https://www.imdb.com/title/tt35674521,Movie,6.4,114,2025,"Drama, Mystery, Fantasy, Sci-Fi, Horror",2186,"2026-06-19","Mark Jenkin"
tt1742683,7,2026-08-02,"Too Big to Fail","Too Big to Fail",https://www.imdb.com/title/tt1742683,TV Movie,7.2,99,2011,"Drama, Biography",21480,"2011-05-23","Curtis Hanson"
tt9859510,7,2026-08-01,"Our Land","Nuestra Tierra",https://www.imdb.com/title/tt9859510,Movie,7.4,123,2025,"Documentary, Crime, History, Thriller",501,"2026-03-05","Lucrecia Martel"
tt28690468,7,2026-08-01,"Sound of Falling","In die Sonne schauen",https://www.imdb.com/title/tt28690468,Movie,7.0,154,2025,"Drama, War",6338,"2026-01-16","Mascha Schilinski"
tt32538648,7,2026-07-29,"Romería","Romería",https://www.imdb.com/title/tt32538648,Movie,6.8,111,2025,"Drama, Biography, Romance",3320,"2025-09-05","Carla Simón"
tt8814476,6,2026-07-29,"Supergirl","Supergirl",https://www.imdb.com/title/tt8814476,Movie,5.9,108,2026,"Action, Adventure, Sci-Fi, Drama",79681,"2026-06-26","Craig Gillespie"
tt32398150,6,2026-07-28,"The Great Arch","L'inconnu de la Grande Arche",https://www.imdb.com/title/tt32398150,Movie,6.9,107,2025,"Drama, Biography, History",2071,"2025-11-05","Stéphane Demoustier"
tt22507216,7,2026-07-27,"Amrum","Amrum",https://www.imdb.com/title/tt22507216,Movie,7.2,93,2025,"Drama, History, War",4440,"2026-04-24","Fatih Akin"
tt15047880,7,2026-07-27,"Disclosure Day","Disclosure Day",https://www.imdb.com/title/tt15047880,Movie,6.4,145,2026,"Sci-Fi, Thriller, Drama, Mystery, Action",135641,"2026-06-12","Steven Spielberg"
tt0427340,7,2026-07-24,"Masters of the Universe","Masters of the Universe",https://www.imdb.com/title/tt0427340,Movie,6.5,140,2026,"Action, Adventure, Fantasy, Sci-Fi",104868,"2026-06-05","Travis Knight"
tt0277434,7,2026-07-23,"We Were Soldiers","We Were Soldiers",https://www.imdb.com/title/tt0277434,Movie,7.2,138,2002,"History, Drama, War, Action",160706,"2002-03-01","Randall Wallace"
tt8652818,8,2026-07-23,"Violet Evergarden: The Movie","Gekijôban Vaioretto Evâgâden",https://www.imdb.com/title/tt8652818,Movie,8.3,140,2020,"Animation, Drama, Fantasy, Romance",14994,"2021-03-30","Taichi Ishidate"
tt32135632,7,2026-07-23,"Life Hack","LifeHack",https://www.imdb.com/title/tt32135632,Movie,6.2,97,2025,"Thriller, Action, Crime",997,"2026-05-15","Ronan Corrigan"
tt41334096,1,2026-07-23,"Dorohedoro: Sweet Home / Shining Youth / Memories Keep Circling Round and Round / Come Back Home","Dorohedoro: Sweet Home / Shining Youth / Memories Keep Circling Round and Round / Come Back Home",https://www.imdb.com/title/tt41334096,TV Episode,8.6,,2026,"Animation, Action, Comedy, Fantasy, Horror, Sci-Fi, Mystery",454,"2026-04-01","Yūichirō Hayashi"
tt30825738,7,2026-07-22,"Star Wars: The Mandalorian and Grogu","The Mandalorian and Grogu",https://www.imdb.com/title/tt30825738,Movie,6.8,132,2026,"Sci-Fi, Adventure, Fantasy, Family, Action",88852,"2026-05-22","Jon Favreau"
tt37287335,8,2026-07-21,"Obsession","Obsession",https://www.imdb.com/title/tt37287335,Movie,7.8,109,2025,"Horror, Thriller, Romance",319019,"2026-05-15","Curry Barker"
tt2140203,8,2026-07-20,"Wolf Children","Ôkami kodomo no Ame to Yuki",https://www.imdb.com/title/tt2140203,Movie,8.1,117,2012,"Animation, Fantasy, Drama, Family",55531,"2012-07-21","Mamoru Hosoda"
tt37538491,6,2026-07-20,"Two Seasons, Two Strangers","Tabi to Hibi",https://www.imdb.com/title/tt37538491,Movie,6.8,89,2025,"Drama",684,"2025-11-07","Shō Miyake"
tt0117571,8,2026-07-20,"Scream","Scream",https://www.imdb.com/title/tt0117571,Movie,7.4,111,1996,"Mystery, Horror",451354,"1996-12-20","Wes Craven"
tt0104437,5,2026-07-20,"Honey, I Blew Up the Kid","Honey, I Blew Up the Kid",https://www.imdb.com/title/tt0104437,Movie,4.9,89,1992,"Adventure, Romance, Sci-Fi, Comedy, Family",49772,"1992-07-17","Randal Kleiser"
tt15737898,8,2026-07-19,"Blue Giant","Blue Giant",https://www.imdb.com/title/tt15737898,Movie,7.9,120,2023,"Animation, Drama, Music",3688,"2023-02-17","Yuzuru Tachikawa"
tt26657236,7,2026-07-19,"Backrooms","Backrooms",https://www.imdb.com/title/tt26657236,Movie,6.8,110,2026,"Horror, Sci-Fi, Thriller",172658,"2026-05-29","Kane Parsons"
tt10477558,7,2026-07-18,"Violet Evergarden: Eternity and the Auto Memory Doll","Vaioretto evâgâden gaiden: Eien to jidô shuki ningyô",https://www.imdb.com/title/tt10477558,Movie,7.5,90,2019,"Animation, Drama, Family",8898,"2020-02-17","Haruka Fujita"
tt8142470,10,2026-07-18,"Violet Evergarden: Loved Ones Will Always Watch Over You","Violet Evergarden: Loved Ones Will Always Watch Over You",https://www.imdb.com/title/tt8142470,TV Episode,9.8,24,2018,"Animation, Drama, Sci-Fi, Fantasy, Romance",10314,"2018-03-15","Haruka Fujita,Taichi Ishidate,Taiichi Ogawa"
tt7078180,8,2026-07-18,"Violet Evergarden","Violet Evergarden",https://www.imdb.com/title/tt7078180,TV Mini Series,8.4,24,2018,"Animation, Drama, Sci-Fi, Fantasy, Romance",42581,"2020-08-22",
tt33381401,6,2026-07-18,"The Love That Remains","Ástin sem eftir er",https://www.imdb.com/title/tt33381401,Movie,6.8,109,2025,"Drama, Comedy, Family",2243,"2026-01-30","Hlynur Pálmason"
tt6610158,5,2026-07-17,"Rust Creek","Rust Creek",https://www.imdb.com/title/tt6610158,Movie,5.9,108,2018,"Drama, Thriller, Crime, Action, Mystery",15916,"2019-01-04","Jen McGowan"
tt7057496,6,2026-07-15,"Forgotten","Gi-eok-ui bam",https://www.imdb.com/title/tt7057496,Movie,7.4,108,2017,"Mystery, Thriller, Crime",63477,"2018-02-21","Jang Hang-jun"
tt6866266,7,2026-07-14,"Escape at Dannemora","Escape at Dannemora",https://www.imdb.com/title/tt6866266,TV Mini Series,7.9,60,2018,"Drama, Biography, Crime, Thriller",34330,"2018-11-18",
tt32278481,5,2026-07-13,"Enola Holmes 3","Enola Holmes 3",https://www.imdb.com/title/tt32278481,Movie,5.7,105,2026,"Crime, Action, Mystery, Adventure, Drama, Comedy",27870,"2026-07-01","Philip Barantini"
tt0076740,8,2026-07-13,"Sorcerer","Sorcerer",https://www.imdb.com/title/tt0076740,Movie,7.7,121,1977,"Adventure, Thriller, Drama",37377,"1977-06-24","William Friedkin"
tt12998510,7,2026-07-12,"Satoshi Kon: The Illusionist","Satoshi Kon, l'illusionniste",https://www.imdb.com/title/tt12998510,Movie,7.1,81,2021,"Documentary",324,"2022-03-18","Pascal-Alex Vincent"
tt34963034,7,2026-07-11,"André Is an Idiot","André Is an Idiot",https://www.imdb.com/title/tt34963034,Movie,7.6,88,2025,"Documentary, Biography, Comedy",752,"2026-05-22","Tony Benna"
tt32649961,7,2026-07-10,"Blades of the Guardians","Biao ren: Feng qi da mo",https://www.imdb.com/title/tt32649961,Movie,6.8,126,2026,"Action, Adventure, Drama, Western",3730,"2026-02-17","Yuen Woo-Ping"
tt21045208,6,2026-07-10,"Tow","Tow",https://www.imdb.com/title/tt21045208,Movie,6.3,105,2025,"Drama, Biography",1523,"2026-06-01","Stephanie Laing"
tt33311069,8,2026-07-09,"The Furious","Huo zhe yan",https://www.imdb.com/title/tt33311069,Movie,7.3,113,2025,"Action, Crime, Thriller",22526,"2026-06-12","Kenji Tanigaki"
tt35672862,6,2026-07-09,"Hokum","Hokum",https://www.imdb.com/title/tt35672862,Movie,6.7,107,2026,"Horror, Thriller",55016,"2026-05-01","Damian McCarthy"
tt33612209,6,2026-07-08,"The Devil Wears Prada 2","The Devil Wears Prada 2",https://www.imdb.com/title/tt33612209,Movie,6.3,119,2026,"Comedy, Drama",99502,"2026-05-01","David Frankel"
tt35050712,6,2026-07-07,"Saccharine","Saccharine",https://www.imdb.com/title/tt35050712,Movie,5.9,113,2026,"Drama, Horror, Sci-Fi",3831,"2026-05-22","Natalie Erika James"
tt36590141,6,2026-07-05,"Underland","Underland",https://www.imdb.com/title/tt36590141,Movie,5.9,79,2025,"Documentary, Adventure, History, Mystery",152,"2025-06-05","Rob Petit"
tt33296751,7,2026-07-05,"Tuner","Tuner",https://www.imdb.com/title/tt33296751,Movie,7.2,107,2025,"Crime, Thriller, Drama, Music, Romance",22405,"2026-05-29","Daniel Roher"
tt32252801,6,2026-07-02,"Blue Heron","Blue Heron",https://www.imdb.com/title/tt32252801,Movie,7.1,91,2025,"Drama",2817,"2026-07-21","Sophy Romvari"
tt33295741,6,2026-07-02,"Redux Redux","Redux Redux",https://www.imdb.com/title/tt33295741,Movie,6.2,109,2025,"Action, Sci-Fi, Drama, Horror, Thriller, Adventure, Crime, Fantasy",7003,"2025-12","Kevin McManus,Matthew McManus"
tt11378946,7,2026-07-01,"Michael","Michael",https://www.imdb.com/title/tt11378946,Movie,7.4,127,2026,"Biography, Drama, Music, History",171104,"2026-04-24","Antoine Fuqua"
tt33365126,7,2026-06-30,"Carolina Caroline","Carolina Caroline",https://www.imdb.com/title/tt33365126,Movie,6.6,107,2025,"Crime, Romance, Thriller, Drama",5607,"2026-06-23","Adam Rehmeier"
tt32565993,7,2026-06-29,"The Sheep Detectives","The Sheep Detectives",https://www.imdb.com/title/tt32565993,Movie,7.4,109,2026,"Comedy, Mystery, Family",98281,"2026-05-08","Kyle Balda"
tt32267691,7,2026-06-29,"Power Ballad","Power Ballad",https://www.imdb.com/title/tt32267691,Movie,6.7,98,2026,"Musical, Comedy, Drama, Music",6958,"2026-06-05","John Carney"
tt32547691,7,2026-06-27,"Pressure","Pressure",https://www.imdb.com/title/tt32547691,Movie,7.3,100,2026,"Drama, War, Thriller, History",21689,"2026-05-29","Anthony Maras"
tt17490712,5,2026-06-25,"Mortal Kombat II","Mortal Kombat II",https://www.imdb.com/title/tt17490712,Movie,6.3,116,2026,"Action, Adventure, Fantasy, Sci-Fi",80825,"2026-05-08","Simon McQuoid"
tt6019206,9,2026-06-24,"Kill Bill: The Whole Bloody Affair","Kill Bill: The Whole Bloody Affair",https://www.imdb.com/title/tt6019206,Movie,8.7,253,2004,"Action, Crime, Thriller",53414,"2025-12-05","Quentin Tarantino"
tt33175825,9,2026-06-24,"Attack on Titan: The Last Attack","Shingeki no Kyojin: The Last Attack",https://www.imdb.com/title/tt33175825,Movie,8.9,145,2024,"Animation, Action, Drama, Adventure, Horror",34858,"2024-11-08","Ryota Aikei,Yūichirō Hayashi,Tokio Igarashi,Jun Shishido"
tt42863533,7,2026-06-19,"Maternal Instinct","Maternal Instinct",https://www.imdb.com/title/tt42863533,Movie,7.2,94,2026,"Documentary, Crime",11627,"2026-06-12","Jessica Dimmock"
tt29253299,7,2026-06-13,"Omaha","Omaha",https://www.imdb.com/title/tt29253299,Movie,7.0,83,2025,"Drama",1854,"2026-04-24","Cole Webley"
tt33022710,8,2026-06-12,"Ocean with David Attenborough","Ocean with David Attenborough",https://www.imdb.com/title/tt33022710,Movie,8.4,95,2025,"Documentary",5624,"2025-06-08","Colin Butfield,Toby Nowlan,Keith Scholey"
tt27557289,6,2026-06-12,"The Boroughs","The Boroughs",https://www.imdb.com/title/tt27557289,TV Series,7.2,45,2026,"Mystery, Adventure, Drama, Fantasy, Sci-Fi, Comedy, Horror",37809,"2026-05-21",
tt0054698,7,2026-06-07,"Breakfast at Tiffany's","Breakfast at Tiffany's",https://www.imdb.com/title/tt0054698,Movie,7.5,115,1961,"Drama, Comedy, Romance",205843,"1961-10-06","Blake Edwards"
tt34379307,7,2026-06-07,"Is God Is","Is God Is",https://www.imdb.com/title/tt34379307,Movie,6.5,100,2026,"Drama, Mystery, Western, Thriller",5325,"2026-05-15","Aleshea Harris"
tt37961742,6,2026-06-06,"Mexico 86","México 86",https://www.imdb.com/title/tt37961742,Movie,6.4,95,2026,"Documentary, Comedy, History, Sport, Drama",2667,"2026-06-05","Gabriel Ripstein"
tt0096764,7,2026-06-04,"The Adventures of Baron Munchausen","The Adventures of Baron Munchausen",https://www.imdb.com/title/tt0096764,Movie,7.1,126,1988,"Comedy, Adventure, Fantasy",60177,"1989-03-10","Terry Gilliam"
tt27681354,6,2026-06-02,"In the Grey","In the Grey",https://www.imdb.com/title/tt27681354,Movie,6.3,98,2026,"Action, Drama, Thriller, Crime",34299,"2026-05-15","Guy Ritchie"
tt35522483,8,2026-05-31,"Nirvanna the Band the Show the Movie","Nirvanna the Band the Show the Movie",https://www.imdb.com/title/tt35522483,Movie,7.7,100,2025,"Comedy, Sci-Fi, Adventure",11256,"2025-11-17","Matt Johnson"
tt13968662,6,2026-05-31,"A Magnificent Life","Marcel et Monsieur Pagnol",https://www.imdb.com/title/tt13968662,Movie,6.6,90,2025,"Animation, Biography",932,"2025-10-15","Sylvain Chomet"
tt31189814,6,2026-05-31,"Fuze","Fuze",https://www.imdb.com/title/tt31189814,Movie,6.2,98,2025,"Thriller, Action, Crime, War",12860,"2026-04-24","David Mackenzie"
tt27200708,5,2026-05-28,"Mother Mary","Mother Mary",https://www.imdb.com/title/tt27200708,Movie,5.5,111,2026,"Drama, Music, Thriller",7966,"2026-04-24","David Lowery"
tt0083922,8,2026-05-28,"Fanny and Alexander","Fanny och Alexander",https://www.imdb.com/title/tt0083922,Movie,8.1,322,1982,"Drama",71722,"1982-12-17","Ingmar Bergman"
tt40792117,6,2026-05-27,"The Crash","The Crash",https://www.imdb.com/title/tt40792117,Movie,6.5,92,2026,"Documentary, Crime",13063,"2026-05-15","Gareth Johnson"
tt33184531,1,2026-05-27,"Detective Hole: Duke Ellington's Piano","Jo Nesbo's Detective Hole: Duke Ellington's Piano",https://www.imdb.com/title/tt33184531,TV Episode,8.1,48,2026,"Crime, Drama, Mystery, Thriller",840,"2026-03-26","Øystein Karlsen"
tt31810018,8,2026-05-27,"Detective Hole","Jo Nesbo's Detective Hole",https://www.imdb.com/title/tt31810018,TV Series,7.6,50,2026,"Crime, Drama, Mystery, Thriller",25023,"2026-03-26",
tt0064541,8,2026-05-24,"Kes","Kes",https://www.imdb.com/title/tt0064541,Movie,7.9,111,1969,"Family, Drama",26372,"1970-04-03","Ken Loach"
tt33301434,6,2026-05-24,"Mile End Kicks","Mile End Kicks",https://www.imdb.com/title/tt33301434,Movie,6.2,111,2025,"Comedy, Romance, Drama, Music",1847,"2026-04-17","Chandler Levack"
tt31195136,6,2026-05-22,"Normal","Normal",https://www.imdb.com/title/tt31195136,Movie,6.3,91,2025,"Action, Crime, Thriller",22570,"2026-04-17","Ben Wheatley"
tt33100314,7,2026-05-21,"Remarkably Bright Creatures","Remarkably Bright Creatures",https://www.imdb.com/title/tt33100314,Movie,7.7,111,2026,"Drama, Comedy",46646,"2026-05-08","Olivia Newman"
tt16431404,6,2026-05-21,"Apex","Apex",https://www.imdb.com/title/tt16431404,Movie,6.1,95,2026,"Action, Thriller",104625,"2026-04-24","Baltasar Kormákur"
tt0062467,8,2026-05-20,"Wait Until Dark","Wait Until Dark",https://www.imdb.com/title/tt0062467,Movie,7.7,108,1967,"Thriller",36775,"1967-10-26","Terence Young"
tt39373812,1,2026-05-20,"Frieren: Beyond Journey's End: Utsukushii kôkei","Sôsô no Furîren: Utsukushii kôkei",https://www.imdb.com/title/tt39373812,TV Episode,8.7,24,2026,"Animation, Adventure, Fantasy, Drama, Comedy",2522,"2026-03-27","Kentarô Hori,Tomoya Kitagawa,Keiichirô Saitô"
tt22248376,10,2026-05-20,"Frieren: Beyond Journey's End","Sôsô no Furîren",https://www.imdb.com/title/tt22248376,TV Series,8.9,25,2023,"Animation, Adventure, Fantasy, Drama, Comedy",82009,"2023-09-29",
tt32612507,5,2026-05-20,"Lee Cronin's The Mummy","Lee Cronin's the Mummy",https://www.imdb.com/title/tt32612507,Movie,6.1,134,2026,"Horror",66324,"2026-04-17","Lee Cronin"
tt36243564,6,2026-05-18,"The Stranger","L'étranger",https://www.imdb.com/title/tt36243564,Movie,7.1,122,2025,"Drama, Crime",6465,"2025-10-29","François Ozon"
tt33071426,7,2026-05-18,"The Drama","The Drama",https://www.imdb.com/title/tt33071426,Movie,7.1,105,2026,"Romance, Comedy, Drama",108915,"2026-04-03","Kristoffer Borgli"
tt34621966,7,2026-05-14,"MegaDoc","MegaDoc",https://www.imdb.com/title/tt34621966,Movie,6.9,107,2025,"Documentary",1034,"2025-11-21","Mike Figgis"
tt35892608,6,2026-05-13,"Undertone","Undertone",https://www.imdb.com/title/tt35892608,Movie,5.9,94,2025,"Thriller, Horror, Sci-Fi",31085,"2026-03-13","Ian Tuason"
tt0185937,8,2026-05-13,"The Blair Witch Project","The Blair Witch Project",https://www.imdb.com/title/tt0185937,Movie,6.5,81,1999,"Mystery, Horror",321103,"1999-07-30","Daniel Myrick,Eduardo Sánchez"
tt31728330,6,2026-05-12,"They Will Kill You","They Will Kill You",https://www.imdb.com/title/tt31728330,Movie,6.3,94,2026,"Comedy, Horror, Action, Thriller",48085,"2026-03-27","Kirill Sokolov"
tt33705269,1,2026-05-12,"The Chestnut Man: Hide and Seek: Part 6","Kastanjemanden: Hide and Seek: Part 6",https://www.imdb.com/title/tt33705269,TV Episode,7.6,47,2026,"Drama, Thriller, Crime, Mystery",646,"2026-05-07","Roni Ezra"
tt0487831,8,2026-05-10,"The IT Crowd","The IT Crowd",https://www.imdb.com/title/tt0487831,TV Series,8.5,25,2006,"Comedy",177297,"2006-02-03",
tt35890662,7,2026-05-10,"Agon","Agon",https://www.imdb.com/title/tt35890662,Movie,6.8,100,2025,"Drama, Sport",201,"2026-04-24","Giulio Bertelli"
tt28650488,5,2026-05-09,"The Super Mario Galaxy Movie","The Super Mario Galaxy Movie",https://www.imdb.com/title/tt28650488,Movie,6.3,98,2026,"Animation, Adventure, Comedy, Family, Fantasy",70462,"2026-04-01","Aaron Horvath,Michael Jelenic,Pierre Leduc,Fabien Polack"
tt0058385,8,2026-05-06,"My Fair Lady","My Fair Lady",https://www.imdb.com/title/tt0058385,Movie,7.7,170,1964,"Musical, Drama, Romance",108356,"1964-12-25","George Cukor"
tt35466672,7,2026-05-03,"Malcolm in the Middle: Life's Still Unfair","Malcolm in the Middle: Life's Still Unfair",https://www.imdb.com/title/tt35466672,TV Mini Series,6.8,,2026,"Comedy, Drama",18226,"2026-04-10",
tt26443616,7,2026-05-02,"Hoppers","Hoppers",https://www.imdb.com/title/tt26443616,Movie,7.2,104,2026,"Animation, Adventure, Comedy, Family, Sci-Fi",80416,"2026-03-06","Daniel Chong"
tt27052428,7,2026-04-29,"Orwell: 2+2=5","Orwell: 2+2=5",https://www.imdb.com/title/tt27052428,Movie,6.9,119,2025,"Documentary, Biography, History",1990,"2025-10-10","Raoul Peck"
tt27047903,4,2026-04-28,"Scream 7","Scream 7",https://www.imdb.com/title/tt27047903,Movie,5.5,114,2026,"Horror, Mystery, Thriller",64045,"2026-02-27","Kevin Williamson"
tt35695538,7,2026-04-28,"My Father's Shadow","My Father's Shadow",https://www.imdb.com/title/tt35695538,Movie,7.3,94,2025,"Drama",2395,"2026-04-10","Akinola Davies"
tt36580119,8,2026-04-27,"The President's Cake","Mamlaket al-qasab",https://www.imdb.com/title/tt36580119,Movie,7.5,105,2025,"Drama",4400,"2026-02-27","Hasan Hadi"
tt35715953,7,2026-04-26,"Urchin","Urchin",https://www.imdb.com/title/tt35715953,Movie,6.8,100,2025,"Drama",4907,"2025-10-17","Harris Dickinson"
tt0032138,8,2026-04-26,"The Wizard of Oz","The Wizard of Oz",https://www.imdb.com/title/tt0032138,Movie,8.1,102,1939,"Musical, Family, Adventure, Fantasy",471253,"1939-08-25","Victor Fleming,George Cukor,Norman Taurog,Richard Thorpe,King Vidor"
tt33384612,7,2026-04-26,"Virgin Punk: Clockwork Girl","Virgin Punk: Clockwork Girl",https://www.imdb.com/title/tt33384612,Short,6.8,35,2025,"Animation, Short, Action, Sci-Fi, Thriller",576,"2025-11-11","Yasuomi Umetsu"
tt36758871,1,2026-04-25,"Fallout: The Strip","Fallout: The Strip",https://www.imdb.com/title/tt36758871,TV Episode,8.4,56,2026,"Action, Adventure, Drama, Sci-Fi",11082,"2026-02-04","Frederick E.O. Toye"
tt21870816,8,2026-04-25,"Billy Idol Should Be Dead","Billy Idol Should Be Dead",https://www.imdb.com/title/tt21870816,Movie,7.4,118,2025,"Animation, Documentary, Music, Biography",751,"2025-06-10","Jonas Åkerlund"
tt32897959,5,2026-04-25,"Wuthering Heights","Wuthering Heights",https://www.imdb.com/title/tt32897959,Movie,6.1,136,2026,"Drama, Romance",88458,"2026-02-13","Emerald Fennell"
tt33978029,6,2026-04-25,"Ready or Not 2: Here I Come","Ready or Not: Here I Come",https://www.imdb.com/title/tt33978029,Movie,6.5,108,2026,"Horror, Comedy, Thriller",68488,"2026-03-20","Matt Bettinelli-Olpin,Tyler Gillett"
tt12042730,8,2026-04-19,"Project Hail Mary","Project Hail Mary",https://www.imdb.com/title/tt12042730,Movie,8.2,156,2026,"Sci-Fi, Adventure, Comedy, Drama",502325,"2026-03-20","Phil Lord,Christopher Miller"
tt40224399,6,2026-04-16,"Untold: Chess Mates","Untold: Chess Mates",https://www.imdb.com/title/tt40224399,TV Episode,6.9,74,2026,"Documentary, Biography, Sport, Crime",1798,"2026-04-07","Thomas Tancred"
tt29271622,6,2026-04-16,"Palestine 36","Palestine 36",https://www.imdb.com/title/tt29271622,Movie,7.5,119,2025,"Drama, History, War",7603,"2026-04-03","Annemarie Jacir"
tt29028515,7,2026-04-15,"Wasteman","Wasteman",https://www.imdb.com/title/tt29028515,Movie,7.2,90,2025,"Thriller, Crime, Drama",7328,"2026-05-19","Cal McMau"
tt5990474,7,2026-04-14,"Columbus","Columbus",https://www.imdb.com/title/tt5990474,Movie,7.2,100,2017,"Drama",24698,"2017-08-04","Kogonada"
tt0107943,8,2026-04-14,"The Remains of the Day","The Remains of the Day",https://www.imdb.com/title/tt0107943,Movie,7.8,134,1993,"Romance, Drama",93824,"1993-11-19","James Ivory"
tt1399664,7,2026-04-14,"The Night Manager","The Night Manager",https://www.imdb.com/title/tt1399664,TV Series,8.0,60,2016,"Drama, Mystery, Thriller, Crime",141535,"2016-04-19",
tt38028385,1,2026-04-13,"The Night Manager: Episode #2.6","The Night Manager: Episode #2.6",https://www.imdb.com/title/tt38028385,TV Episode,7.5,,2026,"Drama, Mystery, Thriller, Crime",2550,"2026-02-01","Georgi Banks-Davies"
tt39385531,1,2026-04-13,"Primal: An Echo of Eternity","Primal: An Echo of Eternity",https://www.imdb.com/title/tt39385531,TV Episode,9.1,23,2026,"Animation, Action, Adventure, Drama, Horror, Fantasy",749,"2026-03-15","Genndy Tartakovsky"
tt0050419,7,2026-04-12,"Funny Face","Funny Face",https://www.imdb.com/title/tt0050419,Movie,7.0,103,1957,"Musical, Romance, Comedy",35853,"1957-02-13","Stanley Donen"
tt28797114,6,2026-04-12,"Alpha.","Alpha.",https://www.imdb.com/title/tt28797114,Movie,6.6,100,2024,"Drama, Action, Adventure, Sport",460,"2025-02-13","Jan-Willem van Ewijk"
tt0090103,7,2026-04-11,"The Sure Thing","The Sure Thing",https://www.imdb.com/title/tt0090103,Movie,7.0,95,1985,"Romance, Drama, Comedy",24442,"1985-03-01","Rob Reiner"
tt0059037,7,2026-04-09,"The Cincinnati Kid","The Cincinnati Kid",https://www.imdb.com/title/tt0059037,Movie,7.2,102,1965,"Drama",19834,"1965-10-30","Norman Jewison,Sam Peckinpah"
tt30851137,6,2026-04-09,"The Bride!","The Bride!",https://www.imdb.com/title/tt30851137,Movie,5.6,126,2026,"Drama, Horror, Romance, Sci-Fi",36636,"2026-03-06","Maggie Gyllenhaal"
tt37209937,6,2026-04-08,"Pizza Movie","Pizza Movie",https://www.imdb.com/title/tt37209937,Movie,5.9,97,2026,"Comedy",10806,"2026-04-03","Nick Kocher,Brian McElhaney"
tt0060921,7,2026-04-07,"The Russians Are Coming the Russians Are Coming","The Russians Are Coming the Russians Are Coming",https://www.imdb.com/title/tt0060921,Movie,7.0,126,1966,"War, Comedy",11299,"1966-05-25","Norman Jewison"
tt0051773,7,2026-04-07,"Indiscreet","Indiscreet",https://www.imdb.com/title/tt0051773,Movie,6.8,100,1958,"Romance, Comedy",11284,"1958-07-26","Stanley Donen"
tt0335119,7,2026-04-06,"Girl with a Pearl Earring","Girl with a Pearl Earring",https://www.imdb.com/title/tt0335119,Movie,6.9,100,2003,"Biography, Romance, Drama",84722,"2004-01-30","Peter Webber"
tt32430579,7,2026-04-06,"Crime 101","Crime 101",https://www.imdb.com/title/tt32430579,Movie,6.8,140,2026,"Crime, Thriller, Drama",91512,"2026-02-13","Bart Layton"
tt0086312,6,2026-04-05,"Silkwood","Silkwood",https://www.imdb.com/title/tt0086312,Movie,7.1,131,1983,"Drama, Biography, History, Thriller",24983,"1984-01-27","Mike Nichols"
tt0817177,8,2026-04-04,"Flipped","Flipped",https://www.imdb.com/title/tt0817177,Movie,7.6,90,2010,"Comedy, Drama, Romance",109319,"2010-09-10","Rob Reiner"
tt0097441,7,2026-04-04,"Glory","Glory",https://www.imdb.com/title/tt0097441,Movie,7.8,122,1989,"History, Biography, Drama, War",153790,"1990-02-16","Edward Zwick"
tt0088258,7,2026-03-31,"This Is Spinal Tap","This Is Spinal Tap",https://www.imdb.com/title/tt0088258,Movie,7.9,82,1984,"Music, Comedy",161299,"1984-03-02","Rob Reiner"
tt0427309,6,2026-03-30,"The Great Debaters","The Great Debaters",https://www.imdb.com/title/tt0427309,Movie,7.5,126,2007,"Drama, Biography, Romance",66755,"2007-12-25","Denzel Washington"
tt0477080,7,2026-03-30,"Unstoppable","Unstoppable",https://www.imdb.com/title/tt0477080,Movie,6.8,98,2010,"Action, Thriller",220337,"2010-11-12","Tony Scott"
tt0098635,8,2026-03-30,"When Harry Met Sally...","When Harry Met Sally...",https://www.imdb.com/title/tt0098635,Movie,7.7,95,1989,"Drama, Romance, Comedy",274111,"1989-07-21","Rob Reiner"
tt4357198,5,2026-03-29,"How to Make a Killing","How to Make a Killing",https://www.imdb.com/title/tt4357198,Movie,6.5,105,2026,"Drama, Thriller, Comedy",39317,"2026-02-20","John Patton Ford"
tt38752902,1,2026-03-28,"One Piece: Deer and Loathing in Drum Kingdom","One Piece: Deer and Loathing in Drum Kingdom",https://www.imdb.com/title/tt38752902,TV Episode,8.8,63,2026,"Action, Fantasy, Adventure, Drama, Comedy",7636,"2026-03-10","Lukas Ettlin"
tt27613895,6,2026-03-26,"GOAT","Goat",https://www.imdb.com/title/tt27613895,Movie,6.6,100,2026,"Animation, Sport, Adventure, Comedy, Family",29669,"2026-02-13","Tyree Dillihay,Adam Rosette"
tt15574124,5,2026-03-26,"Peaky Blinders: The Immortal Man","Peaky Blinders: The Immortal Man",https://www.imdb.com/title/tt15574124,Movie,6.5,112,2026,"Crime, Drama, History",87430,"2026-03-20","Tom Harper"
tt0128853,7,2026-03-25,"You've Got Mail","You've Got Mail",https://www.imdb.com/title/tt0128853,Movie,6.7,119,1998,"Drama, Romance, Comedy",247654,"1998-12-18","Nora Ephron"
tt0174856,8,2026-03-24,"The Hurricane","The Hurricane",https://www.imdb.com/title/tt0174856,Movie,7.6,146,1999,"Biography, Sport, Drama",108657,"2000-01-14","Norman Jewison"
tt8036976,7,2026-03-24,"Send Help","Send Help",https://www.imdb.com/title/tt8036976,Movie,6.7,113,2026,"Horror, Thriller, Adventure",146880,"2026-01-30","Sam Raimi"
tt31514146,8,2026-03-24,"I Swear","I Swear",https://www.imdb.com/title/tt31514146,Movie,8.4,120,2025,"Drama, Biography",57633,"2026-04-24","Kirk Jones"
tt36971084,8,2026-03-23,"The Rise of the Red Hot Chili Peppers: Our Brother, Hillel","The Rise of the Red Hot Chili Peppers: Our Brother, Hillel",https://www.imdb.com/title/tt36971084,Movie,7.5,93,2026,"Documentary, History, Music",4372,"2026-03-20","Ben Feldman"
tt0410764,6,2026-03-23,"Tideland","Tideland",https://www.imdb.com/title/tt0410764,Movie,6.3,120,2005,"Drama, Fantasy, Horror",36085,"2006-08-11","Terry Gilliam"
tt0318761,7,2026-03-23,"Thumbsucker","Thumbsucker",https://www.imdb.com/title/tt0318761,Movie,6.5,96,2005,"Comedy, Drama",22590,"2005-10-07","Mike Mills"
tt1477715,7,2026-03-23,"This Is It","Michael Jackson's This Is It",https://www.imdb.com/title/tt1477715,Movie,7.2,111,2009,"Documentary, Music",44120,"2009-10-28","Kenny Ortega"
tt0443701,6,2026-03-23,"The X Files: I Want to Believe","The X Files: I Want to Believe",https://www.imdb.com/title/tt0443701,Movie,5.9,104,2008,"Mystery, Thriller, Drama, Sci-Fi, Horror, Crime, Adventure",97014,"2008-07-25","Chris Carter"
tt0450345,3,2026-03-23,"The Wicker Man","The Wicker Man",https://www.imdb.com/title/tt0450345,Movie,3.8,102,2006,"Mystery, Thriller, Horror",75308,"2006-09-01","Neil LaBute"
tt0327247,4,2026-03-23,"The Whole Ten Yards","The Whole Ten Yards",https://www.imdb.com/title/tt0327247,Movie,5.5,98,2004,"Thriller, Crime, Comedy",60930,"2004-04-09","Howard Deutch"
tt0372532,5,2026-03-23,"The Wedding Date","The Wedding Date",https://www.imdb.com/title/tt0372532,Movie,6.1,90,2005,"Comedy, Romance",59908,"2005-02-04","Clare Kilner"
tt0054389,7,2026-03-23,"Shoot the Piano Player","Tirez sur le pianiste",https://www.imdb.com/title/tt0054389,Movie,7.4,92,1960,"Crime, Drama, Thriller",22001,"1962-07-23","François Truffaut"
tt1280534,6,2026-03-23,"A Boyfriend for My Wife","Un novio para mi mujer",https://www.imdb.com/title/tt1280534,Movie,6.7,100,2008,"Comedy, Romance",4145,"2008-08-14","Juan Taratuto"
tt0370032,4,2026-03-23,"Ultraviolet","Ultraviolet",https://www.imdb.com/title/tt0370032,Movie,4.4,88,2006,"Action, Sci-Fi",86824,"2006-03-03","Kurt Wimmer"
tt0800241,7,2026-03-23,"Transsiberian","Transsiberian",https://www.imdb.com/title/tt0800241,Movie,6.6,111,2008,"Crime, Drama, Thriller, Mystery",56807,"2008-09-05","Brad Anderson"
tt0427968,5,2026-03-23,"Trust the Man","Trust the Man",https://www.imdb.com/title/tt0427968,Movie,5.7,103,2005,"Comedy, Drama, Romance",9047,"2006-09-01","Bart Freundlich"
tt1129442,6,2026-03-23,"Transporter 3","Transporter 3",https://www.imdb.com/title/tt1129442,Movie,6.1,104,2008,"Action, Thriller",186617,"2008-11-26","Olivier Megaton"
tt0988047,7,2026-03-23,"Traitor","Traitor",https://www.imdb.com/title/tt0988047,Movie,6.9,114,2008,"Drama, Thriller, Crime, Action",61056,"2008-08-27","Jeffrey Nachmanoff"
tt0401855,5,2026-03-23,"Underworld: Evolution","Underworld: Evolution",https://www.imdb.com/title/tt0401855,Movie,6.7,106,2006,"Action, Fantasy, Thriller",218885,"2006-01-20","Len Wiseman"
tt0817230,5,2026-03-23,"Valentine's Day","Valentine's Day",https://www.imdb.com/title/tt0817230,Movie,5.8,125,2010,"Comedy, Romance",131628,"2010-02-12","Garry Marshall"
tt0354899,7,2026-03-22,"The Science of Sleep","La science des rêves",https://www.imdb.com/title/tt0354899,Movie,7.2,105,2006,"Comedy, Drama, Romance, Fantasy",72341,"2006-09-29","Michel Gondry"
tt0443632,6,2026-03-22,"The Sentinel","The Sentinel",https://www.imdb.com/title/tt0443632,Movie,6.1,108,2006,"Crime, Thriller, Action",58509,"2006-04-21","Clark Johnson"
tt0462538,7,2026-03-22,"The Simpsons Movie","The Simpsons Movie",https://www.imdb.com/title/tt0462538,Movie,7.3,87,2007,"Animation, Comedy, Adventure",364840,"2007-07-27","David Silverman"
tt0397101,7,2026-03-22,"The Skeleton Key","The Skeleton Key",https://www.imdb.com/title/tt0397101,Movie,6.5,104,2005,"Thriller, Mystery, Horror, Drama",132690,"2005-08-12","Iain Softley"
tt0373861,7,2026-03-22,"The Story of the Weeping Camel","Die Geschichte vom weinenden Kamel",https://www.imdb.com/title/tt0373861,Movie,7.4,93,2003,"Documentary, Drama, Family, Music",6603,"2004-07-16","Byambasuren Davaa,Luigi Falorni"
tt0482606,6,2026-03-22,"The Strangers","The Strangers",https://www.imdb.com/title/tt0482606,Movie,6.1,86,2008,"Horror, Thriller, Mystery",158582,"2008-05-30","Bryan Bertino"
tt1142988,5,2026-03-22,"The Ugly Truth","The Ugly Truth",https://www.imdb.com/title/tt1142988,Movie,6.4,96,2009,"Romance, Comedy",242937,"2009-07-24","Robert Luketic"
tt0815245,6,2026-03-22,"The Uninvited","The Uninvited",https://www.imdb.com/title/tt0815245,Movie,6.3,87,2009,"Drama, Horror, Thriller, Mystery, Fantasy",89909,"2009-01-30","Charles Guard,Thomas Guard"
tt0301976,7,2026-03-22,"The United States of Leland","The United States of Leland",https://www.imdb.com/title/tt0301976,Movie,6.9,108,2003,"Drama",25386,"2005-03-25","Matthew Ryan Hoge"
tt0057427,8,2026-03-22,"The Trial","Le Procès",https://www.imdb.com/title/tt0057427,Movie,7.6,119,1962,"Thriller, Mystery, Drama",27143,"1962-12-21","Orson Welles"
tt0120802,7,2026-03-22,"The Red Violin","Le violon rouge",https://www.imdb.com/title/tt0120802,Movie,7.6,130,1998,"Music, Romance, Drama, Mystery",35874,"1999-06-11","François Girard"
tt0436697,7,2026-03-22,"The Queen","The Queen",https://www.imdb.com/title/tt0436697,Movie,7.3,103,2006,"Biography, Drama",120044,"2006-11-17","Stephen Frears"
tt0395251,6,2026-03-22,"The Producers","The Producers",https://www.imdb.com/title/tt0395251,Movie,6.4,134,2005,"Musical, Comedy, Crime",47307,"2005-12-25","Susan Stroman"
tt0380623,4,2026-03-22,"The Perfect Man","The Perfect Man",https://www.imdb.com/title/tt0380623,Movie,5.5,100,2005,"Comedy, Romance, Family",33346,"2005-06-17","Mark Rosman"
tt0395699,5,2026-03-22,"The Pacifier","The Pacifier",https://www.imdb.com/title/tt0395699,Movie,5.6,95,2005,"Comedy, Action, Family, Drama",107734,"2005-03-04","Adam Shankman"
tt0332280,8,2026-03-22,"The Notebook","The Notebook",https://www.imdb.com/title/tt0332280,Movie,7.8,123,2004,"Romance, Drama",698903,"2004-06-25","Nick Cassavetes"
tt0088323,9,2026-03-22,"The NeverEnding Story","The Neverending Story",https://www.imdb.com/title/tt0088323,Movie,7.3,102,1984,"Drama, Family, Adventure, Fantasy",171970,"1984-07-20","Wolfgang Petersen"
tt0100240,5,2026-03-22,"The NeverEnding Story II: The Next Chapter","The Neverending Story II: The Next Chapter",https://www.imdb.com/title/tt0100240,Movie,5.1,89,1990,"Drama, Adventure, Family, Fantasy",29207,"1991-02-08","George Miller"
tt0762121,6,2026-03-22,"The Nativity Story","The Nativity Story",https://www.imdb.com/title/tt0762121,Movie,6.8,101,2006,"Drama, Family, History, Adventure, Fantasy, Romance",12264,"2006-12-01","Catherine Hardwicke"
tt0489237,6,2026-03-22,"The Nanny Diaries","The Nanny Diaries",https://www.imdb.com/title/tt0489237,Movie,6.2,105,2007,"Comedy, Drama, Romance",68038,"2007-08-24","Shari Springer Berman,Robert Pulcini"
tt0865554,3,2026-03-22,"The Informers","The Informers",https://www.imdb.com/title/tt0865554,Movie,4.9,98,2008,"Drama, Thriller, Crime",18142,"2009-04-24","Gregor Jordan"
tt0460810,6,2026-03-22,"The Great Buck Howard","The Great Buck Howard",https://www.imdb.com/title/tt0460810,Movie,6.4,90,2008,"Comedy, Drama, Adventure",15252,"2009-04-10","Sean McGinly"
tt0811138,3,2026-03-22,"The Love Guru","The Love Guru",https://www.imdb.com/title/tt0811138,Movie,3.8,87,2008,"Comedy, Romance, Sport",57116,"2008-06-20","Marco Schnabel"
tt0095497,8,2026-03-22,"The Last Temptation of Christ","The Last Temptation of Christ",https://www.imdb.com/title/tt0095497,Movie,7.5,164,1988,"Drama",68727,"1988-08-12","Martin Scorsese"
tt0431197,7,2026-03-22,"The Kingdom","The Kingdom",https://www.imdb.com/title/tt0431197,Movie,7.0,110,2007,"Drama, Thriller, Action",137971,"2007-09-28","Peter Berg"
tt0492835,6,2026-03-22,"The King and the Clown","Wang-ui namja",https://www.imdb.com/title/tt0492835,Movie,7.3,119,2005,"Drama, History",6347,"2005-12-29","Lee Joon-ik"
tt0468492,9,2026-03-22,"The Host","Goemool",https://www.imdb.com/title/tt0468492,Movie,7.1,120,2006,"Horror, Sci-Fi, Drama",144148,"2007-03-30","Bong Joon Ho"
tt0406816,6,2026-03-22,"The Guardian","The Guardian",https://www.imdb.com/title/tt0406816,Movie,6.9,139,2006,"Drama, Adventure",103854,"2006-09-29","Andrew Davis"
tt0815178,4,2026-03-22,"The Life Before Her Eyes","The Life Before Her Eyes",https://www.imdb.com/title/tt0815178,Movie,6.2,90,2007,"Drama, Thriller, Mystery, Fantasy",15371,"2008-09-05","Vadim Perelman"
tt0348593,7,2026-03-22,"The Door in the Floor","The Door in the Floor",https://www.imdb.com/title/tt0348593,Movie,6.6,111,2004,"Comedy, Drama",16697,"2004-08-06","Tod Williams"
tt0458364,5,2026-03-22,"The Ex","Fast Track",https://www.imdb.com/title/tt0458364,Movie,5.5,89,2006,"Comedy, Romance",18811,"2007-05-11","Jesse Peretz"
tt0356680,6,2026-03-22,"The Family Stone","The Family Stone",https://www.imdb.com/title/tt0356680,Movie,6.3,103,2005,"Romance, Drama, Comedy",90745,"2005-12-16","Thomas Bezucha"
tt0473356,5,2026-03-22,"The Flock","The Flock",https://www.imdb.com/title/tt0473356,Movie,5.7,96,2007,"Crime, Drama, Thriller, Mystery",12861,"2007-08-04","Wai Keung Lau"
tt0385752,6,2026-03-22,"The Golden Compass","The Golden Compass",https://www.imdb.com/title/tt0385752,Movie,6.1,113,2007,"Fantasy, Adventure, Family",204450,"2007-12-07","Chris Weitz"
tt0819714,6,2026-03-22,"The Edge of Love","The Edge of Love",https://www.imdb.com/title/tt0819714,Movie,6.1,110,2008,"Biography, Drama, Romance, War",20079,"2008-06-20","John Maybury"
tt0265208,6,2026-03-22,"The Girl Next Door","The Girl Next Door",https://www.imdb.com/title/tt0265208,Movie,6.7,109,2004,"Drama, Romance, Comedy",265991,"2004-04-09","Luke Greenfield"
tt0384806,5,2026-03-22,"The Amityville Horror","The Amityville Horror",https://www.imdb.com/title/tt0384806,Movie,5.9,90,2005,"Horror",123169,"2005-04-15","Andrew Douglas"
tt0402850,5,2026-03-22,"The Big White","The Big White",https://www.imdb.com/title/tt0402850,Movie,6.3,100,2005,"Comedy, Drama, Crime",16071,"2005-12-03","Mark Mylod"
tt0926380,7,2026-03-22,"The Boys Are Back","The Boys Are Back",https://www.imdb.com/title/tt0926380,Movie,6.8,104,2009,"Drama",10676,"2009-11-12","Scott Hicks"
tt0476964,6,2026-03-22,"The Brave One","The Brave One",https://www.imdb.com/title/tt0476964,Movie,6.7,122,2007,"Crime, Drama, Thriller",68061,"2007-09-14","Neil Jordan"
tt0452594,5,2026-03-22,"The Break-Up","The Break-Up",https://www.imdb.com/title/tt0452594,Movie,5.8,106,2006,"Comedy, Romance, Drama",147607,"2006-06-02","Peyton Reed"
tt0402901,5,2026-03-22,"The Cave","The Cave",https://www.imdb.com/title/tt0402901,Movie,5.2,97,2005,"Horror, Adventure, Thriller, Sci-Fi",44426,"2005-08-26","Bruce Hunt"
tt0499448,6,2026-03-22,"The Chronicles of Narnia: Prince Caspian","The Chronicles of Narnia: Prince Caspian",https://www.imdb.com/title/tt0499448,Movie,6.5,150,2008,"Adventure, Fantasy, Action, Family",240968,"2008-05-16","Andrew Adamson"
tt0200465,7,2026-03-22,"The Bank Job","The Bank Job",https://www.imdb.com/title/tt0200465,Movie,7.2,111,2008,"Thriller, Crime",197952,"2008-03-07","Roger Donaldson"
tt0989760,5,2026-03-22,"Suspension","Suspension",https://www.imdb.com/title/tt0989760,Movie,5.1,95,2008,"Action, Drama, Fantasy, Thriller, Sci-Fi",1348,"2008","Alec Joler,Ethan Shaftel"
tt0446046,6,2026-03-22,"Take the Lead","Take the Lead",https://www.imdb.com/title/tt0446046,Movie,6.6,118,2006,"Drama, Music",27607,"2006-04-07","Liz Friedlander"
tt0181852,6,2026-03-22,"Terminator 3: Rise of the Machines","Terminator 3: Rise of the Machines",https://www.imdb.com/title/tt0181852,Movie,6.3,109,2003,"Sci-Fi, Action",439512,"2003-07-02","Jonathan Mostow"
tt1186370,5,2026-03-22,"Spread","Spread",https://www.imdb.com/title/tt1186370,Movie,5.8,97,2009,"Drama, Romance, Comedy",43510,"2009-07-08","David Mackenzie"
tt0287717,5,2026-03-22,"Spy Kids 2: Island of Lost Dreams","Spy Kids 2: Island of Lost Dreams",https://www.imdb.com/title/tt0287717,Movie,5.3,100,2002,"Action, Sci-Fi, Family, Comedy, Adventure",78298,"2002-08-07","Robert Rodriguez"
tt0976246,6,2026-03-22,"Little New York","Staten Island",https://www.imdb.com/title/tt0976246,Movie,5.9,96,2009,"Drama, Crime, Comedy",5526,"2009-08-05","James DeMonaco"
tt0462590,6,2026-03-22,"Step Up","Step Up",https://www.imdb.com/title/tt0462590,Movie,6.5,104,2006,"Drama, Music, Romance, Crime",135174,"2006-08-11","Anne Fletcher"
tt1023481,5,2026-03-22,"Step Up 2: The Streets","Step Up 2 the Streets",https://www.imdb.com/title/tt1023481,Movie,6.2,98,2008,"Drama, Romance, Music",91474,"2008-02-14","Jon M. Chu"
tt0376215,6,2026-03-22,"Strip Search","Strip Search",https://www.imdb.com/title/tt0376215,TV Movie,6.1,120,2004,"Drama",2086,"2004-04-27","Sidney Lumet"
tt0976247,4,2026-03-22,"Surfer, Dude","Surfer, Dude",https://www.imdb.com/title/tt0976247,Movie,4.6,85,2008,"Comedy",9548,"2008-09-05","S.R. Bindler"
tt0986263,5,2026-03-22,"Surrogates","Surrogates",https://www.imdb.com/title/tt0986263,Movie,6.3,89,2009,"Action, Sci-Fi, Thriller",185492,"2009-09-25","Jonathan Mostow"
tt0044079,8,2026-03-22,"Strangers on a Train","Strangers on a Train",https://www.imdb.com/title/tt0044079,Movie,7.9,101,1951,"Crime, Film-Noir, Drama, Thriller",148775,"1951-06-30","Alfred Hitchcock"
tt0345950,7,2026-03-22,"The SpongeBob SquarePants Movie","The SpongeBob SquarePants Movie",https://www.imdb.com/title/tt0345950,Movie,7.2,87,2004,"Animation, Adventure, Fantasy, Family, Comedy",112554,"2004-11-19","Stephen Hillenburg"
tt0166813,7,2026-03-22,"Spirit: Stallion of the Cimarron","Spirit: Stallion of the Cimarron",https://www.imdb.com/title/tt0166813,Movie,7.2,83,2002,"Animation, Adventure, Western, Drama, Family",95032,"2002-05-24","Kelly Asbury,Lorna Cook"
tt0360009,6,2026-03-22,"Spartan","Spartan",https://www.imdb.com/title/tt0360009,Movie,6.5,106,2004,"Thriller, Crime, Drama, Mystery, Action",33280,"2004-03-12","David Mamet"
tt0337741,7,2026-03-22,"Something's Gotta Give","Something's Gotta Give",https://www.imdb.com/title/tt0337741,Movie,6.8,128,2003,"Drama, Romance, Comedy",140407,"2003-12-12","Nancy Meyers"
tt0475394,7,2026-03-22,"Smokin' Aces","Smokin' Aces",https://www.imdb.com/title/tt0475394,Movie,6.6,109,2006,"Action, Crime, Thriller, Drama, Comedy",158367,"2007-01-26","Joe Carnahan"
tt0494834,6,2026-03-22,"Silk","Silk",https://www.imdb.com/title/tt0494834,Movie,5.8,107,2007,"Drama, Romance",12094,"2007-09-21","François Girard"
tt0384537,5,2026-03-22,"Silent Hill","Silent Hill",https://www.imdb.com/title/tt0384537,Movie,6.5,125,2006,"Horror, Mystery",262537,"2006-04-21","Christophe Gans"
tt0386032,8,2026-03-22,"Sicko","Sicko",https://www.imdb.com/title/tt0386032,Movie,8.0,123,2007,"Documentary, Drama",78215,"2007-07-03","Michael Moore"
tt0450843,5,2026-03-22,"Satan","Sheitan",https://www.imdb.com/title/tt0450843,Movie,5.6,95,2006,"Thriller, Horror, Comedy",9981,"2006-02-01","Kim Chapiron"
tt0358135,5,2026-03-22,"Shall We Dance?","Shall We Dance?",https://www.imdb.com/title/tt0358135,Movie,6.2,106,2004,"Comedy, Music, Romance, Drama",52963,"2004-10-15","Peter Chelsom"
tt1000774,5,2026-03-22,"Sex and the City","Sex and the City",https://www.imdb.com/title/tt1000774,Movie,5.7,145,2008,"Comedy, Romance, Drama",133907,"2008-05-30","Michael Patrick King"
tt0814314,7,2026-03-22,"Seven Pounds","Seven Pounds",https://www.imdb.com/title/tt0814314,Movie,7.6,123,2008,"Drama, Mystery, Thriller",327219,"2008-12-19","Gabriele Muccino"
tt0489270,6,2026-03-22,"Saw III","Saw III",https://www.imdb.com/title/tt0489270,Movie,6.2,108,2006,"Horror, Mystery, Thriller",229956,"2006-10-27","Darren Lynn Bousman"
tt0318034,7,2026-03-22,"Russian Ark","Russkiy kovcheg",https://www.imdb.com/title/tt0318034,Movie,7.2,99,2002,"History, Mystery, Drama, Fantasy",23139,"2003-04-19","Aleksandr Sokurov"
tt0425413,6,2026-03-22,"Run Fatboy Run","Run Fatboy Run",https://www.imdb.com/title/tt0425413,Movie,6.5,100,2007,"Comedy, Sport, Romance",71906,"2008-03-28","David Schwimmer"
tt0398375,5,2026-03-22,"Rumor Has It...","Rumor Has It...",https://www.imdb.com/title/tt0398375,Movie,5.5,97,2005,"Comedy, Romance, Drama",66043,"2005-12-25","Rob Reiner"
tt0405393,7,2026-03-22,"Rudo y Cursi","Rudo y Cursi",https://www.imdb.com/title/tt0405393,Movie,6.8,103,2008,"Drama, Comedy, Sport",9742,"2009-05-15","Carlos Cuarón"
tt1034331,6,2026-03-22,"Righteous Kill","Righteous Kill",https://www.imdb.com/title/tt1034331,Movie,6.0,101,2008,"Crime, Mystery, Thriller",96399,"2008-09-12","Jon Avnet"
tt0397619,7,2026-03-22,"Samaritan Girl","Samaria",https://www.imdb.com/title/tt0397619,Movie,7.0,97,2004,"Drama",14521,"2004-03-05","Kim Ki-duk"
tt14445106,7,2026-03-22,"Pumas de Bronce, Corazon de Oro","Pumas de Bronce, Corazon de Oro",https://www.imdb.com/title/tt14445106,TV Movie,null,115,2007,"Documentary",0,"2007-12-19","Camilo Antolini"
tt0289765,7,2026-03-22,"Red Dragon","Red Dragon",https://www.imdb.com/title/tt0289765,Movie,7.2,124,2002,"Drama, Crime, Thriller",313403,"2002-10-04","Brett Ratner"
tt0822849,6,2026-03-22,"Rails & Ties","Rails & Ties",https://www.imdb.com/title/tt0822849,Movie,6.7,101,2007,"Drama",4427,"2008-04-18","Alison Eastwood"
tt0087968,7,2026-03-22,"Racing with the Moon","Racing with the Moon",https://www.imdb.com/title/tt0087968,Movie,6.6,108,1984,"Romance, Drama, Comedy",5678,"1984-03-23","Richard Benjamin"
tt0465580,6,2026-03-22,"Push","Push",https://www.imdb.com/title/tt0465580,Movie,6.1,111,2009,"Sci-Fi, Thriller, Action",119969,"2009-02-06","Paul McGuigan"
tt0841150,7,2026-03-22,"Protégé","Moon to",https://www.imdb.com/title/tt0841150,Movie,7.2,106,2007,"Thriller, Crime, Drama",6189,"2007-02-13","Derek Tung-Sing Yee"
tt0482572,7,2026-03-22,"Pride and Glory","Pride and Glory",https://www.imdb.com/title/tt0482572,Movie,6.6,130,2008,"Drama, Crime, Thriller",65782,"2008-10-24","Gavin O'Connor"
tt0387514,6,2026-03-22,"Prime","Prime",https://www.imdb.com/title/tt0387514,Movie,6.2,105,2005,"Comedy, Romance, Drama",43675,"2005-10-28","Ben Younger"
tt0084503,8,2026-03-22,"Pink Floyd: The Wall","Pink Floyd: The Wall",https://www.imdb.com/title/tt0084503,Movie,8.0,95,1982,"Fantasy, Music, Drama",90409,"1982-09-17","Alan Parker"
tt0929632,8,2026-03-22,"Precious","Precious",https://www.imdb.com/title/tt0929632,Movie,7.3,110,2009,"Drama",121687,"2009-11-20","Lee Daniels"
tt1032819,6,2026-03-22,"Powder Blue","Powder Blue",https://www.imdb.com/title/tt1032819,Movie,6.2,106,2009,"Drama, Action, Crime",15785,"2009-10-15","Timothy Linh Bui"
tt0273982,6,2026-03-22,"Poolhall Junkies","Poolhall Junkies",https://www.imdb.com/title/tt0273982,Movie,6.8,99,2002,"Comedy, Sport, Drama, Thriller",11605,"2003-02-28","Mars Callahan"
tt1077258,7,2026-03-22,"Planet Terror","Planet Terror",https://www.imdb.com/title/tt1077258,Movie,7.0,105,2007,"Horror, Comedy, Action, Thriller",234343,"2007-04-06","Robert Rodriguez"
tt0419280,6,2026-03-22,"Premonition","Yogen",https://www.imdb.com/title/tt0419280,Movie,6.2,95,2004,"Horror",4860,"2004-10-02","Norio Tsuruta"
tt0431308,7,2026-03-22,"P.S. I Love You","P.S. I Love You",https://www.imdb.com/title/tt0431308,Movie,7.0,126,2007,"Drama, Romance, Comedy",226552,"2007-12-21","Richard LaGravenese"
tt0964539,6,2026-03-22,"Pathology","Pathology",https://www.imdb.com/title/tt0964539,Movie,5.9,95,2008,"Crime, Thriller, Horror",34811,"2008-04-11","Marc Schölermann"
tt0438315,6,2026-03-22,"Peaceful Warrior","Peaceful Warrior",https://www.imdb.com/title/tt0438315,Movie,7.2,120,2006,"Drama, Sport, Romance",31744,"2006-06-23","Victor Salva"
tt0472160,6,2026-03-22,"Penelope","Penelope",https://www.imdb.com/title/tt0472160,Movie,6.7,104,2006,"Comedy, Fantasy, Romance",69610,"2008-02-29","Mark Palansky"
tt0814255,5,2026-03-22,"Percy Jackson & the Olympians: The Lightning Thief","Percy Jackson & the Olympians: The Lightning Thief",https://www.imdb.com/title/tt0814255,Movie,5.9,118,2010,"Fantasy, Adventure, Family",217372,"2010-02-12","Chris Columbus"
tt0446013,4,2026-03-22,"Pathfinder","Pathfinder",https://www.imdb.com/title/tt0446013,Movie,5.4,99,2007,"Adventure, Drama, Action, War",47858,"2007-04-13","Marcus Nispel"
tt1188729,6,2026-03-22,"Pandorum","Pandorum",https://www.imdb.com/title/tt1188729,Movie,6.7,108,2009,"Sci-Fi, Thriller, Action, Horror, Mystery",168915,"2009-09-25","Christian Alvart"
tt1179904,7,2026-03-22,"Paranormal Activity","Paranormal Activity",https://www.imdb.com/title/tt1179904,Movie,6.3,86,2007,"Horror, Mystery",273778,"2009-10-16","Oren Peli"
tt0804516,6,2026-03-22,"P2","P2",https://www.imdb.com/title/tt0804516,Movie,5.9,98,2007,"Thriller, Horror, Crime",39387,"2007-11-09","Franck Khalfoun"
tt0380599,7,2026-03-22,"Oliver Twist","Oliver Twist",https://www.imdb.com/title/tt0380599,Movie,6.8,130,2005,"Drama, Crime",35805,"2005-09-30","Roman Polanski"
tt0351461,7,2026-03-22,"Noi the Albino","Nói albinói",https://www.imdb.com/title/tt0351461,Movie,7.3,93,2003,"Comedy, Drama",9870,"2003-02-28","Dagur Kári"
tt0481141,6,2026-03-22,"No Reservations","No Reservations",https://www.imdb.com/title/tt0481141,Movie,6.4,104,2007,"Drama, Romance, Comedy",85392,"2007-07-27","Scott Hicks"
tt0435705,5,2026-03-22,"Next","Next",https://www.imdb.com/title/tt0435705,Movie,6.2,96,2007,"Sci-Fi, Action, Thriller",175894,"2007-04-27","Lee Tamahori"
tt1097013,5,2026-03-22,"Next Day Air","Next Day Air",https://www.imdb.com/title/tt1097013,Movie,5.7,84,2009,"Crime, Action, Comedy",11492,"2009-05-08","Benny Boom"
tt0420015,7,2026-03-22,"Nine Lives","Nine Lives",https://www.imdb.com/title/tt0420015,Movie,6.7,115,2005,"Drama",7393,"2005-09-02","Rodrigo García"
tt0337930,6,2026-03-22,"Nicotina","Nicotina",https://www.imdb.com/title/tt0337930,Movie,6.5,90,2003,"Drama, Action, Crime, Comedy",3911,"2004-08-20","Hugo Rodríguez"
tt0018217,7,2026-03-22,"October (Ten Days that Shook the World)","Oktyabr",https://www.imdb.com/title/tt0018217,Movie,7.4,95,1928,"History, Drama",9067,"1928-09-24","Grigoriy Aleksandrov,Sergei Eisenstein"
tt34381258,7,2026-03-22,"Heel","Good Boy",https://www.imdb.com/title/tt34381258,Movie,6.8,110,2025,"Thriller, Drama, Mystery, Crime, Horror",15384,"2026-03-06","Jan Komasa"
tt36298902,1,2026-03-22,"Solo Leveling: On to the Next Target","Ore dake reberu appu na ken: On to the Next Target",https://www.imdb.com/title/tt36298902,TV Episode,9.0,24,2025,"Animation, Action, Fantasy, Adventure",10420,"2025-03-29","Shunsuke Nakashige"
tt1095174,5,2026-03-21,"New in Town","New in Town",https://www.imdb.com/title/tt1095174,Movie,5.7,97,2009,"Comedy, Romance",26578,"2009-01-30","Jonas Elmer"
tt0465624,5,2026-03-21,"My Super Ex-Girlfriend","My Super Ex-Girlfriend",https://www.imdb.com/title/tt0465624,Movie,5.2,96,2006,"Comedy, Romance, Sci-Fi",69764,"2006-07-21","Ivan Reitman"
tt1185431,6,2026-03-21,"My One and Only","My One and Only",https://www.imdb.com/title/tt1185431,Movie,6.5,108,2009,"Comedy, Drama, Adventure, Biography, Romance",10054,"2009-09-25","Richard Loncraine"
tt0417001,5,2026-03-21,"Must Love Dogs","Must Love Dogs",https://www.imdb.com/title/tt0417001,Movie,6.0,98,2005,"Comedy, Romance",34410,"2005-07-29","Gary David Goldberg"
tt0457510,5,2026-03-21,"Nacho Libre","Nacho Libre",https://www.imdb.com/title/tt0457510,Movie,5.9,92,2006,"Comedy, Sport, Family",103310,"2006-06-16","Jared Hess"
tt0758766,6,2026-03-21,"Music and Lyrics","Music and Lyrics",https://www.imdb.com/title/tt0758766,Movie,6.5,104,2007,"Comedy, Romance, Music",111910,"2007-02-14","Marc Lawrence"
tt0780571,7,2026-03-21,"Mr. Brooks","Mr. Brooks",https://www.imdb.com/title/tt0780571,Movie,7.2,120,2007,"Drama, Thriller, Crime, Mystery",164218,"2007-06-01","Bruce A. Evans"
tt0790686,6,2026-03-21,"Mirrors","Mirrors",https://www.imdb.com/title/tt0790686,Movie,6.1,110,2008,"Horror, Mystery",119919,"2008-08-15","Alexandre Aja"
tt0064665,8,2026-03-21,"Midnight Cowboy","Midnight Cowboy",https://www.imdb.com/title/tt0064665,Movie,7.8,113,1969,"Drama",132329,"1969-05-25","John Schlesinger"
tt0297284,5,2026-03-21,"Mindhunters","Mindhunters",https://www.imdb.com/title/tt0297284,Movie,6.3,106,2004,"Crime, Horror, Thriller",68999,"2005-05-13","Renny Harlin"
tt0467197,4,2026-03-21,"Max Payne","Max Payne",https://www.imdb.com/title/tt0467197,Movie,5.3,100,2008,"Crime, Drama, Thriller, Action, Mystery",134652,"2008-10-17","John Moore"
tt0370904,6,2026-03-21,"Lucky 7","Lucky 7",https://www.imdb.com/title/tt0370904,TV Movie,6.6,95,2003,"Romance, Comedy",3294,"2003-07-20","Harry Winer"
tt0338216,5,2026-03-21,"Lucky You","Lucky You",https://www.imdb.com/title/tt0338216,Movie,5.9,124,2007,"Drama, Sport, Romance",21687,"2007-05-04","Curtis Hanson"
tt0866439,5,2026-03-21,"Made of Honor","Made of Honor",https://www.imdb.com/title/tt0866439,Movie,5.9,101,2008,"Comedy, Romance",81248,"2008-05-02","Paul Weiland"
tt0328107,7,2026-03-21,"Man on Fire","Man on Fire",https://www.imdb.com/title/tt0328107,Movie,7.7,146,2004,"Thriller, Drama, Crime, Action",424578,"2004-04-23","Tony Scott"
tt0397530,6,2026-03-21,"Man to Man","Man to Man",https://www.imdb.com/title/tt0397530,Movie,6.5,122,2005,"Drama",2200,"2005-04-13","Régis Wargnier"
tt0415965,6,2026-03-21,"Martian Child","Martian Child",https://www.imdb.com/title/tt0415965,Movie,6.7,106,2007,"Drama, Family, Comedy",21509,"2007-11-02","Menno Meyjes"
tt0459883,5,2026-03-21,"Lifting de corazón","Lifting de corazón",https://www.imdb.com/title/tt0459883,Movie,5.9,93,2005,"Comedy, Drama, Romance",227,"2006-03-03","Eliseo Subiela"
tt0891527,6,2026-03-21,"Lions for Lambs","Lions for Lambs",https://www.imdb.com/title/tt0891527,Movie,6.2,92,2007,"War, Drama, Thriller, Crime, Mystery",57095,"2007-11-09","Robert Redford"
tt0762114,4,2026-03-21,"License to Wed","License to Wed",https://www.imdb.com/title/tt0762114,Movie,5.3,91,2007,"Comedy, Romance",42674,"2007-07-03","Ken Kwapis"
tt0441774,6,2026-03-21,"Lonely Hearts","Lonely Hearts",https://www.imdb.com/title/tt0441774,Movie,6.4,108,2006,"Crime, Drama, Thriller, Romance, Biography, History",23303,"2006-10-20","Todd Robinson"
tt0430304,3,2026-03-21,"Little Man","Little Man",https://www.imdb.com/title/tt0430304,Movie,4.6,98,2006,"Comedy, Crime",66805,"2006-07-14","Keenen Ivory Wayans"
tt0100054,6,2026-03-21,"Lord of the Flies","Lord of the Flies",https://www.imdb.com/title/tt0100054,Movie,6.4,90,1990,"Drama, Thriller, Adventure",35866,"1990-03-16","Harry Hook"
tt0046521,8,2026-03-21,"I Vitelloni","I vitelloni",https://www.imdb.com/title/tt0046521,Movie,7.8,104,1953,"Comedy, Drama",23398,"1956-11-07","Federico Fellini"
tt0489751,7,2026-03-21,"Las manos","Las manos",https://www.imdb.com/title/tt0489751,Movie,6.9,119,2006,"Drama",324,"2006-08-10","Alejandro Doria"
tt0430164,7,2026-03-21,"The Baby's Room","Películas para no dormir: La habitación del niño",https://www.imdb.com/title/tt0430164,TV Movie,6.8,77,2006,"Horror, Mystery, Thriller",5952,"2007-01-12","Álex de la Iglesia"
tt0300270,7,2026-03-21,"The Holy Girl","La niña santa",https://www.imdb.com/title/tt0300270,Movie,6.8,106,2004,"Drama",4747,"2004-05-06","Lucrecia Martel"
tt0346336,8,2026-03-21,"The Best of Youth","La meglio gioventù",https://www.imdb.com/title/tt0346336,Movie,8.4,374,2003,"Romance, Drama",28604,"2003-06-20","Marco Tullio Giordana"
tt1197624,6,2026-03-21,"Law Abiding Citizen","Law Abiding Citizen",https://www.imdb.com/title/tt1197624,Movie,7.4,109,2009,"Drama, Thriller, Crime, Action",348008,"2009-10-16","F. Gary Gray"
tt1206488,7,2026-03-21,"The Milk of Sorrow","La teta asustada",https://www.imdb.com/title/tt1206488,Movie,6.7,94,2009,"Drama, Music",7707,"2009-02-13","Claudia Llosa"
tt0425123,6,2026-03-21,"Just Like Heaven","Just Like Heaven",https://www.imdb.com/title/tt0425123,Movie,6.7,95,2005,"Comedy, Romance, Fantasy, Drama",127810,"2005-09-16","Mark Waters"
tt0070250,7,2026-03-21,"Juan Moreira","Juan Moreira",https://www.imdb.com/title/tt0070250,Movie,7.4,102,1973,"History, Western, Drama, Adventure",609,"1973-05-24","Leonardo Favio"
tt0349260,6,2026-03-21,"In My Country","Country of My Skull",https://www.imdb.com/title/tt0349260,Movie,6.0,105,2004,"Romance, Drama",3077,"2004-05-07","John Boorman"
tt0435100,7,2026-03-21,"Karol, un uomo diventato Papa","Karol, un uomo diventato Papa",https://www.imdb.com/title/tt0435100,TV Movie,7.0,186,2005,"Drama, Biography",3033,"2005-08-15","Giacomo Battiato"
tt0271027,7,2026-03-21,"Kiss of the Dragon","Kiss of the Dragon",https://www.imdb.com/title/tt0271027,Movie,6.6,98,2001,"Crime, Thriller, Action",70048,"2001-07-06","Chris Nahon"
tt0063850,7,2026-03-21,"If....","If....",https://www.imdb.com/title/tt0063850,Movie,7.4,111,1968,"Crime, Drama",26585,"1969-05-21","Lindsay Anderson"
tt1068649,8,2026-03-21,"I've Loved You So Long","Il y a longtemps que je t'aime",https://www.imdb.com/title/tt1068649,Movie,7.6,117,2008,"Drama",21109,"2009-02-20","Philippe Claudel"
tt0853112,7,2026-03-21,"Fuerza aérea sociedad anónima","Fuerza aérea sociedad anónima",https://www.imdb.com/title/tt0853112,Movie,7.7,84,2006,"Documentary",484,"2006-08-31","Enrique Piñeyro"
tt0762107,5,2026-03-21,"I Now Pronounce You Chuck & Larry","I Now Pronounce You Chuck & Larry",https://www.imdb.com/title/tt0762107,Movie,5.9,115,2007,"Comedy, Romance",161839,"2007-07-20","Dennis Dugan"
tt0220726,7,2026-03-21,"Human Resources","Ressources humaines",https://www.imdb.com/title/tt0220726,Movie,7.2,100,1999,"Comedy, Drama",2966,"2000-01-15","Laurent Cantet"
tt0251736,6,2026-03-21,"House of 1000 Corpses","House of 1000 Corpses",https://www.imdb.com/title/tt0251736,Movie,6.0,89,2003,"Horror",100885,"2003-04-11","Rob Zombie"
tt0332136,7,2026-03-21,"If Only","If Only",https://www.imdb.com/title/tt0332136,Movie,7.0,92,2004,"Fantasy, Romance, Drama, Comedy",35395,"2004-07-15","Gil Junger"
tt0385267,6,2026-03-21,"In Good Company","In Good Company",https://www.imdb.com/title/tt0385267,Movie,6.4,109,2004,"Comedy, Drama, Romance",58106,"2005-01-14","Paul Weitz"
tt0388125,6,2026-03-21,"In Her Shoes","In Her Shoes",https://www.imdb.com/title/tt0388125,Movie,6.5,130,2005,"Drama, Comedy, Romance",69533,"2005-10-07","Curtis Hanson"
tt0113409,6,2026-03-21,"In the Mouth of Madness","In the Mouth of Madness",https://www.imdb.com/title/tt0113409,Movie,7.1,95,1994,"Mystery, Thriller, Drama, Fantasy, Horror",91078,"1995-02-03","John Carpenter"
tt0338097,6,2026-03-21,"Head in the Clouds","Head in the Clouds",https://www.imdb.com/title/tt0338097,Movie,6.5,132,2004,"War, Romance, Drama",16515,"2004-10-30","John Duigan"
tt0340163,6,2026-03-21,"Hostage","Hostage",https://www.imdb.com/title/tt0340163,Movie,6.5,113,2005,"Crime, Drama, Thriller, Action",116687,"2005-03-11","Florent-Emilio Siri"
tt0482088,7,2026-03-21,"Priceless","Hors de prix",https://www.imdb.com/title/tt0482088,Movie,7.0,106,2006,"Comedy, Romance",34401,"2008-04-11","Pierre Salvadori"
tt0465494,4,2026-03-21,"Hitman","Hitman",https://www.imdb.com/title/tt0465494,Movie,6.2,89,2007,"Action, Thriller, Crime",187541,"2007-11-21","Xavier Gens"
tt0810900,5,2026-03-21,"High School Musical 2","High School Musical 2",https://www.imdb.com/title/tt0810900,TV Movie,5.3,104,2007,"Musical, Family, Comedy, Romance, Drama, Music",72809,"2007-08-17","Kenny Ortega"
tt0475293,6,2026-03-21,"High School Musical","High School Musical",https://www.imdb.com/title/tt0475293,TV Movie,5.7,98,2006,"Musical, Comedy, Family, Romance, Drama, Music",106486,"2006-01-20","Kenny Ortega"
tt0308353,3,2026-03-21,"Happily N'Ever After","Happily N'Ever After",https://www.imdb.com/title/tt0308353,Movie,4.5,87,2006,"Animation, Fantasy, Adventure, Family, Comedy",11654,"2007-01-05","Paul Bolger,Yvette Kaplan,Dino Athanassiou"
tt0372237,5,2026-03-21,"Guess Who","Guess Who",https://www.imdb.com/title/tt0372237,Movie,5.9,105,2005,"Comedy, Romance",49640,"2005-03-25","Kevin Rodney Sullivan"
tt0212985,6,2026-03-21,"Hannibal","Hannibal",https://www.imdb.com/title/tt0212985,Movie,6.8,131,2001,"Crime, Drama, Thriller",315691,"2001-02-09","Ridley Scott"
tt0473360,5,2026-03-21,"Goal II: Living the Dream","Goal II: Living the Dream",https://www.imdb.com/title/tt0473360,Movie,5.8,115,2007,"Drama, Sport",35596,"2008-08-29","Jaume Collet-Serra"
tt1201167,6,2026-03-21,"Funny People","Funny People",https://www.imdb.com/title/tt1201167,Movie,6.3,146,2009,"Comedy, Drama",127665,"2009-07-31","Judd Apatow"
tt1179034,5,2026-03-21,"From Paris with Love","From Paris with Love",https://www.imdb.com/title/tt1179034,Movie,6.4,92,2010,"Action, Thriller, Crime",127966,"2010-02-05","Pierre Morel"
tt0436331,6,2026-03-21,"Friends with Money","Friends with Money",https://www.imdb.com/title/tt0436331,Movie,5.8,88,2006,"Drama, Romance, Comedy",33619,"2006-04-21","Nicole Holofcener"
tt0349467,5,2026-03-21,"Freedomland","Freedomland",https://www.imdb.com/title/tt0349467,Movie,5.2,113,2006,"Crime, Mystery, Thriller, Drama",17944,"2006-02-17","Joe Roth"
tt0463998,7,2026-03-21,"Freedom Writers","Freedom Writers",https://www.imdb.com/title/tt0463998,Movie,7.6,123,2007,"Drama, Crime, Biography",93395,"2007-01-05","Richard LaGravenese"
tt0948547,5,2026-03-21,"Winged Creatures","Winged Creatures",https://www.imdb.com/title/tt0948547,Movie,5.6,100,2008,"Crime, Drama",7682,"2009-02-26","Rowan Woods"
tt0074252,8,2026-03-21,"Ugly, Dirty and Bad","Brutti, sporchi e cattivi",https://www.imdb.com/title/tt0074252,Movie,7.7,115,1976,"Drama, Comedy",9877,"1976-09-23","Ettore Scola"
tt0408790,6,2026-03-21,"Flightplan","Flightplan",https://www.imdb.com/title/tt0408790,Movie,6.3,98,2005,"Thriller, Mystery, Drama",186302,"2005-09-23","Robert Schwentke"
tt1238291,6,2026-03-21,"Five Minutes of Heaven","Five Minutes of Heaven",https://www.imdb.com/title/tt1238291,Movie,6.5,89,2009,"Drama, Thriller",13615,"2009-02-27","Oliver Hirschbiegel"
tt0446059,7,2026-03-21,"Fearless","Huo Yuan Jia",https://www.imdb.com/title/tt0446059,Movie,7.5,104,2006,"Action, Drama, Biography",81670,"2006-09-22","Ronny Yu"
tt0056801,9,2026-03-21,"8½","8½",https://www.imdb.com/title/tt0056801,Movie,8.0,138,1963,"Drama",133442,"1963-06-24","Federico Fellini"
tt36956820,6,2026-03-21,"The Girl Who Cried Pearls","The Girl Who Cried Pearls",https://www.imdb.com/title/tt36956820,Short,7.3,17,2025,"Animation, Short, Drama, Fantasy, Romance",3110,"2026-03-26","Chris Lavis,Maciek Szczerbowski"
tt35515733,7,2026-03-21,"Armed Only with a Camera: The Life and Death of Brent Renaud","Armed Only with a Camera: The Life and Death of Brent Renaud",https://www.imdb.com/title/tt35515733,Short,7.0,37,2025,"Documentary, Short, War",2232,"2025-10-21","Brent Renaud,Craig Renaud"
tt3592032,9,2026-03-20,"Ping Pong the Animation","Ping Pong the Animation",https://www.imdb.com/title/tt3592032,TV Mini Series,8.6,23,2014,"Animation, Drama, Sport",6408,"2014-04-10",
tt37798645,7,2026-03-18,"All the Empty Rooms","All the Empty Rooms",https://www.imdb.com/title/tt37798645,Short,7.5,34,2025,"Documentary, Short",4608,"2025-12-01","Joshua Seftel"
tt33508491,7,2026-03-18,"The Singers","The Singers",https://www.imdb.com/title/tt33508491,Short,7.2,18,2025,"Musical, Short, Comedy, Drama, Music",8154,"2026-02-13","Sam A. Davis"
tt31171760,7,2026-03-16,"Jane Austen's Period Drama","Jane Austen's Period Drama",https://www.imdb.com/title/tt31171760,Short,7.1,13,2024,"Short, Comedy",2250,"2026-02-13","Julia Aks,Steve Pinder"
tt30970587,7,2026-03-16,"Papillon","Papillon",https://www.imdb.com/title/tt30970587,Short,7.1,15,2024,"Animation, Short, Drama, Biography, History, War, Sport",2284,"2025-04-12","Florence Miailhe"
tt36454323,7,2026-03-16,"Forevergreen","Forevergreen",https://www.imdb.com/title/tt36454323,Short,7.1,13,2025,"Animation, Short, Family",2273,"2025-10-17","Nathan Engelhardt,Jeremy Spears"
tt0033870,9,2026-03-13,"The Maltese Falcon","The Maltese Falcon",https://www.imdb.com/title/tt0033870,Movie,7.9,100,1941,"Drama, Crime, Romance, Mystery, Film-Noir",175055,"1941-10-18","John Huston"
tt31189315,7,2026-03-12,"Father Mother Sister Brother","Father Mother Sister Brother",https://www.imdb.com/title/tt31189315,Movie,6.5,110,2025,"Drama, Comedy",14607,"2025-12-24","Jim Jarmusch"
tt4288182,9,2026-03-12,"Atlanta","Atlanta",https://www.imdb.com/title/tt4288182,TV Series,8.6,30,2016,"Comedy, Drama, Music",99578,"2016-09-06",
tt1341338,6,2026-03-12,"Good Luck, Have Fun, Don't Die","Good Luck, Have Fun, Don't Die",https://www.imdb.com/title/tt1341338,Movie,7.0,134,2025,"Action, Adventure, Sci-Fi, Comedy",70691,"2026-02-13","Gore Verbinski"
tt35934751,1,2026-03-11,"The Rehearsal: My Controls","The Rehearsal: My Controls",https://www.imdb.com/title/tt35934751,TV Episode,9.7,58,2025,"Documentary, Comedy",4780,"2025-05-25","Nathan Fielder"
tt10802170,9,2026-03-11,"The Rehearsal","The Rehearsal",https://www.imdb.com/title/tt10802170,TV Series,8.5,30,2022,"Documentary, Comedy",37707,"2022-07-15",
tt0062622,10,2026-03-11,"2001: A Space Odyssey","2001: A Space Odyssey",https://www.imdb.com/title/tt0062622,Movie,8.3,149,1968,"Adventure, Sci-Fi",789875,"1968-05-12","Stanley Kubrick"
tt0069293,8,2026-03-11,"Solaris","Solyaris",https://www.imdb.com/title/tt0069293,Movie,7.9,167,1972,"Drama, Mystery, Adventure, Sci-Fi",104871,"1972-09-26","Andrei Tarkovsky"
tt35222590,6,2026-03-10,"Exit 8","8-ban deguchi",https://www.imdb.com/title/tt35222590,Movie,6.5,95,2025,"Horror, Mystery, Thriller, Action, Adventure",30720,"2025-08-29","Genki Kawamura"
tt0010323,8,2026-03-10,"The Cabinet of Dr. Caligari","Das Cabinet des Dr. Caligari",https://www.imdb.com/title/tt0010323,Movie,8.0,67,1920,"Mystery, Thriller, Horror",76714,"1920-02-27","Robert Wiene"
tt15940132,6,2026-03-10,"War Machine","War Machine",https://www.imdb.com/title/tt15940132,Movie,6.3,106,2026,"Action, Sci-Fi, Thriller",113601,"2026-03-06","Patrick Hughes"
tt18970454,6,2026-03-09,"Jimmy Savile: A British Horror Story","Jimmy Savile: A British Horror Story",https://www.imdb.com/title/tt18970454,TV Mini Series,6.7,85,2022,"Documentary, Crime, Biography",10387,"2022-04-06",
tt8879928,6,2026-03-07,"Cold Storage","Cold Storage",https://www.imdb.com/title/tt8879928,Movie,6.0,99,2026,"Comedy, Sci-Fi, Horror",27018,"2026-02-13","Jonny Campbell"
tt0112095,8,2026-03-05,"NewsRadio","NewsRadio",https://www.imdb.com/title/tt0112095,TV Series,8.0,23,1995,"Romance, Comedy",18661,"1995-03-21",
tt26452616,7,2026-03-05,"Giant","Giant",https://www.imdb.com/title/tt26452616,Movie,6.7,110,2025,"Drama, Sport, Biography",3234,"2026-01-09","Rowan Athale"
tt0105665,6,2026-03-03,"Twin Peaks: Fire Walk with Me","Twin Peaks: Fire Walk with Me",https://www.imdb.com/title/tt0105665,Movie,7.3,134,1992,"Horror, Drama, Mystery, Thriller",119429,"1992-08-28","David Lynch"
tt27497448,8,2026-03-02,"A Knight of the Seven Kingdoms","A Knight of the Seven Kingdoms",https://www.imdb.com/title/tt27497448,TV Series,8.6,60,2026,"Adventure, Drama, Fantasy",276299,"2026-01-18",
tt5334704,6,2026-03-01,"Twin Peaks: The Missing Pieces","Twin Peaks: The Missing Pieces",https://www.imdb.com/title/tt5334704,Movie,7.5,91,2014,"Drama, Horror, Mystery, Thriller",15853,"2014-08-01","David Lynch"
tt10329560,6,2026-03-01,"H Is for Hawk","H Is for Hawk",https://www.imdb.com/title/tt10329560,Movie,6.6,119,2025,"Drama, Biography",2170,"2026-01-23","Philippa Lowthorpe"
tt0162222,8,2026-03-01,"Cast Away","Cast Away",https://www.imdb.com/title/tt0162222,Movie,7.8,143,2000,"Romance, Drama, Adventure",694167,"2000-12-22","Robert Zemeckis"
tt32298285,6,2026-03-01,"Sirat","Sirât",https://www.imdb.com/title/tt32298285,Movie,7.0,114,2025,"Drama, Thriller, Action, Adventure, Music, Mystery",36338,"2026-01","Oliver Laxe"
tt0085549,6,2026-03-01,"Flashdance","Flashdance",https://www.imdb.com/title/tt0085549,Movie,6.2,95,1983,"Music, Romance, Drama",64867,"1983-04-15","Adrian Lyne"
tt0086423,7,2026-03-01,"Tender Mercies","Tender Mercies",https://www.imdb.com/title/tt0086423,Movie,7.3,92,1983,"Music, Drama",14600,"1983-03-04","Bruce Beresford"
tt0108149,7,2026-03-01,"Six Degrees of Separation","Six Degrees of Separation",https://www.imdb.com/title/tt0108149,Movie,6.7,112,1993,"Comedy, Drama, Mystery",24368,"1993-12-08","Fred Schepisi"
tt0472399,5,2026-02-26,"The Mechanic","The Mechanic",https://www.imdb.com/title/tt0472399,Movie,6.5,93,2011,"Action, Thriller, Crime",183995,"2011-01-28","Simon West"
tt32357218,5,2026-02-26,"Shelter","Shelter",https://www.imdb.com/title/tt32357218,Movie,6.1,107,2026,"Action, Thriller",43230,"2026-01-30","Ric Roman Waugh"
tt14883538,8,2026-02-26,"Arco","Arco",https://www.imdb.com/title/tt14883538,Movie,7.3,88,2025,"Animation, Sci-Fi, Fantasy, Adventure",8700,"2025-11-14","Ugo Bienvenu"
tt0098936,8,2026-02-25,"Twin Peaks","Twin Peaks",https://www.imdb.com/title/tt0098936,TV Series,8.7,50,1990,"Thriller, Crime, Drama, Mystery",249536,"1990-04-08",
tt30144839,9,2026-02-24,"One Battle After Another","One Battle After Another",https://www.imdb.com/title/tt30144839,Movie,7.6,161,2025,"Crime, Thriller",436768,"2025-09-26","Paul Thomas Anderson"
tt1527793,7,2026-02-23,"No Other Choice","Eo-jjeol su-ga eop-da",https://www.imdb.com/title/tt1527793,Movie,7.5,139,2025,"Comedy, Crime, Drama, Thriller",72034,"2026-01-16","Park Chan-wook"
tt32141377,7,2026-02-22,"28 Years Later: The Bone Temple","28 Years Later: The Bone Temple",https://www.imdb.com/title/tt32141377,Movie,7.2,109,2026,"Horror, Sci-Fi, Thriller",121463,"2026-01-16","Nia DaCosta"
tt4995590,6,2026-02-21,"Junun","Junun",https://www.imdb.com/title/tt4995590,Movie,7.2,54,2015,"Documentary, Music",2462,"2015-10-09","Paul Thomas Anderson"
tt1426362,7,2026-02-21,"Daddy Longlegs","Go Get Some Rosemary",https://www.imdb.com/title/tt1426362,Movie,6.9,100,2009,"Drama, Comedy",3490,"2010-04-28","Benny Safdie,Josh Safdie"
tt31050594,6,2026-02-19,"Mercy","Mercy",https://www.imdb.com/title/tt31050594,Movie,6.2,99,2026,"Sci-Fi, Thriller, Action, Crime, Drama, Mystery",78785,"2026-01-23","Timur Bekmambetov"
tt10516984,7,2026-02-17,"Anima","Anima",https://www.imdb.com/title/tt10516984,Short,7.5,15,2019,"Short, Music",14938,"2019-06-27","Paul Thomas Anderson"
tt0119229,7,2026-02-17,"Grosse Pointe Blank","Grosse Pointe Blank",https://www.imdb.com/title/tt0119229,Movie,7.3,107,1997,"Thriller, Action, Romance, Crime, Comedy",105617,"1997-04-11","George Armitage"
tt5189670,9,2026-02-16,"Making a Murderer","Making a Murderer",https://www.imdb.com/title/tt5189670,TV Series,8.5,60,2015,"Documentary, Crime",108799,"2015-12-18",
tt0388644,8,2026-02-16,"The Staircase","Soupçons",https://www.imdb.com/title/tt0388644,TV Series,7.8,,2004,"Documentary, Crime, Drama",29695,"2004-06",
tt33028778,5,2026-02-16,"Primate","Primate",https://www.imdb.com/title/tt33028778,Movie,5.8,92,2025,"Horror",34754,"2026-01-09","Johannes Roberts"
tt27722618,7,2026-02-15,"Left-Handed Girl","Zuo pie zi nü hai",https://www.imdb.com/title/tt27722618,Movie,7.3,108,2025,"Drama",9616,"2025-11-28","Shih-Ching Tsou"
tt39162904,7,2026-02-15,"Queen of Chess","Queen of Chess",https://www.imdb.com/title/tt39162904,Movie,7.6,93,2026,"Documentary, Biography",4796,"2026-02-06","Rory Kennedy"
tt0139699,7,2026-02-15,"Varsity Blues","Varsity Blues",https://www.imdb.com/title/tt0139699,Movie,6.6,106,1999,"Sport, Comedy, Romance, Drama",53807,"1999-01-15","Brian Robbins"
tt32916440,8,2026-02-15,"Marty Supreme","Marty Supreme",https://www.imdb.com/title/tt32916440,Movie,7.6,149,2025,"Drama, Sport, Comedy",211158,"2025-12-25","Josh Safdie"
tt0061811,7,2026-02-15,"In the Heat of the Night","In the Heat of the Night",https://www.imdb.com/title/tt0061811,Movie,7.9,110,1967,"Thriller, Drama, Mystery",92143,"1967-08-02","Norman Jewison"
tt14905854,8,2026-02-15,"Hamnet","Hamnet",https://www.imdb.com/title/tt14905854,Movie,7.8,125,2025,"Biography, Drama, History, Romance",129407,"2025-12-05","Chloé Zhao"
tt29768334,7,2026-02-15,"Train Dreams","Train Dreams",https://www.imdb.com/title/tt29768334,Movie,7.5,102,2025,"Drama",113236,"2025-11-21","Clint Bentley"
tt3014212,8,2026-02-12,"Tome of the Unknown","Tome of the Unknown: Harvest Melody",https://www.imdb.com/title/tt3014212,Short,8.0,9,2013,"Animation, Short, Adventure, Comedy, Drama, Fantasy",1924,"2015-05-18","Patrick McHale"
tt0036855,8,2026-02-12,"Gaslight","Gaslight",https://www.imdb.com/title/tt0036855,Movie,7.8,114,1944,"Drama, Mystery, Crime, Romance, Thriller",38211,"1944-06-16","George Cukor"
tt36943034,8,2026-02-11,"The Voice of Hind Rajab","Sawt Hind Rajab",https://www.imdb.com/title/tt36943034,Movie,8.2,89,2025,"Drama, Biography, War",20464,"2025-12-04","Kaouther Ben Hania"
tt29214162,6,2026-02-10,"The Dutchman","The Dutchman",https://www.imdb.com/title/tt29214162,Movie,5.1,88,2025,"Thriller, Drama",6931,"2026-01-02","Andre Gaines"
tt16233642,6,2026-02-09,"The Knife","The Knife",https://www.imdb.com/title/tt16233642,Movie,5.6,80,2024,"Drama, Thriller",589,"2025-08-15","Nnamdi Asomugha"
tt27543632,6,2026-02-09,"The Housemaid","The Housemaid",https://www.imdb.com/title/tt27543632,Movie,6.7,131,2025,"Thriller, Drama, Mystery",186446,"2025-12-19","Paul Feig"
tt32792934,7,2026-02-04,"The Plague","The Plague",https://www.imdb.com/title/tt32792934,Movie,6.4,98,2025,"Drama, Thriller",7221,"2026-01-02","Charlie Polinger"
tt1587707,8,2026-02-03,"Exit Through the Gift Shop","Exit Through the Gift Shop",https://www.imdb.com/title/tt1587707,Movie,7.9,87,2010,"Documentary, Comedy, Crime, History",70531,"2010-05-14","Banksy"
tt1155592,8,2026-02-03,"Man on Wire","Man on Wire",https://www.imdb.com/title/tt1155592,Movie,7.7,94,2008,"Documentary, Biography, History, Crime, Sport, Thriller",61293,"2008-08-29","James Marsh"
tt1313104,8,2026-02-03,"The Cove","The Cove",https://www.imdb.com/title/tt1313104,Movie,8.4,92,2009,"Documentary, Crime, Biography, History",52779,"2009-08-07","Louie Psihoyos"
tt2375605,8,2026-02-03,"The Act of Killing","The Act of Killing",https://www.imdb.com/title/tt2375605,Movie,8.2,117,2012,"Documentary, Crime, Biography, History, War",44647,"2012-11-01","Joshua Oppenheimer,Anonymous,Christine Cynn"
tt21066182,7,2026-02-03,"Wonder Man","Wonder Man",https://www.imdb.com/title/tt21066182,TV Series,7.4,30,2026,"Action, Adventure, Fantasy, Sci-Fi, Comedy, Drama",38311,"2026-01-27",
tt36741457,7,2026-02-02,"The Big Fake","Il falsario",https://www.imdb.com/title/tt36741457,Movie,6.6,116,2025,"Drama, History",6026,"2026-01-23","Stefano Lodovichi"
tt1408430,8,2026-02-02,"30 for 30","30 for 30",https://www.imdb.com/title/tt1408430,TV Series,8.8,60,2009,"Documentary, Sport, Biography, History",6124,"2009-10-06",
tt39320452,7,2026-02-02,"Miracle: The Boys of '80","Miracle: The Boys of '80",https://www.imdb.com/title/tt39320452,Movie,7.9,108,2026,"Documentary, History, Sport",1768,"2026-01-30","Max Gershberg,Jacob Rogal"
tt33046197,6,2026-01-31,"The Wrecking Crew","The Wrecking Crew",https://www.imdb.com/title/tt33046197,Movie,6.4,124,2026,"Comedy, Action, Crime, Mystery",53154,"2026-01-28","Ángel Manuel Soto"
tt27847051,7,2026-01-31,"The Secret Agent","O Agente Secreto",https://www.imdb.com/title/tt27847051,Movie,7.2,161,2025,"Drama, Thriller, Crime, Mystery",61226,"2025-11-06","Kleber Mendonça Filho"
tt12583926,7,2026-01-30,"Anniversary","Anniversary",https://www.imdb.com/title/tt12583926,Movie,6.7,111,2025,"Thriller",15111,"2025-10-29","Jan Komasa"
tt1911658,6,2026-01-30,"Penguins of Madagascar","Penguins of Madagascar",https://www.imdb.com/title/tt1911658,Movie,6.7,92,2014,"Animation, Adventure, Comedy, Family, Sci-Fi, Action, Crime",117572,"2014-11-26","Eric Darnell,Simon J. Smith"
tt0398286,7,2026-01-30,"Tangled","Tangled",https://www.imdb.com/title/tt0398286,Movie,7.7,100,2010,"Animation, Musical, Family, Comedy, Fantasy, Romance, Adventure",551691,"2010-11-24","Nathan Greno,Byron Howard"
tt0451079,7,2026-01-30,"Horton Hears a Who!","Horton Hears a Who!",https://www.imdb.com/title/tt0451079,Movie,6.8,86,2008,"Animation, Adventure, Family, Comedy, Fantasy, Drama, Music",159658,"2008-03-14","Jimmy Hayward,Steve Martino"
tt0396555,7,2026-01-30,"Meet the Robinsons","Meet the Robinsons",https://www.imdb.com/title/tt0396555,Movie,6.8,95,2007,"Animation, Adventure, Family, Comedy, Sci-Fi",123108,"2007-03-30","Stephen J. Anderson"
tt0424095,8,2026-01-30,"Flushed Away","Flushed Away",https://www.imdb.com/title/tt0424095,Movie,6.6,85,2006,"Animation, Comedy, Family, Adventure, Romance, Action, Drama",150861,"2006-11-03","David Bowers,Sam Fell"
tt0385880,7,2026-01-30,"Monster House","Monster House",https://www.imdb.com/title/tt0385880,Movie,6.7,91,2006,"Animation, Family, Comedy, Mystery, Fantasy",157433,"2006-07-21","Gil Kenan"
tt0351283,7,2026-01-30,"Madagascar","Madagascar",https://www.imdb.com/title/tt0351283,Movie,7.0,86,2005,"Animation, Family, Comedy, Adventure",485644,"2005-05-27","Eric Darnell,Tom McGrath"
tt14205554,8,2026-01-30,"KPop Demon Hunters","K-Pop Demon Hunters",https://www.imdb.com/title/tt14205554,Movie,7.4,95,2025,"Animation, Musical, Action, Adventure, Fantasy, Music, Comedy, Family",141031,"2025-06-20","Chris Appelhans,Maggie Kang"
tt29313285,8,2026-01-29,"Little Amélie or the Character of Rain","Amélie et la métaphysique des tubes",https://www.imdb.com/title/tt29313285,Movie,7.6,77,2025,"Animation, Family, Drama, Fantasy",5968,"2025-11-07","Maïlys Vallade,Liane-Cho Han Jin Kuang"
tt35307139,7,2026-01-28,"The Alabama Solution","The Alabama Solution",https://www.imdb.com/title/tt35307139,Movie,7.8,117,2025,"Documentary",6511,"2025-10-10","Andrew Jarecki,Charlotte Kaufman"
tt27817389,6,2026-01-28,"The Last Viking","Den sidste viking",https://www.imdb.com/title/tt27817389,Movie,7.1,116,2025,"Animation, Comedy, Drama, Crime",16332,"2025-10-09","Anders Thomas Jensen"
tt26443597,7,2026-01-28,"Zootopia 2","Zootopia 2",https://www.imdb.com/title/tt26443597,Movie,7.3,108,2025,"Animation, Adventure, Comedy, Family, Mystery, Crime",150464,"2025-11-26","Jared Bush,Byron Howard"
tt11225756,7,2026-01-28,"The Lost Leonardo","The Lost Leonardo",https://www.imdb.com/title/tt11225756,Movie,7.4,96,2021,"Documentary, Mystery",3242,"2021-08-13","Andreas Koefoed"
tt3428912,9,2026-01-27,"Happy Valley","Happy Valley",https://www.imdb.com/title/tt3428912,TV Series,8.5,60,2014,"Crime, Drama, Thriller",74444,"2014-04-29",
tt26545355,7,2026-01-24,"Creature Commandos","Creature Commandos",https://www.imdb.com/title/tt26545355,TV Series,7.8,23,2024,"Animation, Action, Adventure, Horror, Sci-Fi, Mystery, Comedy, Crime, Drama, Fantasy, Romance, Thriller",28807,"2024-12-05",
tt0235737,6,2026-01-23,"The Salton Sea","The Salton Sea",https://www.imdb.com/title/tt0235737,Movie,7.0,103,2002,"Mystery, Crime, Drama, Thriller",33490,"2002-06-21","D.J. Caruso"
tt32642706,6,2026-01-23,"The Rip","The Rip",https://www.imdb.com/title/tt32642706,Movie,6.8,113,2026,"Crime, Thriller, Drama, Mystery, Action",141901,"2026-01-16","Joe Carnahan"
tt39283332,1,2026-01-22,"One Punch Man: Ultimate Lifeform","One Punch Man: Wanpanman: Ultimate Lifeform",https://www.imdb.com/title/tt39283332,TV Episode,5.1,,2025,"Animation, Action, Comedy, Sci-Fi, Fantasy",3991,"2025-12-28",
tt30343021,7,2026-01-21,"Song Sung Blue","Song Sung Blue",https://www.imdb.com/title/tt30343021,Movie,7.3,132,2025,"Musical, Biography, Drama, History, Music, Romance",30746,"2025-12-25","Craig Brewer"
tt32321317,7,2026-01-21,"Pillion","Pillion",https://www.imdb.com/title/tt32321317,Movie,6.9,106,2025,"Drama, Romance, Comedy",22845,"2026-02-27","Harry Lighton"
tt23172090,6,2026-01-21,"Dust Bunny","Dust Bunny",https://www.imdb.com/title/tt23172090,Movie,6.5,106,2025,"Drama, Thriller, Horror, Action",20355,"2025-12-12","Bryan Fuller"
tt31974288,6,2026-01-20,"Agatha Christie's Seven Dials","Agatha Christie's Seven Dials",https://www.imdb.com/title/tt31974288,TV Mini Series,6.2,55,2026,"Crime, Drama, Mystery, Thriller",27432,"2026-01-15",
tt0085404,7,2026-01-20,"The Day After","The Day After",https://www.imdb.com/title/tt0085404,TV Movie,7.0,127,1983,"Sci-Fi, Drama",20620,"1983-11-20","Nicholas Meyer"
tt14142060,7,2026-01-16,"Rental Family","Rental Family",https://www.imdb.com/title/tt14142060,Movie,7.6,109,2025,"Comedy, Drama",63914,"2025-11-21","Hikari"
tt1345836,8,2026-01-15,"The Dark Knight Rises","The Dark Knight Rises",https://www.imdb.com/title/tt1345836,Movie,8.4,164,2012,"Thriller, Crime",2018955,"2012-07-20","Christopher Nolan"
tt0482571,9,2026-01-15,"The Prestige","The Prestige",https://www.imdb.com/title/tt0482571,Movie,8.5,130,2006,"Drama, Thriller, Mystery, Sci-Fi",1615505,"2006-10-20","Christopher Nolan"
tt0808185,6,2026-01-15,"The Bothersome Man","Den brysomme mannen",https://www.imdb.com/title/tt0808185,Movie,7.2,95,2006,"Drama, Mystery, Comedy, Fantasy, Sci-Fi",19180,"2007-08-24","Jens Lien"
tt0118849,8,2026-01-14,"Children of Heaven","Bacheha-ye aseman",https://www.imdb.com/title/tt0118849,Movie,8.2,89,1997,"Family, Sport, Drama",90940,"1999-01-22","Majid Majidi"
tt0088939,8,2026-01-14,"The Color Purple","The Color Purple",https://www.imdb.com/title/tt0088939,Movie,7.7,154,1985,"Drama",105073,"1986-02-07","Steven Spielberg"
tt31227572,8,2026-01-14,"Predator: Badlands","Predator: Badlands",https://www.imdb.com/title/tt31227572,Movie,7.2,107,2025,"Sci-Fi, Action, Adventure, Thriller",165314,"2025-11-07","Dan Trachtenberg"
tt22004186,7,2026-01-12,"A Little Prayer","A Little Prayer",https://www.imdb.com/title/tt22004186,Movie,7.0,91,2023,"Drama",1713,"2023-01-24","Angus MacLachlan"
tt11527058,7,2026-01-11,"Fleishman Is in Trouble","Fleishman Is in Trouble",https://www.imdb.com/title/tt11527058,TV Mini Series,7.7,48,2022,"Drama",19768,"2022-11-17",
tt2034756,7,2026-01-11,"Portal: No Escape","Portal: No Escape",https://www.imdb.com/title/tt2034756,Short,7.1,7,2011,"Short, Action, Sci-Fi",2696,"2011-08-23","Dan Trachtenberg"
tt36463894,8,2026-01-11,"Predator: Killer of Killers","Predator: Killer of Killers",https://www.imdb.com/title/tt36463894,Movie,7.4,85,2025,"Animation, Action, Sci-Fi, Thriller, Adventure",62617,"2025-06-06","Dan Trachtenberg,Joshua Wassung"
tt0385700,7,2026-01-09,"Final Fantasy VII: Advent Children","Fainaru fantajî sebun adobento chirudoren",https://www.imdb.com/title/tt0385700,Movie,7.1,101,2005,"Animation, Action, Sci-Fi, Adventure, Fantasy",59870,"2024-02-21","Tetsuya Nomura,Takeshi Nozue"
tt0208502,8,2026-01-09,"Angel's Egg","Tenshi no tamago",https://www.imdb.com/title/tt0208502,Video,7.5,71,1985,"Animation, Sci-Fi, Fantasy, Drama, Mystery",17905,"2025-12-22","Mamoru Oshii"
tt13186604,3,2026-01-09,"Uglies","Uglies",https://www.imdb.com/title/tt13186604,Movie,4.7,100,2024,"Drama, Action, Sci-Fi, Adventure, Fantasy",37832,"2024-09-13","McG"
tt0910970,10,2026-01-09,"WALL·E","WALL·E",https://www.imdb.com/title/tt0910970,Movie,8.4,98,2008,"Animation, Sci-Fi, Adventure, Family",1335989,"2008-06-27","Andrew Stanton"
tt0103064,10,2026-01-09,"Terminator 2: Judgment Day","Terminator 2: Judgment Day",https://www.imdb.com/title/tt0103064,Movie,8.6,137,1991,"Adventure, Sci-Fi, Action",1294990,"1991-07-03","James Cameron"
tt0070723,6,2026-01-09,"Soylent Green","Soylent Green",https://www.imdb.com/title/tt0070723,Movie,7.0,97,1973,"Mystery, Crime, Sci-Fi, Thriller",74677,"1973-05-09","Richard Fleischer"
tt32600395,8,2026-01-08,"100 Meters","Hyakuemu",https://www.imdb.com/title/tt32600395,Movie,7.6,106,2025,"Animation, Drama, Sport",8379,"2025-10-12","Kenji Iwaisawa"
tt1757678,6,2026-01-08,"Avatar: Fire and Ash","Avatar: Fire and Ash",https://www.imdb.com/title/tt1757678,Movie,7.2,197,2025,"Fantasy, Sci-Fi, Action, Adventure, Drama",203929,"2025-12-19","James Cameron"
tt31495504,7,2026-01-07,"The Tank","Der Tiger",https://www.imdb.com/title/tt31495504,Movie,6.5,116,2025,"Action, Drama, War, Thriller",16495,"2026-01-02","Dennis Gansel"
tt5986440,7,2026-01-06,"The Glassworker","The Glassworker",https://www.imdb.com/title/tt5986440,Movie,7.0,98,2024,"Animation, Romance, Drama",2761,"2025-08-21","Usman Riaz"
tt30017619,7,2026-01-05,"The Bad Guys 2","The Bad Guys 2",https://www.imdb.com/title/tt30017619,Movie,7.0,104,2025,"Animation, Adventure, Comedy, Crime, Family, Mystery, Action",30845,"2025-08-01","Pierre Perifel,JP Sans"
tt0306414,10,2026-01-05,"The Wire","The Wire",https://www.imdb.com/title/tt0306414,TV Series,9.3,60,2002,"Thriller, Crime, Drama",436569,"2002-06-02",
tt0108330,7,2026-01-05,"This Boy's Life","This Boy's Life",https://www.imdb.com/title/tt0108330,Movie,7.2,115,1993,"Biography, Drama",62780,"1993-04-23","Michael Caton-Jones"
tt0089880,6,2026-01-04,"Rambo: First Blood Part II","Rambo: First Blood Part II",https://www.imdb.com/title/tt0089880,Movie,6.5,96,1985,"Adventure, Thriller, Action",197541,"1985-05-22","George P. Cosmatos"
tt26683420,7,2026-01-04,"John Candy: I Like Me","John Candy: I Like Me",https://www.imdb.com/title/tt26683420,Movie,8.0,113,2025,"Documentary, Biography, Comedy",12595,"2025-10-10","Colin Hanks"
tt32767869,7,2026-01-03,"Ricky Gervais: Mortality","Ricky Gervais: Mortality",https://www.imdb.com/title/tt32767869,TV Special,6.8,59,2025,"Documentary, Comedy",7520,"2025-12-30","John L. Spencer"
tt0400497,5,2025-12-31,"Herbie: Fully Loaded","Herbie: Fully Loaded",https://www.imdb.com/title/tt0400497,Movie,5.0,101,2005,"Comedy, Family, Fantasy, Sport, Adventure, Romance",54774,"2005-06-22","Angela Robinson"
tt33244668,4,2025-12-31,"Anaconda","Anaconda",https://www.imdb.com/title/tt33244668,Movie,5.5,99,2025,"Comedy, Action, Adventure",71471,"2025-12-25","Tom Gormican"
tt12704978,7,2025-12-30,"Audrey's Children","Audrey's Children",https://www.imdb.com/title/tt12704978,Movie,6.8,110,2024,"Biography, Drama",1023,"2025-03-28","Ami Canaan Mann"
tt33455099,6,2025-12-29,"The Mastermind","The Mastermind",https://www.imdb.com/title/tt33455099,Movie,6.2,110,2025,"Crime, Drama",14029,"2025-10-17","Kelly Reichardt"
tt38617654,1,2025-12-28,"Spy x Family: A World Where We Cannot Survive","Supai Famirî: A World Where We Cannot Survive",https://www.imdb.com/title/tt38617654,TV Episode,8.3,24,2025,"Animation, Action, Comedy, Thriller",786,"2025-12-27","Yukiko Imai,Asami Nakatani"
tt29567915,7,2025-12-28,"Nuremberg","Nuremberg",https://www.imdb.com/title/tt29567915,Movie,7.3,148,2025,"Drama, History, Thriller, Biography, War",113390,"2025-11-07","James Vanderbilt"
tt13651462,7,2025-12-27,"Lurker","Lurker",https://www.imdb.com/title/tt13651462,Movie,6.7,100,2025,"Drama, Thriller, Crime, Music",6916,"2025-08-22","Alex Russell"
tt27160121,1,2025-12-27,"House of the Dragon: The Queen Who Ever Was","House of the Dragon: The Queen Who Ever Was",https://www.imdb.com/title/tt27160121,TV Episode,6.5,69,2024,"Fantasy, Adventure, Drama, Action",53854,"2024-08-04","Geeta Vasant Patel"
tt24950660,7,2025-12-25,"Eternity","Eternity",https://www.imdb.com/title/tt24950660,Movie,6.9,114,2025,"Comedy, Drama, Fantasy, Romance",65843,"2025-11-26","David Freyne"
tt12637874,8,2025-12-24,"Fallout","Fallout",https://www.imdb.com/title/tt12637874,TV Series,8.3,60,2024,"Action, Adventure, Drama, Sci-Fi",400447,"2024-04-10",
tt0409847,5,2025-12-24,"Cowboys & Aliens","Cowboys & Aliens",https://www.imdb.com/title/tt0409847,Movie,6.0,119,2011,"Action, Sci-Fi, Western, Thriller, Drama",243277,"2011-07-29","Jon Favreau"
tt27714581,8,2025-12-23,"Sentimental Value","Affeksjonsverdi",https://www.imdb.com/title/tt27714581,Movie,7.7,135,2025,"Drama, Family",86587,"2025-08-20","Joachim Trier"
tt14846026,8,2025-12-23,"Sisu","Sisu",https://www.imdb.com/title/tt14846026,Movie,6.9,91,2022,"Action, War, Thriller",125139,"2023-04-28","Jalmari Helander"
tt31844586,7,2025-12-23,"Sisu: Road to Revenge","Sisu 2",https://www.imdb.com/title/tt31844586,Movie,6.8,89,2025,"Action, War, Thriller",38135,"2025-11-21","Jalmari Helander"
tt28291010,7,2025-12-22,"13 Days, 13 Nights","13 jours, 13 nuits",https://www.imdb.com/title/tt28291010,Movie,6.7,112,2025,"Action, War, Biography, Drama, Thriller",2880,"2025-06-27","Martin Bourboulon"
tt36491653,8,2025-12-22,"It Was Just an Accident","Yek tasadof-e sadeh",https://www.imdb.com/title/tt36491653,Movie,7.4,103,2025,"Crime, Thriller, Drama, Mystery",38299,"2025-10-15","Jafar Panahi"
tt2345759,5,2025-12-21,"The Mummy","The Mummy",https://www.imdb.com/title/tt2345759,Movie,5.4,110,2017,"Action, Adventure, Fantasy, Thriller, Horror",224031,"2017-06-09","Alex Kurtzman"
tt14107334,6,2025-12-18,"The Running Man","The Running Man",https://www.imdb.com/title/tt14107334,Movie,6.3,133,2025,"Sci-Fi, Action, Thriller, Adventure",120506,"2025-11-14","Edgar Wright"
tt29279903,7,2025-12-17,"Happyend","Happyend",https://www.imdb.com/title/tt29279903,Movie,6.8,113,2024,"Drama, Fantasy, Sci-Fi",2268,"2026-01-02","Neo Sora"
tt4712810,5,2025-12-17,"Now You See Me: Now You Don't","Now You See Me: Now You Don't",https://www.imdb.com/title/tt4712810,Movie,5.9,113,2025,"Crime, Thriller",75675,"2025-11-14","Ruben Fleischer"
tt0106226,8,2025-12-16,"The Age of Innocence","The Age of Innocence",https://www.imdb.com/title/tt0106226,Movie,7.2,139,1993,"Romance, Drama",75439,"1993-10-01","Martin Scorsese"
tt0085809,9,2025-12-14,"Koyaanisqatsi","Koyaanisqatsi",https://www.imdb.com/title/tt0085809,Movie,8.2,86,1982,"Documentary, Music",45014,"1983-08-24","Godfrey Reggio"
tt0300214,7,2025-12-14,"Morvern Callar","Morvern Callar",https://www.imdb.com/title/tt0300214,Movie,6.8,97,2002,"Drama",12586,"2002-11-01","Lynne Ramsay"
tt32323252,6,2025-12-14,"Christy","Christy",https://www.imdb.com/title/tt32323252,Movie,6.6,135,2025,"Biography, Drama, Sport, History",18575,"2025-11-07","David Michôd"
tt32536315,7,2025-12-14,"Blue Moon","Blue Moon",https://www.imdb.com/title/tt32536315,Movie,6.8,100,2025,"Drama, Biography, Music, Comedy, Romance, History",25662,"2025-10-24","Richard Linklater"
tt14364480,7,2025-12-14,"Wake Up Dead Man","Wake Up Dead Man",https://www.imdb.com/title/tt14364480,Movie,7.3,144,2025,"Thriller, Comedy, Crime, Drama, Mystery",255210,"2025-12-12","Rian Johnson"
tt2398149,6,2025-12-10,"An Officer and a Spy","J'accuse",https://www.imdb.com/title/tt2398149,Movie,7.2,132,2019,"Drama, History, Thriller",23444,"2019-11-13","Roman Polanski"
tt0104257,8,2025-12-10,"A Few Good Men","A Few Good Men",https://www.imdb.com/title/tt0104257,Movie,7.8,138,1992,"Thriller, Drama",320394,"1992-12-11","Rob Reiner"
tt0119978,7,2025-12-10,"The Rainmaker","The Rainmaker",https://www.imdb.com/title/tt0119978,Movie,7.2,135,1997,"Thriller, Crime, Drama",92731,"1997-11-21","Francis Ford Coppola"
tt9362736,7,2025-12-10,"Die My Love","Die My Love",https://www.imdb.com/title/tt9362736,Movie,6.0,118,2025,"Thriller, Drama",48088,"2025-11-07","Lynne Ramsay"
tt6604188,5,2025-12-08,"Tron: Ares","Tron: Ares",https://www.imdb.com/title/tt6604188,Movie,6.1,119,2025,"Action, Adventure, Sci-Fi",84939,"2025-10-10","Joachim Rønning"
tt1554369,7,2025-12-08,"The Booth at the End","The Booth at the End",https://www.imdb.com/title/tt1554369,TV Series,8.0,30,2011,"Drama, Mystery, Thriller",5963,"2011-07-11",
tt30446847,7,2025-12-08,"Jay Kelly","Jay Kelly",https://www.imdb.com/title/tt30446847,Movie,6.5,132,2025,"Comedy, Drama",41678,"2025-12-05","Noah Baumbach"
tt31688586,7,2025-12-07,"Nouvelle Vague","Nouvelle Vague",https://www.imdb.com/title/tt31688586,Movie,7.3,106,2025,"Comedy, Biography, Drama, History",11856,"2025-11-14","Richard Linklater"
tt0112471,9,2025-12-07,"Before Sunrise","Before Sunrise",https://www.imdb.com/title/tt0112471,Movie,8.1,101,1995,"Comedy, Romance, Drama",382338,"1995-01-27","Richard Linklater"
tt18335752,8,2025-12-06,"1923","1923",https://www.imdb.com/title/tt18335752,TV Series,8.3,60,2022,"Western, Drama",105873,"2022-12-18",
tt32150119,8,2025-12-03,"The Thinking Game","The Thinking Game",https://www.imdb.com/title/tt32150119,Movie,7.6,84,2024,"Animation, Documentary, Sci-Fi",1897,"2025-02-14","Greg Kohs"
tt0132347,6,2025-12-02,"Mystery Men","Mystery Men",https://www.imdb.com/title/tt0132347,Movie,6.1,121,1999,"Action, Fantasy, Sci-Fi, Comedy",74300,"1999-08-06","Kinka Usher"
tt31974367,6,2025-12-01,"The Beast in Me","The Beast in Me",https://www.imdb.com/title/tt31974367,TV Mini Series,7.4,50,2025,"Drama, Mystery, Thriller",76044,"2025-11-13",
tt0280760,7,2025-12-01,"Igby Goes Down","Igby Goes Down",https://www.imdb.com/title/tt0280760,Movie,6.8,98,2002,"Drama, Comedy",37546,"2002-10-04","Burr Steers"
tt13991232,9,2025-12-01,"1883","1883",https://www.imdb.com/title/tt13991232,TV Mini Series,8.6,60,2021,"Drama, Western",169756,"2021-12-19",
tt18382850,7,2025-11-29,"If I Had Legs I'd Kick You","If I Had Legs I'd Kick You",https://www.imdb.com/title/tt18382850,Movie,6.6,113,2025,"Drama, Thriller",39986,"2025-10-10","Mary Bronstein"
tt12300742,7,2025-11-29,"Bugonia","Bugonia",https://www.imdb.com/title/tt12300742,Movie,7.4,118,2025,"Sci-Fi, Comedy, Crime, Thriller",216944,"2025-10-31","Yorgos Lanthimos"
tt14999684,6,2025-11-29,"Shelby Oaks","Shelby Oaks",https://www.imdb.com/title/tt14999684,Movie,5.3,91,2024,"Horror, Thriller, Mystery",15637,"2025-10-24","Chris Stuckmann"
tt10343438,7,2025-11-28,"Pools","Pools",https://www.imdb.com/title/tt10343438,Movie,5.8,99,2025,"Comedy, Drama",1026,"2025-09-05","Sam Hayes"
tt32159989,5,2025-11-27,"After the Hunt","After the Hunt",https://www.imdb.com/title/tt32159989,Movie,5.7,138,2025,"Drama, Thriller, Crime",24506,"2025-10-17","Luca Guadagnino"
tt0410097,7,2025-11-26,"Hustle & Flow","Hustle & Flow",https://www.imdb.com/title/tt0410097,Movie,7.3,116,2005,"Drama, Music, Crime",45783,"2005-07-22","Craig Brewer"
tt36599417,1,2025-11-19,"Star Wars: Visions: Black","Star Wars: Visions: Black",https://www.imdb.com/title/tt36599417,TV Episode,6.0,13,2025,"Animation, Sci-Fi, Action, Adventure, Fantasy, Drama",987,"2025-10-29","Shin'ya Ôhira"
tt13622982,7,2025-11-19,"Star Wars: Visions","Star Wars: Visions",https://www.imdb.com/title/tt13622982,TV Series,7.0,22,2021,"Animation, Sci-Fi, Action, Adventure, Fantasy, Drama",27831,"2021-09-22",
tt33333196,1,2025-11-17,"Only Murders in the Building: The House Always...","Only Murders in the Building: The House Always...",https://www.imdb.com/title/tt33333196,TV Episode,7.7,40,2025,"Comedy, Crime, Mystery, Thriller, Drama",1883,"2025-10-28","Jamie Babbit"
tt31806087,1,2025-11-16,"House of Guinness: Episode #1.8","House of Guinness: Episode #1.8",https://www.imdb.com/title/tt31806087,TV Episode,7.6,52,2025,"Drama, Biography, History",1059,"2025-09-25","Mounia Akl"
tt13542714,7,2025-11-16,"House of Guinness","House of Guinness",https://www.imdb.com/title/tt13542714,TV Series,7.4,50,2025,"Drama, Biography, History",30195,"2025-09-25",
tt31121364,7,2025-11-15,"Death by Lightning","Death by Lightning",https://www.imdb.com/title/tt31121364,TV Mini Series,7.6,50,2025,"Drama, Biography, History",19604,"2025-11-06",
tt20990442,5,2025-11-14,"Him","Him",https://www.imdb.com/title/tt20990442,Movie,5.0,96,2025,"Horror, Sport, Thriller",26372,"2025-09-19","Justin Tipping"
tt0082158,8,2025-11-14,"Chariots of Fire","Chariots of Fire",https://www.imdb.com/title/tt0082158,Movie,7.1,125,1981,"Sport, Biography, Drama",71463,"1982-04-09","Hugh Hudson"
tt0479113,8,2025-11-13,"One Man Band","One Man Band",https://www.imdb.com/title/tt0479113,Short,7.6,4,2005,"Animation, Short, Music, Family, Comedy",17990,"2006-06-06","Mark Andrews,Andrew Jimenez"
tt0443424,8,2025-11-13,"9","9",https://www.imdb.com/title/tt0443424,Short,7.7,11,2005,"Animation, Short, Fantasy, Thriller, Sci-Fi, Family, Horror, Adventure",7027,"2005-04-21","Shane Acker"
tt0363771,7,2025-11-13,"The Chronicles of Narnia: The Lion, the Witch and the Wardrobe","The Chronicles of Narnia: The Lion, the Witch and the Wardrobe",https://www.imdb.com/title/tt0363771,Movie,6.9,143,2005,"Adventure, Family, Fantasy",461080,"2005-12-09","Andrew Adamson"
tt38113523,7,2025-11-13,"One of One","One of One",https://www.imdb.com/title/tt38113523,Movie,7.1,81,2025,"Documentary",167,"2025-09-01","Benjamin Bertucci"
tt4627382,7,2025-11-13,"Roofman","Roofman",https://www.imdb.com/title/tt4627382,Movie,6.9,126,2025,"Crime, Drama, Romance, Biography, History",85084,"2025-10-10","Derek Cianfrance"
tt23055142,7,2025-11-12,"Black Rabbit","Black Rabbit",https://www.imdb.com/title/tt23055142,TV Mini Series,7.3,60,2025,"Drama, Crime, Thriller, Mystery",50595,"2025-09-18",
tt1312221,8,2025-11-11,"Frankenstein","Frankenstein",https://www.imdb.com/title/tt1312221,Movie,7.4,149,2025,"Horror, Sci-Fi, Drama, Fantasy",331893,"2025-11-07","Guillermo del Toro"
tt27543578,7,2025-11-09,"Good Fortune","Good Fortune",https://www.imdb.com/title/tt27543578,Movie,6.4,97,2025,"Comedy, Fantasy, Romance",51669,"2025-10-17","Aziz Ansari"
tt31021863,7,2025-11-07,"Boys Go to Jupiter","Boys Go to Jupiter",https://www.imdb.com/title/tt31021863,Movie,6.5,90,2024,"Animation, Comedy, Drama",824,"2024-06-07","Julian Glander"
tt13654226,6,2025-11-06,"The Gorge","The Gorge",https://www.imdb.com/title/tt13654226,Movie,6.7,128,2025,"Action, Romance, Sci-Fi, Adventure, Horror",178070,"2025-02-14","Scott Derrickson"
tt38457052,7,2025-11-06,"Aileen: Queen of the Serial Killers","Aileen: Queen of the Serial Killers",https://www.imdb.com/title/tt38457052,Movie,6.1,104,2025,"Documentary, Crime",4590,"2025-10-30","Emily Turner"
tt11214558,6,2025-11-06,"The Smashing Machine","The Smashing Machine",https://www.imdb.com/title/tt11214558,Movie,6.3,123,2025,"Biography, Drama, Action, Sport, History",76635,"2025-10-03","Benny Safdie"
tt29644189,7,2025-11-05,"Black Phone 2","Black Phone 2",https://www.imdb.com/title/tt29644189,Movie,6.0,114,2025,"Horror",68766,"2025-10-17","Scott Derrickson"
tt8185182,7,2025-11-04,"Long Day's Journey Into Night","Diqiu zuihou de yewan",https://www.imdb.com/title/tt8185182,Movie,7.1,138,2018,"Drama, Mystery, Romance",10980,"2018-12-31","Bi Gan"
tt32376165,7,2025-11-03,"A House of Dynamite","A House of Dynamite",https://www.imdb.com/title/tt32376165,Movie,6.4,112,2025,"Thriller, Drama",121618,"2025-10-24","Kathryn Bigelow"
tt7130300,5,2025-11-02,"The Woman in Cabin 10","The Woman in Cabin 10",https://www.imdb.com/title/tt7130300,Movie,5.8,92,2025,"Thriller, Drama, Mystery",74241,"2025-10-10","Simon Stone"
tt27698095,6,2025-11-02,"The Woman in the Line","La mujer de la fila",https://www.imdb.com/title/tt27698095,Movie,6.5,105,2025,"Drama, Thriller, Biography, Crime",938,"2025-09-04","Benjamín Ávila"
tt32063098,6,2025-10-29,"Ballad of a Small Player","Ballad of a Small Player",https://www.imdb.com/title/tt32063098,Movie,5.9,101,2025,"Thriller, Drama, Mystery, Crime",26119,"2025-10-29","Edward Berger"
tt9046576,7,2025-10-29,"ReMastered: The Lion's Share","ReMastered: The Lion's Share",https://www.imdb.com/title/tt9046576,TV Movie,6.9,84,2018,"Documentary, Music",761,"2018-10-12","Sam Cullman"
tt14956206,1,2025-10-29,"Splinter Cell: Deathwatch: Chaos Theory: Part 2","Splinter Cell: Deathwatch: Chaos Theory: Part 2",https://www.imdb.com/title/tt14956206,TV Episode,7.4,27,2025,"Animation, Action, Sci-Fi, Adventure, Thriller",368,"2025-10-14","Guillaume Dousse,Félicien Colmet-Daage"
tt12809802,7,2025-10-29,"Splinter Cell: Deathwatch","Splinter Cell: Deathwatch",https://www.imdb.com/title/tt12809802,TV Series,6.8,25,2025,"Animation, Action, Sci-Fi, Adventure, Thriller",4775,"2025-10-14",
tt34965515,7,2025-10-28,"Mr. Nobody Against Putin","Mr. Nobody Against Putin",https://www.imdb.com/title/tt34965515,Movie,7.4,90,2025,"Documentary",12475,"2025-03-22","David Borenstein,Pavel Talankin"
tt10374610,7,2025-10-24,"The Long Walk","The Long Walk",https://www.imdb.com/title/tt10374610,Movie,6.6,108,2025,"Thriller, Horror",141393,"2025-09-12","Francis Lawrence"
tt18392014,5,2025-10-23,"Play Dirty","Play Dirty",https://www.imdb.com/title/tt18392014,Movie,5.9,125,2025,"Crime, Drama, Action, Thriller",28845,"2025-10-01","Shane Black"
tt17676734,6,2025-10-23,"Americana","Americana",https://www.imdb.com/title/tt17676734,Movie,6.0,107,2023,"Crime, Drama, Comedy, Western",9260,"2025-08-22","Tony Tost"
tt7574556,7,2025-10-23,"Dead of Winter","Dead of Winter",https://www.imdb.com/title/tt7574556,Movie,6.1,98,2025,"Action, Thriller",23344,"2025-10-21","Brian Kirk"
tt31973693,7,2025-10-22,"The Roses","The Roses",https://www.imdb.com/title/tt31973693,Movie,6.6,105,2025,"Comedy",60732,"2025-08-29","Jay Roach"
tt32985279,6,2025-10-22,"Steve","Steve",https://www.imdb.com/title/tt32985279,Movie,6.4,93,2025,"Drama",20502,"2025-09-19","Tim Mielants"
tt34962891,6,2025-10-22,"The Perfect Neighbor","The Perfect Neighbor",https://www.imdb.com/title/tt34962891,Movie,7.1,96,2025,"Documentary, Crime, Drama, Thriller",33276,"2025-10-17","Geeta Gandbhir"
tt13849558,5,2025-10-22,"Corner Office","Corner Office",https://www.imdb.com/title/tt13849558,Movie,6.1,101,2022,"Comedy, Mystery, Drama",7547,"2023-08-04","Joachim Back"
tt38348802,7,2025-10-22,"Who Killed the Montreal Expos?","Qui a tué les Expos de Montréal?",https://www.imdb.com/title/tt38348802,Movie,6.7,90,2025,"Documentary, Sport",1062,"2025-10-21","Jean-François Poisson"
tt13650700,6,2025-10-21,"A Big Bold Beautiful Journey","A Big Bold Beautiful Journey",https://www.imdb.com/title/tt13650700,Movie,6.0,109,2025,"Drama, Fantasy, Romance",23378,"2025-09-19","Kogonada"
tt0247199,7,2025-10-21,"The Believer","The Believer",https://www.imdb.com/title/tt0247199,Movie,7.1,98,2001,"Drama",43960,"2001-08-23","Henry Bean"
tt1259571,4,2025-10-21,"The Twilight Saga: New Moon","The Twilight Saga: New Moon",https://www.imdb.com/title/tt1259571,Movie,4.8,130,2009,"Romance, Fantasy, Drama, Adventure",325304,"2009-11-20","Chris Weitz"
tt0277371,5,2025-10-21,"Not Another Teen Movie","Not Another Teen Movie",https://www.imdb.com/title/tt0277371,Movie,5.8,89,2001,"Romance, Comedy",128048,"2001-12-14","Joel Gallen"
tt1872818,5,2025-10-21,"Liberal Arts","Liberal Arts",https://www.imdb.com/title/tt1872818,Movie,6.7,97,2012,"Comedy, Drama, Romance",42238,"2012-10-05","Josh Radnor"
tt35520290,8,2025-10-21,"The Baltimorons","The Baltimorons",https://www.imdb.com/title/tt35520290,Movie,6.9,101,2025,"Comedy, Drama, Romance",4362,"2025-09-05","Jay Duplass"
tt12718300,6,2025-10-20,"Confess, Fletch","Confess, Fletch",https://www.imdb.com/title/tt12718300,Movie,6.4,98,2022,"Comedy, Crime, Mystery",27435,"2022-09-16","Greg Mottola"
tt0498396,4,2025-10-20,"The Twits","The Twits",https://www.imdb.com/title/tt0498396,Movie,4.7,98,2025,"Animation, Musical, Comedy, Adventure, Family, Fantasy",4556,"2025-10-17","Phil Johnston,Todd Demong,Katie Shanahan"
tt31888477,8,2025-10-16,"Downton Abbey: The Grand Finale","Downton Abbey: The Grand Finale",https://www.imdb.com/title/tt31888477,Movie,7.3,123,2025,"Drama",19479,"2025-09-12","Simon Curtis"
tt3044244,6,2025-10-15,"The Wonders","Le meraviglie",https://www.imdb.com/title/tt3044244,Movie,6.7,110,2014,"Drama",6744,"2015-10-30","Alice Rohrwacher"
tt4768776,7,2025-10-14,"Right Now, Wrong Then","Ji-geum-eun mat-go geu-ttae-neun teul-li-da",https://www.imdb.com/title/tt4768776,Movie,7.1,121,2015,"Drama, Romance",5555,"2015-09-24","Hong Sang-soo"
tt0283283,6,2025-10-13,"Millennium Mambo","Qian xi man bo",https://www.imdb.com/title/tt0283283,Movie,6.9,119,2001,"Romance, Drama",8720,"2001-10-31","Hsiao-Hsien Hou"
tt0328828,5,2025-10-13,"American Wedding","American Wedding",https://www.imdb.com/title/tt0328828,Movie,6.3,96,2003,"Comedy",230466,"2003-08-01","Jesse Dylan"
tt0252866,6,2025-10-13,"American Pie 2","American Pie 2",https://www.imdb.com/title/tt0252866,Movie,6.5,108,2001,"Comedy",288673,"2001-08-10","J.B. Rogers"
tt0163651,7,2025-10-13,"American Pie","American Pie",https://www.imdb.com/title/tt0163651,Movie,7.0,95,1999,"Comedy",471749,"1999-07-09","Paul Weitz"
tt1091722,8,2025-10-13,"Adventureland","Adventureland",https://www.imdb.com/title/tt1091722,Movie,6.8,107,2009,"Comedy, Drama, Romance",175229,"2009-04-03","Greg Mottola"
tt0090305,6,2025-10-13,"Weird Science","Weird Science",https://www.imdb.com/title/tt0090305,Movie,6.6,94,1985,"Sci-Fi, Romance, Comedy",106494,"1985-08-02","John Hughes"
tt21103218,7,2025-10-12,"The Lost Bus","The Lost Bus",https://www.imdb.com/title/tt21103218,Movie,6.8,130,2025,"Drama, Thriller, Biography, History",56153,"2025-10-03","Paul Greengrass"
tt2011232,8,2025-10-10,"Sigur Rós: Inni","Sigur Rós: Inni",https://www.imdb.com/title/tt2011232,Movie,7.8,74,2011,"Documentary, Music",741,"2011-10-28","Vincent Morisset"
tt0477731,7,2025-10-10,"Syndromes and a Century","Sang sattawat",https://www.imdb.com/title/tt0477731,Movie,7.3,105,2006,"Drama",4949,"2007-06-13","Apichatpong Weerasethakul"
tt31322753,7,2025-10-09,"Twinless","Twinless",https://www.imdb.com/title/tt31322753,Movie,7.3,100,2025,"Comedy, Drama",15962,"2025-09-05","James Sweeney"
tt2402927,8,2025-10-07,"Carol","Carol",https://www.imdb.com/title/tt2402927,Movie,7.3,118,2015,"Drama, Romance",154659,"2016-01-15","Todd Haynes"
tt1633359,6,2025-10-05,"The Toxic Avenger","The Toxic Avenger",https://www.imdb.com/title/tt1633359,Movie,5.8,102,2023,"Comedy, Action, Horror, Sci-Fi",19463,"2025-08-29","Macon Blair"
tt33247023,6,2025-10-04,"Splitsville","Splitsville",https://www.imdb.com/title/tt33247023,Movie,6.4,104,2025,"Comedy",17669,"2025-09-05","Michael Angelo Covino"
tt0120902,7,2025-10-03,"The X Files","The X Files",https://www.imdb.com/title/tt0120902,Movie,7.0,121,1998,"Mystery, Drama, Adventure, Sci-Fi, Thriller",115451,"1998-06-19","Rob Bowman"
tt1493274,7,2025-10-01,"Caught Stealing","Caught Stealing",https://www.imdb.com/title/tt1493274,Movie,6.8,107,2025,"Crime, Thriller, Comedy",88663,"2025-08-29","Darren Aronofsky"
tt11206512,7,2025-09-30,"Clemente","Clemente",https://www.imdb.com/title/tt11206512,Movie,8.1,101,2024,"Documentary, Biography",188,"2025-09-11","David Altrogge"
tt2098220,9,2025-09-30,"Hunter X Hunter","Hunter x Hunter",https://www.imdb.com/title/tt2098220,TV Series,9.0,24,2011,"Animation, Adventure, Comedy, Action, Fantasy",201741,"2016-04-17",
tt5834204,8,2025-09-29,"The Handmaid's Tale","The Handmaid's Tale",https://www.imdb.com/title/tt5834204,TV Series,8.3,60,2017,"Drama, Thriller, Sci-Fi",303198,"2017-04-26",
tt3514596,9,2025-09-29,"Fighting Spirit: Rising","Hajime No Ippo: Rising",https://www.imdb.com/title/tt3514596,TV Series,8.7,20,2013,"Animation, Action, Comedy, Sport",4348,"2013-10-05",
tt0311113,7,2025-09-28,"Master and Commander: The Far Side of the World","Master and Commander: The Far Side of the World",https://www.imdb.com/title/tt0311113,Movie,7.5,138,2003,"War, Drama, Adventure, Action",258415,"2003-11-14","Peter Weir"
tt26394837,7,2025-09-28,"Code 3","Code 3",https://www.imdb.com/title/tt26394837,Movie,7.2,104,2025,"Action, Comedy, Drama",20973,"2025-09-12","Christopher Leone"
tt2567712,8,2025-09-26,"Starred Up","Starred Up",https://www.imdb.com/title/tt2567712,Movie,7.3,106,2013,"Drama, Crime, Thriller",51791,"2014-08-26","David Mackenzie"
tt0456149,8,2025-09-24,"The Death of Mr. Lazarescu","Moartea domnului Lazarescu",https://www.imdb.com/title/tt0456149,Movie,7.8,153,2005,"Drama, Comedy",17080,"2005-09-22","Cristi Puiu"
tt10676052,7,2025-09-24,"The Fantastic Four: First Steps","The Fantastic Four: First Steps",https://www.imdb.com/title/tt10676052,Movie,6.8,115,2025,"Adventure, Action, Sci-Fi",282671,"2025-07-25","Matt Shakman"
tt0425489,7,2025-09-23,"La suerte está echada","La suerte está echada",https://www.imdb.com/title/tt0425489,Movie,7.1,97,2005,"Comedy",1195,"2005-08-11","Sebastián Borensztein"
tt10384744,7,2025-09-23,"Heroic Losers","La odisea de los giles",https://www.imdb.com/title/tt10384744,Movie,7.2,116,2019,"Drama, Adventure, Comedy, Crime, History, Thriller",15422,"2019-08-15","Sebastián Borensztein"
tt0250258,8,2025-09-22,"The Experiment","Das Experiment",https://www.imdb.com/title/tt0250258,Movie,7.7,120,2001,"Drama, Thriller",99094,"2001-03-08","Oliver Hirschbiegel"
tt0363226,8,2025-09-22,"The Blind Swordsman: Zatoichi","Zatôichi",https://www.imdb.com/title/tt0363226,Movie,7.4,116,2003,"Action, Drama, Crime, Comedy, Thriller",53441,"2003-09-06","Takeshi Kitano"
tt1095217,7,2025-09-22,"Bad Lieutenant: Port of Call New Orleans","The Bad Lieutenant: Port of Call - New Orleans",https://www.imdb.com/title/tt1095217,Movie,6.6,122,2009,"Crime, Drama, Mystery",85098,"2009-12-11","Werner Herzog"
tt11539996,6,2025-09-21,"Relay","Relay",https://www.imdb.com/title/tt11539996,Movie,7.0,112,2024,"Thriller, Action, Drama",40022,"2025-08-22","David Mackenzie"
tt26581740,8,2025-09-20,"Weapons","Weapons",https://www.imdb.com/title/tt26581740,Movie,7.4,128,2025,"Horror, Mystery",390996,"2025-08-08","Zach Cregger"
tt0119256,7,2025-09-19,"Hard Eight","Sydney",https://www.imdb.com/title/tt0119256,Movie,7.1,101,1996,"Crime, Drama",60262,"1997-02-28","Paul Thomas Anderson"
tt4900148,6,2025-09-18,"Elio","Elio",https://www.imdb.com/title/tt4900148,Movie,6.6,98,2025,"Animation, Drama, Adventure, Family, Fantasy, Comedy, Sci-Fi",47690,"2025-06-20","Adrian Molina,Madeline Sharafian,Domee Shi"
tt0115963,6,2025-09-16,"The Craft","The Craft",https://www.imdb.com/title/tt0115963,Movie,6.5,101,1996,"Fantasy, Drama, Thriller, Horror",120218,"1996-05-03","Andrew Fleming"
tt0190865,6,2025-09-16,"Vertical Limit","Vertical Limit",https://www.imdb.com/title/tt0190865,Movie,6.0,124,2000,"Drama, Sport, Thriller, Adventure, Action",70958,"2000-12-08","Martin Campbell"
tt0106179,9,2025-09-16,"The X-Files","The X Files",https://www.imdb.com/title/tt0106179,TV Series,8.6,45,1993,"Drama, Crime, Adventure, Sci-Fi, Mystery, Thriller",275353,"1993-09-10",
tt35851026,6,2025-09-16,"Yadang: The Snitch","Yadang: The Snitch",https://www.imdb.com/title/tt35851026,Movie,6.5,122,2025,"Action, Crime, Drama, Comedy, Thriller",1353,"2025-04-16","Hwang Byeng-Gug"
tt33310268,1,2025-09-15,"Wednesday: This Means Woe","Wednesday: This Means Woe",https://www.imdb.com/title/tt33310268,TV Episode,8.2,48,2025,"Comedy, Fantasy, Mystery, Crime, Horror",7552,"2025-09-03","Tim Burton"
tt28231777,6,2025-09-14,"Kill the Jockey","El jockey",https://www.imdb.com/title/tt28231777,Movie,6.3,96,2024,"Crime, Drama, Sport",3218,"2024-09-26","Luis Ortega"
tt28633405,5,2025-09-10,"Gazer","Gazer",https://www.imdb.com/title/tt28633405,Movie,5.5,114,2024,"Mystery, Thriller",597,"2025-04-23","Ryan J. Sloan"
tt1992744,9,2025-09-08,"Fighting Spirit: New Challenger","Hajime no Ippo: New Challenger",https://www.imdb.com/title/tt1992744,TV Series,8.8,,2009,"Animation, Sport, Action, Comedy, Drama",4844,"2009-01-06",
tt8368368,7,2025-09-07,"The Apprentice","The Apprentice",https://www.imdb.com/title/tt8368368,Movie,7.1,122,2024,"Biography, Drama, History",74988,"2024-10-11","Ali Abbasi"
tt1243974,5,2025-09-06,"Aloha","Aloha",https://www.imdb.com/title/tt1243974,Movie,5.4,105,2015,"Comedy, Drama, Romance",78410,"2015-05-29","Cameron Crowe"
tt31194612,6,2025-09-06,"Highest 2 Lowest","Highest 2 Lowest",https://www.imdb.com/title/tt31194612,Movie,5.5,133,2025,"Crime, Drama, Mystery, Thriller",35225,"2025-09-05","Spike Lee"
tt37674426,6,2025-09-05,"Unknown Number: The High School Catfish","Unknown Number: The High School Catfish",https://www.imdb.com/title/tt37674426,Movie,6.7,94,2025,"Documentary, Crime",22330,"2025-08-29","Skye Borgman"
tt28996126,7,2025-09-04,"Nobody 2","Nobody 2",https://www.imdb.com/title/tt28996126,Movie,6.3,89,2025,"Action, Comedy, Crime, Thriller",101902,"2025-08-15","Timo Tjahjanto"
tt3402138,6,2025-09-03,"The Naked Gun","The Naked Gun",https://www.imdb.com/title/tt3402138,Movie,6.3,85,2025,"Comedy, Action, Crime",133557,"2025-08-01","Akiva Schaffer"
tt1019454,7,2025-09-02,"Taking Chance","Taking Chance",https://www.imdb.com/title/tt1019454,TV Movie,7.4,77,2009,"Drama, War",18765,"2009-02-21","Ross Katz"
tt31184028,7,2025-09-02,"Together","Together",https://www.imdb.com/title/tt31184028,Movie,6.7,102,2025,"Horror, Romance",87144,"2025-07-30","Michael Shanks"
tt10627720,7,2025-09-01,"Ne Zha","Nezha: Mo tong jiang shi",https://www.imdb.com/title/tt10627720,Movie,7.3,110,2019,"Animation, Fantasy, Thriller, Action, Adventure",23828,"2019-07-26","Yu Yang"
tt1032815,4,2025-08-31,"I Love You, Beth Cooper","I Love You, Beth Cooper",https://www.imdb.com/title/tt1032815,Movie,5.4,102,2009,"Comedy, Romance, Adventure, Family",39630,"2009-07-10","Chris Columbus"
tt12001534,6,2025-08-31,"The Thursday Murder Club","The Thursday Murder Club",https://www.imdb.com/title/tt12001534,Movie,6.5,118,2025,"Mystery, Comedy, Crime, Thriller",91262,"2025-08-28","Chris Columbus"
tt27986457,7,2025-08-30,"She Rides Shotgun","She Rides Shotgun",https://www.imdb.com/title/tt27986457,Movie,6.5,120,2025,"Thriller, Drama, Action",14669,"2025-08-08","Nick Rowland"
tt16311594,8,2025-08-27,"F1: The Movie","F1",https://www.imdb.com/title/tt16311594,Movie,7.6,155,2025,"Sport, Drama",385377,"2025-06-27","Joseph Kosinski"
tt9603208,7,2025-08-25,"Mission: Impossible - The Final Reckoning","Mission: Impossible - The Final Reckoning",https://www.imdb.com/title/tt9603208,Movie,7.1,169,2025,"Action, Thriller, Adventure",238439,"2025-05-23","Christopher McQuarrie"
tt4912910,9,2025-08-25,"Mission: Impossible - Fallout","Mission: Impossible - Fallout",https://www.imdb.com/title/tt4912910,Movie,7.7,147,2018,"Action, Adventure, Thriller",423226,"2018-07-27","Christopher McQuarrie"
tt9603212,9,2025-08-24,"Mission: Impossible - Dead Reckoning Part One","Mission: Impossible - Dead Reckoning Part One",https://www.imdb.com/title/tt9603212,Movie,7.6,163,2023,"Action, Adventure, Thriller",331355,"2023-07-12","Christopher McQuarrie"
tt19403516,7,2025-08-21,"Hallow Road","Hallow Road",https://www.imdb.com/title/tt19403516,Movie,6.0,80,2025,"Drama, Thriller, Horror",14232,"2025-05-16","Babak Anvari"
tt8785038,5,2025-08-20,"Fixed","Fixed",https://www.imdb.com/title/tt8785038,Movie,5.2,87,2025,"Animation, Comedy, Adventure, Romance",5497,"2025-08-13","Genndy Tartakovsky"
tt0102510,6,2025-08-20,"The Naked Gun 2½: The Smell of Fear","The Naked Gun 2½: The Smell of Fear",https://www.imdb.com/title/tt0102510,Movie,6.9,85,1991,"Crime, Comedy",142640,"1991-06-28","David Zucker"
tt0110622,6,2025-08-20,"Naked Gun 33 1/3: The Final Insult","Naked Gun 33 1/3: The Final Insult",https://www.imdb.com/title/tt0110622,Movie,6.5,83,1994,"Crime, Comedy",129319,"1994-03-18","Peter Segal"
tt0058985,8,2025-08-19,"Happiness","Le bonheur",https://www.imdb.com/title/tt0058985,Movie,7.6,80,1965,"Romance, Drama",12047,"1997-05-16","Agnès Varda"
tt11041332,8,2025-08-19,"Yellowjackets","Yellowjackets",https://www.imdb.com/title/tt11041332,TV Series,7.7,60,2021,"Drama, Mystery, Thriller, Horror",116446,"2021-11-14",
tt21833834,6,2025-08-19,"Limbo","Limbo",https://www.imdb.com/title/tt21833834,Movie,6.2,108,2023,"Crime, Drama, Thriller, Mystery",2579,"2023-05-18","Ivan Sen"
tt0813547,8,2025-08-18,"The Counterfeiters","Die Fälscher",https://www.imdb.com/title/tt0813547,Movie,7.5,99,2007,"Drama, War, Crime, History",48732,"2008-04-18","Stefan Ruzowitzky"
tt1470827,6,2025-08-18,"Monsters","Monsters",https://www.imdb.com/title/tt1470827,Movie,6.3,94,2010,"Drama, Sci-Fi, Thriller, Adventure, Romance",102286,"2010-12-03","Gareth Edwards"
tt0099040,7,2025-08-17,"An Angel at My Table","An Angel at My Table",https://www.imdb.com/title/tt0099040,Movie,7.4,158,1990,"Biography, Drama",9499,"1990-09-20","Jane Campion"
tt31176520,6,2025-08-17,"Eddington","Eddington",https://www.imdb.com/title/tt31176520,Movie,6.6,148,2025,"Western, Comedy, Drama",64069,"2025-07-18","Ari Aster"
tt7784604,8,2025-08-17,"Hereditary","Hereditary",https://www.imdb.com/title/tt7784604,Movie,7.3,127,2018,"Horror, Drama, Mystery, Thriller",466141,"2018-06-08","Ari Aster"
tt5950044,8,2025-08-17,"Superman","Superman",https://www.imdb.com/title/tt5950044,Movie,7.0,129,2025,"Adventure, Sci-Fi, Action",436913,"2025-07-11","James Gunn"
tt29344903,7,2025-08-16,"The Ugly Stepsister","Den stygge stesøsteren",https://www.imdb.com/title/tt29344903,Movie,7.0,109,2025,"Comedy, Horror, Drama",47762,"2025-03-07","Emilie Blichfeldt"
tt32843349,7,2025-08-14,"Sorry, Baby","Sorry, Baby",https://www.imdb.com/title/tt32843349,Movie,7.1,103,2025,"Drama, Comedy",25577,"2025-07-25","Eva Victor"
tt36988358,8,2025-08-14,"Takopi's Original Sin","Takopii no genzai",https://www.imdb.com/title/tt36988358,TV Mini Series,8.7,30,2025,"Animation, Drama, Sci-Fi",28760,"2025-06-27",
tt0048750,7,2025-08-13,"The Trouble with Harry","The Trouble with Harry",https://www.imdb.com/title/tt0048750,Movie,7.0,99,1955,"Comedy, Mystery",43260,"1955-10-03","Alfred Hitchcock"
tt1334585,7,2025-08-13,"Burn-E","Burn·E",https://www.imdb.com/title/tt1334585,Video,7.5,8,2008,"Animation, Short, Adventure, Family, Sci-Fi, Comedy",13814,"2008-11-18","Angus MacLane"
tt14452776,9,2025-08-13,"The Bear","The Bear",https://www.imdb.com/title/tt14452776,TV Series,8.5,1611,2022,"Drama, Comedy",321582,"2022-06-23",
tt0099423,7,2025-08-12,"Die Hard 2","Die Hard 2",https://www.imdb.com/title/tt0099423,Movie,7.2,124,1990,"Thriller, Action",409093,"1990-07-03","Renny Harlin"
tt0451094,7,2025-08-11,"Sympathy for Lady Vengeance","Chinjeolhan Geumjassi",https://www.imdb.com/title/tt0451094,Movie,7.5,115,2005,"Drama, Crime, Thriller",94177,"2005-07-29","Park Chan-wook"
tt31036941,6,2025-08-10,"Jurassic World: Rebirth","Jurassic World: Rebirth",https://www.imdb.com/title/tt31036941,Movie,5.8,133,2025,"Thriller, Action, Adventure, Sci-Fi",203676,"2025-07-02","Gareth Edwards"
tt10548174,7,2025-08-07,"28 Years Later","28 Years Later",https://www.imdb.com/title/tt10548174,Movie,6.6,115,2025,"Horror, Thriller, Sci-Fi",224288,"2025-06-20","Danny Boyle"
tt0324554,7,2025-08-05,"Wicker Park","Wicker Park",https://www.imdb.com/title/tt0324554,Movie,6.9,114,2004,"Thriller, Mystery, Romance, Drama",60147,"2004-09-03","Paul McGuigan"
tt1295071,7,2025-08-05,"Tales of the Black Freighter","Tales of the Black Freighter",https://www.imdb.com/title/tt1295071,Video,7.0,26,2009,"Animation, Short, Horror, Action, Adventure",7562,"2009-03-24","Daniel DelPurgatorio,Mike Smith"
tt0841046,6,2025-08-05,"Walk Hard: The Dewey Cox Story","Walk Hard: The Dewey Cox Story",https://www.imdb.com/title/tt0841046,Movie,6.9,96,2007,"Comedy, Music",82342,"2007-12-21","Jake Kasdan"
tt0441909,8,2025-08-05,"Volver","Volver",https://www.imdb.com/title/tt0441909,Movie,7.6,121,2006,"Comedy, Drama",113469,"2007-01-26","Pedro Almodóvar"
tt0312549,7,2025-08-05,"Veronica Guerin","Veronica Guerin",https://www.imdb.com/title/tt0312549,Movie,6.8,98,2003,"Thriller, Crime, Biography, Drama",23137,"2003-10-17","Joel Schumacher"
tt0241025,6,2025-08-05,"Vanity Fair","Vanity Fair",https://www.imdb.com/title/tt0241025,Movie,6.2,141,2004,"Drama",24314,"2004-09-01","Mira Nair"
tt0361089,5,2025-08-05,"Valiant","Valiant",https://www.imdb.com/title/tt0361089,Movie,5.5,76,2005,"Animation, Comedy, Adventure, Family, War",26061,"2005-08-19","Gary Chapman"
tt0888817,8,2025-08-05,"Family Guy: Blue Harvest","Family Guy: Blue Harvest",https://www.imdb.com/title/tt0888817,TV Episode,8.2,48,2007,"Animation, Comedy",8795,"2007-09-23","Dominic Polcino,James Purdum,Peter Shin"
tt0806147,3,2025-08-05,"Extreme Movie","Extreme Movie",https://www.imdb.com/title/tt0806147,Movie,3.7,86,2008,"Comedy",12045,"2009-07-29","Adam Jay Epstein,Andrew Jacobson"
tt1225822,6,2025-08-05,"Extract","Extract",https://www.imdb.com/title/tt1225822,Movie,6.1,92,2009,"Comedy, Crime, Romance",53287,"2009-09-04","Mike Judge"
tt0780511,6,2025-08-05,"Everybody's Fine","Everybody's Fine",https://www.imdb.com/title/tt0780511,Movie,7.1,99,2009,"Drama, Adventure",67911,"2009-12-04","Kirk Jones"
tt0765447,6,2025-08-05,"Evening","Evening",https://www.imdb.com/title/tt0765447,Movie,6.4,117,2007,"Drama, Romance",14458,"2007-06-29","Lajos Koltai"
tt0424993,6,2025-08-05,"Employee of the Month","Employee of the Month",https://www.imdb.com/title/tt0424993,Movie,5.6,103,2006,"Comedy, Romance",53386,"2006-10-06","Greg Coolidge"
tt0315543,8,2025-08-05,"Open Hearts","Elsker dig for evigt",https://www.imdb.com/title/tt0315543,Movie,7.5,113,2002,"Romance, Drama",11727,"2002-09-06","Susanne Bier"
tt0453047,7,2025-08-05,"Elsa y Fred","Elsa y Fred",https://www.imdb.com/title/tt0453047,Movie,7.5,108,2005,"Comedy, Drama, Romance",3790,"2005-07-28","Marcos Carnevale"
tt1085862,6,2025-08-05,"El rey de la montaña","El rey de la montaña",https://www.imdb.com/title/tt1085862,Movie,6.1,90,2007,"Thriller",3483,"2008-09-12","Gonzalo López-Gallego"
tt0818123,6,2025-08-05,"The Mudboy","El niño de barro",https://www.imdb.com/title/tt0818123,Movie,6.2,103,2007,"Thriller, Horror, Crime, Drama, Mystery",822,"2007-05-18","Jorge Algora"
tt0997152,7,2025-08-05,"The Experiment","The Experiment",https://www.imdb.com/title/tt0997152,Movie,6.4,96,2010,"Drama, Thriller",60085,"2010-08-12","Paul T. Scheuring"
tt0464828,6,2025-08-05,"Quand j'étais chanteur","Quand j'étais chanteur",https://www.imdb.com/title/tt0464828,Movie,6.4,112,2006,"Drama, Romance, Music",2405,"2006-09-13","Xavier Giannoli"
tt0015648,9,2025-08-05,"Battleship Potemkin","Bronenosets Potyomkin",https://www.imdb.com/title/tt0015648,Movie,7.9,66,1925,"History, Drama, Thriller, War",65507,"1925-12-24","Sergei Eisenstein"
tt0393597,8,2025-08-05,"Earth","Earth",https://www.imdb.com/title/tt0393597,Movie,7.9,90,2007,"Documentary",14984,"2009-04-22","Alastair Fothergill,Mark Linfield"
tt1135487,6,2025-08-05,"Duplicity","Duplicity",https://www.imdb.com/title/tt1135487,Movie,6.1,125,2009,"Thriller, Romance, Crime, Comedy",53983,"2009-03-20","Tony Gilroy"
tt0266489,6,2025-08-05,"Duplex","Duplex",https://www.imdb.com/title/tt0266489,Movie,5.9,89,2003,"Comedy",65925,"2003-09-26","Danny DeVito"
tt0130623,6,2025-08-05,"Dinosaur","Dinosaur",https://www.imdb.com/title/tt0130623,Movie,6.4,82,2000,"Animation, Drama, Fantasy, Adventure, Family",73429,"2000-05-19","Eric Leighton,Ralph Zondag"
tt0817538,5,2025-08-05,"Drillbit Taylor","Drillbit Taylor",https://www.imdb.com/title/tt0817538,Movie,5.7,110,2008,"Comedy, Action, Crime",64675,"2008-03-21","Steven Brill"
tt0848557,6,2025-08-05,"Diary of the Dead","Diary of the Dead",https://www.imdb.com/title/tt0848557,Movie,5.5,95,2007,"Horror, Thriller, Fantasy, Sci-Fi",51298,"2008-02-22","George A. Romero"
tt0411702,7,2025-08-05,"The Ninth Day","Der neunte Tag",https://www.imdb.com/title/tt0411702,Movie,7.0,98,2004,"Drama, War, Thriller",2022,"2004-11-11","Volker Schlöndorff"
tt1034303,7,2025-08-05,"Defiance","Defiance",https://www.imdb.com/title/tt1034303,Movie,7.1,137,2008,"Drama, War, Thriller, Action, History",161593,"2009-01-16","Edward Zwick"
tt1303828,6,2025-08-05,"Defendor","Defendor",https://www.imdb.com/title/tt1303828,Movie,6.7,101,2009,"Drama, Crime, Comedy",38283,"2010-05-13","Peter Stebbings"
tt0800240,6,2025-08-05,"Deception","Deception",https://www.imdb.com/title/tt0800240,Movie,6.0,107,2008,"Thriller, Drama, Crime, Mystery",42330,"2008-04-25","Marcel Langenegger"
tt0452608,5,2025-08-05,"Death Race","Death Race",https://www.imdb.com/title/tt0452608,Movie,6.4,105,2008,"Action, Thriller, Sci-Fi",229425,"2008-08-22","Paul W.S. Anderson"
tt0472071,5,2025-08-05,"Death Defying Acts","Death Defying Acts",https://www.imdb.com/title/tt0472071,Movie,5.8,97,2007,"Drama, Romance, Thriller, History",10840,"2008-03-13","Gillian Armstrong"
tt32085997,5,2025-08-05,"Misericordia","Miséricorde",https://www.imdb.com/title/tt32085997,Movie,6.7,104,2024,"Comedy, Drama, Crime",5108,"2025-03-21","Alain Guiraudie"
tt7766378,5,2025-08-05,"The Electric State","The Electric State",https://www.imdb.com/title/tt7766378,Movie,5.9,128,2025,"Action, Adventure, Drama, Sci-Fi, Comedy",87024,"2025-03-14","Anthony Russo,Joe Russo"
tt8740614,8,2025-08-04,"The Residence","The Residence",https://www.imdb.com/title/tt8740614,TV Mini Series,7.7,50,2025,"Drama, Mystery, Comedy, Crime",64855,"2025-03-20",
tt0238784,10,2025-08-03,"Gilmore Girls","Gilmore Girls",https://www.imdb.com/title/tt0238784,TV Series,8.2,45,2000,"Comedy, Drama",176005,"2000-10-05",
tt0089457,7,2025-08-03,"Ladyhawke","Ladyhawke",https://www.imdb.com/title/tt0089457,Movie,6.9,121,1985,"Drama, Comedy, Adventure, Fantasy",55690,"1985-04-12","Richard Donner"
tt0373074,8,2025-08-03,"Kung Fu Hustle","Kung Fu Hustle",https://www.imdb.com/title/tt0373074,Movie,7.7,99,2004,"Action, Comedy, Fantasy",165874,"2005-04-22","Stephen Chow"
tt32299316,6,2025-08-03,"Dangerous Animals","Dangerous Animals",https://www.imdb.com/title/tt32299316,Movie,6.4,98,2025,"Horror, Thriller",38680,"2025-06-06","Sean Byrne"
tt12908150,7,2025-08-01,"The Life of Chuck","The Life of Chuck",https://www.imdb.com/title/tt12908150,Movie,7.3,111,2024,"Drama, Fantasy, Sci-Fi",76866,"2025-06-13","Mike Flanagan"
tt0075005,8,2025-08-01,"The Omen","The Omen",https://www.imdb.com/title/tt0075005,Movie,7.5,111,1976,"Mystery, Horror",147327,"1976-06-25","Richard Donner"
tt32204858,7,2025-08-01,"Late Shift","Heldin",https://www.imdb.com/title/tt32204858,Movie,7.7,92,2025,"Drama, Thriller",10916,"2025-02-27","Petra Biondina Volpe"
tt0260991,7,2025-07-31,"Joint Security Area","Gongdong gyeongbi guyeok JSA",https://www.imdb.com/title/tt0260991,Movie,7.7,110,2000,"Thriller, War, Action, Drama",39349,"2000-09-09","Park Chan-wook"
tt0243133,7,2025-07-31,"The Man Who Wasn't There","The Man Who Wasn't There",https://www.imdb.com/title/tt0243133,Movie,7.5,116,2001,"Crime, Drama",121027,"2001-11-16","Joel Coen,Ethan Coen"
tt30253473,7,2025-07-30,"Materialists","Materialists",https://www.imdb.com/title/tt30253473,Movie,6.2,116,2025,"Romance, Comedy, Drama",104660,"2025-06-13","Celine Song"
tt18346498,7,2025-07-30,"Architecton","Architecton",https://www.imdb.com/title/tt18346498,Movie,6.4,98,2024,"Documentary",1001,"2024-10-03","Victor Kossakovsky"
tt6878038,7,2025-07-30,"A Taxi Driver","Taeksi woonjunsa",https://www.imdb.com/title/tt6878038,Movie,7.9,137,2017,"History, Drama, Action",38873,"2017-08-11","Hun Jang"
tt3404140,7,2025-07-29,"The Attorney","Byeon-ho-in",https://www.imdb.com/title/tt3404140,Movie,7.7,127,2013,"Drama, Crime, History",8564,"2014-02-07","Yang Woo-seok"
tt0112508,7,2025-07-29,"Billy Madison","Billy Madison",https://www.imdb.com/title/tt0112508,Movie,6.4,89,1995,"Comedy",168768,"1995-02-10","Tamra Davis"
tt29634843,7,2025-07-28,"40 Acres","40 Acres",https://www.imdb.com/title/tt29634843,Movie,6.4,113,2024,"Drama, Fantasy, Thriller, Action",7466,"2025-07-02","R.T. Thorne"
tt29424168,6,2025-07-27,"Inside","Inside",https://www.imdb.com/title/tt29424168,Movie,6.4,104,2024,"Crime, Thriller, Drama",1403,"2025-02-27","Charles Williams"
tt0105629,5,2025-07-27,"Toys","Toys",https://www.imdb.com/title/tt0105629,Movie,5.2,118,1992,"Drama, Family, Adventure, Comedy, Fantasy",35513,"1992-12-18","Barry Levinson"
tt1703925,8,2025-07-27,"Wilfred","Wilfred",https://www.imdb.com/title/tt1703925,TV Series,7.8,22,2011,"Comedy, Drama, Mystery",45774,"2011-06-23",
tt31868189,6,2025-07-26,"Happy Gilmore 2","Happy Gilmore 2",https://www.imdb.com/title/tt31868189,Movie,6.1,114,2025,"Comedy, Sport",121915,"2025-07-25","Kyle Newacheck"
tt0285005,6,2025-07-25,"Dead or Alive 2: Birds","Dead or Alive 2: Tôbôsha",https://www.imdb.com/title/tt0285005,Movie,6.8,97,2000,"Drama, Thriller, Action, Comedy, Crime",4364,"2000-12-02","Takashi Miike"
tt0469062,5,2025-07-25,"Danika","Danika",https://www.imdb.com/title/tt0469062,Movie,5.5,79,2005,"Thriller, Drama, Horror, Mystery",4170,"2005-06-10","Ariel Vromen"
tt0381971,6,2025-07-25,"Curious George","Curious George",https://www.imdb.com/title/tt0381971,Movie,6.5,87,2006,"Animation, Adventure, Family, Comedy",19689,"2006-02-10","Matthew O'Callaghan"
tt0384286,5,2025-07-25,"Cry Wolf","Cry Wolf",https://www.imdb.com/title/tt0384286,Movie,5.8,90,2005,"Thriller, Horror, Drama, Mystery",29989,"2005-09-16","Jeff Wadlow"
tt0097123,8,2025-07-25,"Crimes and Misdemeanors","Crimes and Misdemeanors",https://www.imdb.com/title/tt0097123,Movie,7.8,104,1989,"Drama, Comedy",63616,"1989-11-03","Woody Allen"
tt0395125,7,2025-07-25,"The Ferpect Crime","Crimen ferpecto",https://www.imdb.com/title/tt0395125,Movie,7.0,105,2004,"Comedy, Crime, Thriller",13711,"2004-10-22","Álex de la Iglesia"
tt0381966,5,2025-07-25,"Creep","Creep",https://www.imdb.com/title/tt0381966,Movie,5.6,85,2004,"Horror, Thriller, Mystery",34381,"2005-01-28","Christopher Smith"
tt1121931,5,2025-07-25,"Crank: High Voltage","Crank: High Voltage",https://www.imdb.com/title/tt1121931,Movie,6.1,96,2009,"Action, Thriller",168172,"2009-04-17","Mark Neveldine,Brian Taylor"
tt0266425,8,2025-07-25,"Conspiracy","Conspiracy",https://www.imdb.com/title/tt0266425,TV Movie,7.6,96,2001,"War, History, Biography, Drama",30509,"2001-05-19","Frank Pierson"
tt0452598,5,2025-07-25,"Cheaper by the Dozen 2","Cheaper by the Dozen 2",https://www.imdb.com/title/tt0452598,Movie,5.6,94,2005,"Comedy, Family, Adventure",67472,"2005-12-21","Adam Shankman"
tt0892255,6,2025-07-25,"Che: Part One","Che: Part One",https://www.imdb.com/title/tt0892255,Movie,7.1,134,2008,"Drama, War, Biography, History",49976,"2009-01-24","Steven Soderbergh"
tt0342172,8,2025-07-25,"Capturing the Friedmans","Capturing the Friedmans",https://www.imdb.com/title/tt0342172,Movie,7.6,107,2003,"Documentary, Biography, Crime",28952,"2003-07-18","Andrew Jarecki"
tt0424880,7,2025-07-25,"Candy","Candy",https://www.imdb.com/title/tt0424880,Movie,7.2,108,2006,"Drama, Romance",50028,"2006-05-25","Neil Armfield"
tt0062765,8,2025-07-25,"Bullitt","Bullitt",https://www.imdb.com/title/tt0062765,Movie,7.4,114,1968,"Thriller, Crime, Action",81570,"1968-10-17","Peter Yates"
tt0317198,6,2025-07-25,"Bridget Jones: The Edge of Reason","Bridget Jones: The Edge of Reason",https://www.imdb.com/title/tt0317198,Movie,6.0,108,2004,"Drama, Romance, Comedy",133734,"2004-11-19","Beeban Kidron"
tt0901476,5,2025-07-25,"Bride Wars","Bride Wars",https://www.imdb.com/title/tt0901476,Movie,5.5,89,2009,"Romance, Comedy",124888,"2009-01-09","Gary Winick"
tt0445935,6,2025-07-25,"Bordertown","Bordertown",https://www.imdb.com/title/tt0445935,Movie,6.0,112,2007,"Crime, Thriller, Mystery",12045,"2008-05-16","Gregory Nava"
tt0090756,8,2025-07-25,"Blue Velvet","Blue Velvet",https://www.imdb.com/title/tt0090756,Movie,7.7,120,1986,"Drama, Crime, Thriller, Mystery",247839,"1986-10-23","David Lynch"
tt0311320,7,2025-07-25,"Blind Spot. Hitler's Secretary","Im toten Winkel - Hitlers Sekretärin",https://www.imdb.com/title/tt0311320,Movie,7.3,90,2002,"Documentary, Biography, War",1932,"2002-03-22","André Heller,Othmar Schmiderer"
tt0124298,7,2025-07-25,"Blast from the Past","Blast from the Past",https://www.imdb.com/title/tt0124298,Movie,6.7,112,1999,"Sci-Fi, Romance, Drama, Comedy",78162,"1999-02-12","Hugh Wilson"
tt0779982,6,2025-07-25,"Black Sheep","Black Sheep",https://www.imdb.com/title/tt0779982,Movie,5.8,87,2006,"Comedy, Horror, Sci-Fi",43726,"2007-03-29","Jonathan King"
tt0488085,7,2025-07-25,"Big Nothing","Big Nothing",https://www.imdb.com/title/tt0488085,Movie,6.7,86,2006,"Comedy, Thriller, Crime",33214,"2006-12-01","Jean-Baptiste Andrea"
tt0402057,6,2025-07-25,"Beowulf & Grendel","Beowulf & Grendel",https://www.imdb.com/title/tt0402057,Movie,5.8,104,2005,"Action, Adventure, Drama, Fantasy",19341,"2006-03-09","Sturla Gunnarsson"
tt0387059,5,2025-07-25,"Bee Season","Bee Season",https://www.imdb.com/title/tt0387059,Movie,5.4,104,2005,"Drama, Family",7504,"2005-11-23","Scott McGehee,David Siegel"
tt0858486,5,2025-07-25,"Battle for Terra","Terra",https://www.imdb.com/title/tt0858486,Movie,6.5,85,2007,"Animation, Adventure, Sci-Fi, Action, Family, Thriller",12585,"2009-05-01","Aristomenis Tsirbas"
tt1117563,6,2025-07-25,"Batman: Gotham Knight","Batman: Gotham Knight",https://www.imdb.com/title/tt1117563,Video,6.6,75,2008,"Animation, Action, Crime, Sci-Fi, Thriller, Drama",32071,"2008-07-08","Yasuhiro Aoki,Futoshi Higashide,Toshiyuki Kubooka,Hiroshi Morioka,Jong-Sik Nam,Shōjirō Nishimi,Yoshiaki Kawajiri,Yūichirō Hayashi"
tt0414853,5,2025-07-25,"Barnyard","Barnyard",https://www.imdb.com/title/tt0414853,Movie,5.7,90,2006,"Animation, Comedy, Family, Adventure, Drama",39107,"2006-08-04","Steve Oedekerk"
tt0814022,4,2025-07-25,"Bangkok Dangerous","Bangkok Dangerous",https://www.imdb.com/title/tt0814022,Movie,5.3,99,2008,"Action, Thriller, Crime",59807,"2008-09-05","Danny Pang,Oxide Chun Pang"
tt0103759,7,2025-07-25,"Bad Lieutenant","Bad Lieutenant",https://www.imdb.com/title/tt0103759,Movie,7.0,96,1992,"Thriller, Crime, Drama",52999,"1992-12-17","Abel Ferrara"
tt0971209,6,2025-07-25,"A Perfect Getaway","A Perfect Getaway",https://www.imdb.com/title/tt0971209,Movie,6.5,98,2009,"Thriller, Mystery, Drama",82486,"2009-08-07","David Twohy"
tt0211933,5,2025-07-25,"Awake","Awake",https://www.imdb.com/title/tt0211933,Movie,6.5,84,2007,"Thriller, Crime, Mystery, Drama",88548,"2007-11-30","Joby Harold"
tt0426931,7,2025-07-25,"August Rush","August Rush",https://www.imdb.com/title/tt0426931,Movie,7.4,114,2007,"Drama, Music",115120,"2007-11-21","Kirsten Sheridan"
tt0455824,7,2025-07-25,"Australia","Australia",https://www.imdb.com/title/tt0455824,Movie,6.6,165,2008,"Drama, War, Adventure, Romance, Western",134161,"2008-11-26","Baz Luhrmann"
tt0808151,6,2025-07-25,"Angels & Demons","Angels & Demons",https://www.imdb.com/title/tt0808151,Movie,6.7,138,2009,"Mystery, Thriller",327682,"2009-05-15","Ron Howard"
tt0092563,7,2025-07-25,"Angel Heart","Angel Heart",https://www.imdb.com/title/tt0092563,Movie,7.2,113,1987,"Horror, Thriller, Mystery",105174,"1987-03-06","Alan Parker"
tt0899138,5,2025-07-25,"An American Affair","An American Affair",https://www.imdb.com/title/tt0899138,Movie,6.2,93,2008,"Drama",2507,"2019-02-06","William Olsson"
tt0050105,7,2025-07-25,"An Affair to Remember","An Affair to Remember",https://www.imdb.com/title/tt0050105,Movie,7.4,115,1957,"Romance, Drama",35949,"1957-07-19","Leo McCarey"
tt1129445,5,2025-07-25,"Amelia","Amelia",https://www.imdb.com/title/tt1129445,Movie,5.8,111,2009,"Biography, Drama, Adventure, Romance",14330,"2009-10-23","Mira Nair"
tt0952640,4,2025-07-25,"Alvin and the Chipmunks","Alvin and the Chipmunks",https://www.imdb.com/title/tt0952640,Movie,5.3,92,2007,"Animation, Musical, Comedy, Family, Adventure, Fantasy, Music",106912,"2007-12-14","Tim Hill"
tt0462721,5,2025-07-25,"Stories of Lost Souls","Stories of Lost Souls",https://www.imdb.com/title/tt0462721,Movie,5.2,90,2005,"Drama, Comedy, Thriller",881,"2005","Illeana Douglas,Deborra-Lee Furness,William Garcia,Paul Holmes,Mark Palansky,Col Spector,Taratoa Stappard,Andrew Upton"
tt0479341,6,2025-07-25,"Adam Resurrected","Adam Resurrected",https://www.imdb.com/title/tt0479341,Movie,6.2,106,2008,"Drama, War",4747,"2008-12-12","Paul Schrader"
tt0074119,8,2025-07-25,"All the President's Men","All the President's Men",https://www.imdb.com/title/tt0074119,Movie,7.9,138,1976,"History, Drama, Thriller",138872,"1976-04-09","Alan J. Pakula"
tt0391304,6,2025-07-25,"A Lot Like Love","A Lot Like Love",https://www.imdb.com/title/tt0391304,Movie,6.6,107,2005,"Comedy, Drama, Romance",73816,"2005-04-22","Nigel Cole"
tt0401445,6,2025-07-25,"A Good Year","A Good Year",https://www.imdb.com/title/tt0401445,Movie,6.9,117,2006,"Comedy, Drama, Romance",107742,"2006-11-10","Ridley Scott"
tt0292886,6,2025-07-25,"Eight Hundred Bullets","800 balas",https://www.imdb.com/title/tt0292886,Movie,6.3,124,2002,"Action, Drama, Western, Adventure, Thriller, Comedy",4979,"2002-10-18","Álex de la Iglesia"
tt0463854,7,2025-07-25,"28 Weeks Later","28 Weeks Later",https://www.imdb.com/title/tt0463854,Movie,6.8,100,2007,"Horror, Sci-Fi",367087,"2007-05-11","Juan Carlos Fresnadillo"
tt0478087,6,2025-07-25,"21","21",https://www.imdb.com/title/tt0478087,Movie,6.8,123,2008,"Drama, Crime, Thriller",282443,"2008-03-28","Robert Luketic"
tt0984155,6,2025-07-25,"Before the Fall","Tres días",https://www.imdb.com/title/tt0984155,Movie,5.9,97,2008,"Drama, Crime, Thriller, Sci-Fi",2467,"2008-04-25","F. Javier Gutiérrez"
tt0974661,6,2025-07-25,"17 Again","17 Again",https://www.imdb.com/title/tt0974661,Movie,6.4,102,2009,"Comedy, Drama, Fantasy, Romance, Sport",233569,"2009-04-17","Burr Steers"
tt0450232,6,2025-07-25,"16 Blocks","16 Blocks",https://www.imdb.com/title/tt0450232,Movie,6.6,102,2006,"Action, Drama, Thriller",139068,"2006-03-03","Richard Donner"
tt0499603,7,2025-07-25,"10 Items or Less","10 Items or Less",https://www.imdb.com/title/tt0499603,Movie,6.5,82,2006,"Comedy, Drama",17229,"2007-02-08","Brad Silberling"
tt30253514,7,2025-07-23,"Pavements","Pavements",https://www.imdb.com/title/tt30253514,Movie,7.0,128,2024,"Documentary, Music, Biography, Drama",1302,"2025-08-15","Alex Ross Perry"
tt0275847,8,2025-07-23,"Lilo & Stitch","Lilo & Stitch",https://www.imdb.com/title/tt0275847,Movie,7.4,85,2002,"Animation, Adventure, Comedy, Drama, Sci-Fi, Family",246373,"2002-06-21","Dean DeBlois,Chris Sanders"
tt11655566,7,2025-07-23,"Lilo & Stitch","Lilo & Stitch",https://www.imdb.com/title/tt11655566,Movie,6.7,108,2025,"Adventure, Family, Action, Comedy, Drama, Fantasy, Sci-Fi",97734,"2025-05-23","Dean Fleischer Camp"
tt3198698,6,2025-07-23,"Hunter x Hunter: The Last Mission","Gekijôban Hunter x Hunter: The Last Mission",https://www.imdb.com/title/tt3198698,Movie,6.5,97,2013,"Animation, Action, Adventure",3462,"2013-12-27","Keiichirô Kawaguchi"
tt26843513,6,2025-07-22,"Sovereign","Sovereign",https://www.imdb.com/title/tt26843513,Movie,6.5,100,2025,"Drama, Crime, Thriller",8749,"2025-07-11","Christian Swegal"
tt0019760,7,2025-07-21,"Man with a Movie Camera","Chelovek s kino-apparatom",https://www.imdb.com/title/tt0019760,Movie,8.3,68,1929,"Documentary",30614,"1929-05-12","Dziga Vertov"
tt32083311,6,2025-07-21,"On Becoming a Guinea Fowl","On Becoming a Guinea Fowl",https://www.imdb.com/title/tt32083311,Movie,7.0,99,2024,"Drama, Comedy",2813,"2025-07-04","Rungano Nyoni"
tt34241453,6,2025-07-21,"Hill","Hill",https://www.imdb.com/title/tt34241453,Movie,7.3,90,2025,"Documentary, Biography, Sport",479,"2025-02-27","Alex Holmes"
tt23149780,7,2025-07-20,"Eden","Eden",https://www.imdb.com/title/tt23149780,Movie,6.5,129,2024,"Thriller, History, Adventure, Drama",47408,"2025-08-22","Ron Howard"
tt26743210,8,2025-07-18,"How to Train Your Dragon","How to Train Your Dragon",https://www.imdb.com/title/tt26743210,Movie,7.7,125,2025,"Adventure, Action, Family, Fantasy, Comedy, Drama",139850,"2025-06-13","Dean DeBlois"
tt26342662,6,2025-07-16,"M3GAN 2.0","M3GAN 2.0",https://www.imdb.com/title/tt26342662,Movie,6.0,120,2025,"Sci-Fi, Thriller, Action, Horror",55192,"2025-06-27","Gerard Johnstone"
tt27560723,6,2025-07-16,"Everything's Going to Be Great","Everything's Going to Be Great",https://www.imdb.com/title/tt27560723,Movie,5.6,95,2025,"Drama, Comedy, Music",1912,"2025-10-06","Jon S. Baird"
tt0093409,7,2025-07-14,"Lethal Weapon","Lethal Weapon",https://www.imdb.com/title/tt0093409,Movie,7.6,109,1987,"Thriller, Crime, Action",297913,"1987-03-06","Richard Donner"
tt0115734,7,2025-07-14,"Bottle Rocket","Bottle Rocket",https://www.imdb.com/title/tt0115734,Movie,6.9,91,1996,"Drama, Crime, Comedy",88879,"1996-02-21","Wes Anderson"
tt31800329,7,2025-07-14,"The Wonderful Story of Henry Sugar and Three More","The Wonderful Story of Henry Sugar and Three More",https://www.imdb.com/title/tt31800329,Movie,7.1,88,2024,"Comedy, Drama, Fantasy",13285,"2024-03-15","Wes Anderson"
tt30840798,7,2025-07-14,"The Phoenician Scheme","The Phoenician Scheme",https://www.imdb.com/title/tt30840798,Movie,6.6,101,2025,"Action, Comedy, Thriller, Crime, Drama",72305,"2025-06-06","Wes Anderson"
tt14961624,4,2025-07-13,"The Old Guard 2","The Old Guard 2",https://www.imdb.com/title/tt14961624,Movie,5.1,107,2025,"Action, Adventure, Fantasy, Thriller",47953,"2025-07-02","Victoria Mahoney"
tt13357520,6,2025-07-13,"Heads of State","Heads of State",https://www.imdb.com/title/tt13357520,Movie,6.4,116,2025,"Action, Thriller, Comedy, Adventure",71493,"2025-07-02","Ilya Naishuller"
tt15459206,7,2025-07-13,"Maldoror","Maldoror",https://www.imdb.com/title/tt15459206,Movie,6.6,155,2024,"Drama, Thriller, Crime",2126,"2025-01-15","Fabrice du Welz"
tt1674782,6,2025-07-12,"Karate Kid: Legends","Karate Kid: Legends",https://www.imdb.com/title/tt1674782,Movie,6.3,94,2025,"Action, Drama, Family, Sport",49743,"2025-05-30","Jonathan Entwistle"
tt1667354,7,2025-07-12,"The Painted Bird","Nabarvené ptáce",https://www.imdb.com/title/tt1667354,Movie,7.3,169,2019,"Drama, War, Thriller, Horror",8714,"2020-07-17","Václav Marhoul"
tt0119375,7,2025-07-11,"Insomnia","Insomnia",https://www.imdb.com/title/tt0119375,Movie,7.2,96,1997,"Mystery, Crime, Thriller",17657,"1998-05-29","Erik Skjoldbjærg"
tt20212786,6,2025-07-10,"The Shrouds","The Shrouds",https://www.imdb.com/title/tt20212786,Movie,5.7,120,2024,"Thriller, Sci-Fi, Drama, Horror",9580,"2025-04-25","David Cronenberg"
tt0218839,6,2025-07-10,"Best in Show","Best in Show",https://www.imdb.com/title/tt0218839,Movie,7.5,90,2000,"Comedy",76180,"2000-10-20","Christopher Guest"
tt7181546,6,2025-07-10,"Ballerina","Ballerina",https://www.imdb.com/title/tt7181546,Movie,6.8,124,2025,"Action, Thriller, Adventure, Crime, Drama",160493,"2025-06-06","Len Wiseman"
tt1232776,7,2025-07-10,"Fish Tank","Fish Tank",https://www.imdb.com/title/tt1232776,Movie,7.3,123,2009,"Drama",68614,"2009-09-11","Andrea Arnold"
tt0251114,6,2025-07-08,"Hart's War","Hart's War",https://www.imdb.com/title/tt0251114,Movie,6.4,125,2002,"Drama, War",58069,"2002-02-15","Gregory Hoblit"
tt0338526,5,2025-07-08,"Van Helsing","Van Helsing",https://www.imdb.com/title/tt0338526,Movie,6.1,131,2004,"Fantasy, Thriller, Adventure, Action",309022,"2004-05-07","Stephen Sommers"
tt0311429,5,2025-07-08,"The League of Extraordinary Gentlemen","The League of Extraordinary Gentlemen",https://www.imdb.com/title/tt0311429,Movie,5.8,110,2003,"Fantasy, Adventure, Sci-Fi, Action",192893,"2003-07-11","Stephen Norrington"
tt13652286,6,2025-07-08,"Fight or Flight","Fight or Flight",https://www.imdb.com/title/tt13652286,Movie,6.4,102,2024,"Action, Comedy",28255,"2025-05-09","James Madigan"
tt30505698,6,2025-07-07,"Friendship","Friendship",https://www.imdb.com/title/tt30505698,Movie,6.6,100,2024,"Comedy",41636,"2025-05-23","Andrew DeYoung"
tt1371711,8,2025-07-07,"Charles Darwin and the Tree of Life","Charles Darwin and the Tree of Life",https://www.imdb.com/title/tt1371711,TV Movie,8.4,59,2009,"Documentary, Family",2304,"2009-02-01",
tt32246771,7,2025-07-07,"Bring Her Back","Bring Her Back",https://www.imdb.com/title/tt32246771,Movie,7.1,104,2025,"Horror, Mystery",138259,"2025-05-30","Danny Philippou,Michael Philippou"
tt27740241,7,2025-07-07,"The Eternaut","El Eternauta",https://www.imdb.com/title/tt27740241,TV Series,7.2,60,2025,"Drama, Sci-Fi, Action, Adventure",37353,"2025-04-30",
tt20969586,7,2025-07-07,"Thunderbolts*","Thunderbolts*",https://www.imdb.com/title/tt20969586,Movie,7.1,127,2025,"Action, Adventure, Sci-Fi, Crime, Drama, Fantasy",296356,"2025-05-02","Jake Schreier"
tt0113243,6,2025-07-06,"Hackers","Hackers",https://www.imdb.com/title/tt0113243,Movie,6.2,105,1995,"Crime, Drama, Romance, Thriller",82705,"1995-09-15","Iain Softley"
tt0097027,7,2025-07-06,"Casualties of War","Casualties of War",https://www.imdb.com/title/tt0097027,Movie,7.1,113,1989,"Crime, Action, Drama, War",52186,"1989-08-18","Brian De Palma"
tt10919420,8,2025-07-06,"Squid Game","Ojing-eo geim",https://www.imdb.com/title/tt10919420,TV Series,7.9,60,2021,"Mystery, Thriller, Drama, Action, Crime",772318,"2021-09-17",
tt0073195,9,2025-07-05,"Jaws","Jaws",https://www.imdb.com/title/tt0073195,Movie,8.1,124,1975,"Adventure, Horror, Drama, Thriller",746877,"1975-06-20","Steven Spielberg"
tt2582802,9,2025-07-05,"Whiplash","Whiplash",https://www.imdb.com/title/tt2582802,Movie,8.5,106,2014,"Drama, Music",1174194,"2014-10-15","Damien Chazelle"
tt2918988,7,2025-07-03,"Hunter X Hunter: Phantom Rouge","Gekijouban Hunter x Hunter: Fantomu rûju",https://www.imdb.com/title/tt2918988,Movie,6.5,97,2013,"Animation, Adventure, Action",4101,"2013-01-12","Yūzō Satō"
tt0047437,7,2025-07-02,"Sabrina","Sabrina",https://www.imdb.com/title/tt0047437,Movie,7.6,113,1954,"Drama, Romance, Comedy",76476,"1954-10-15","Billy Wilder"
tt0247380,8,2025-07-01,"The Gleaners & I","Les glaneurs et la glaneuse",https://www.imdb.com/title/tt0247380,Movie,7.7,82,2000,"Documentary",10302,"2000-07-07","Agnès Varda"
tt8013970,7,2025-06-28,"Bilby","Bilby",https://www.imdb.com/title/tt8013970,Short,7.4,8,2018,"Animation, Short, Family, Adventure, Action, Comedy",1817,"2019-10-11","Pierre Perifel,JP Sans,Liron Topaz"
tt6048596,8,2025-06-25,"The Sinner","The Sinner",https://www.imdb.com/title/tt6048596,TV Series,7.8,45,2017,"Thriller, Drama, Mystery, Crime",153545,"2017-08-02",
tt0118276,8,2025-06-24,"Buffy the Vampire Slayer","Buffy the Vampire Slayer",https://www.imdb.com/title/tt0118276,TV Series,8.3,45,1997,"Drama, Action, Horror, Romance, Adventure, Fantasy",175984,"1997-03-10",
tt0098888,8,2025-06-24,"Parker Lewis Can't Lose","Parker Lewis Can't Lose",https://www.imdb.com/title/tt0098888,TV Series,7.8,30,1990,"Fantasy, Comedy",6889,"1990-09-02",
tt0899043,5,2025-06-21,"The Amateur","The Amateur",https://www.imdb.com/title/tt0899043,Movie,6.5,122,2025,"Action, Thriller",101508,"2025-04-11","James Hawes"
tt2058107,7,2025-06-18,"The Railway Man","The Railway Man",https://www.imdb.com/title/tt2058107,Movie,7.1,116,2013,"Drama, Biography, War, Romance",44671,"2014-05-23","Jonathan Teplitzky"
tt31121295,7,2025-06-17,"Deep Cover","Deep Cover",https://www.imdb.com/title/tt31121295,Movie,6.7,100,2025,"Crime, Comedy, Action",46716,"2025-06-12","Tom Kingsley"
tt9663466,7,2025-06-16,"Sew Torn","Sew Torn",https://www.imdb.com/title/tt9663466,Short,6.8,6,2019,"Short, Drama",152,"2019-12-16","Freddy Macdonald"
tt23157384,6,2025-06-16,"Sew Torn","Sew Torn",https://www.imdb.com/title/tt23157384,Movie,6.0,100,2024,"Thriller, Comedy",3628,"2025-06-24","Freddy Macdonald"
tt9619824,6,2025-06-15,"Final Destination: Bloodlines","Final Destination Bloodlines",https://www.imdb.com/title/tt9619824,Movie,6.7,110,2025,"Horror, Thriller",169854,"2025-05-16","Zach Lipovsky,Adam B. Stein"
tt0120917,8,2025-06-14,"The Emperor's New Groove","The Emperor's New Groove",https://www.imdb.com/title/tt0120917,Movie,7.4,78,2000,"Animation, Adventure, Fantasy, Family, Comedy",251723,"2000-12-15","Mark Dindal"
tt6208148,4,2025-06-14,"Snow White","Snow White",https://www.imdb.com/title/tt6208148,Movie,2.2,109,2025,"Musical, Family, Fantasy, Adventure, Romance",397608,"2025-03-21","Marc Webb"
tt9253284,9,2025-06-12,"Andor","Andor",https://www.imdb.com/title/tt9253284,TV Series,8.6,60,2022,"Sci-Fi, Thriller, Adventure, Fantasy, Drama",283710,"2022-09-21",
tt2527336,7,2025-06-12,"Star Wars: Episode VIII - The Last Jedi","Star Wars: Episode VIII - The Last Jedi",https://www.imdb.com/title/tt2527336,Movie,6.8,152,2017,"Sci-Fi, Action, Adventure, Fantasy",724893,"2017-12-15","Rian Johnson"
tt7068946,6,2025-06-08,"The Accountant 2","The Accountant 2",https://www.imdb.com/title/tt7068946,Movie,6.6,132,2025,"Thriller, Action, Crime, Drama, Mystery",134567,"2025-04-25","Gavin O'Connor"
tt2140479,7,2025-06-08,"The Accountant","The Accountant",https://www.imdb.com/title/tt2140479,Movie,7.3,128,2016,"Thriller, Action, Crime, Drama",401063,"2016-10-14","Gavin O'Connor"
tt35396529,6,2025-06-06,"Mountainhead","Mountainhead",https://www.imdb.com/title/tt35396529,Movie,5.4,108,2025,"Drama, Comedy",22134,"2025-05-31","Jesse Armstrong"
tt0420291,8,2025-06-04,"Keane","Keane",https://www.imdb.com/title/tt0420291,Movie,6.8,100,2004,"Thriller, Mystery, Drama",6089,"2022","Lodge Kerrigan"
tt1622979,4,2025-06-02,"Final Destination 5","Final Destination 5",https://www.imdb.com/title/tt1622979,Movie,5.9,92,2011,"Horror, Thriller",153239,"2011-08-12","Steven Quale"
tt1144884,4,2025-06-02,"The Final Destination","The Final Destination",https://www.imdb.com/title/tt1144884,Movie,5.1,82,2009,"Horror, Thriller",143280,"2009-08-28","David R. Ellis"
tt0414982,5,2025-06-01,"Final Destination 3","Final Destination 3",https://www.imdb.com/title/tt0414982,Movie,5.9,93,2006,"Horror, Thriller",187160,"2006-02-10","James Wong"
tt0309593,5,2025-05-31,"Final Destination 2","Final Destination 2",https://www.imdb.com/title/tt0309593,Movie,6.2,90,2003,"Thriller, Horror",220835,"2003-01-31","David R. Ellis"
tt0195714,7,2025-05-31,"Final Destination","Final Destination",https://www.imdb.com/title/tt0195714,Movie,6.7,98,2000,"Thriller, Horror",339333,"2000-03-17","James Wong"
tt0267804,4,2025-05-31,"The One","The One",https://www.imdb.com/title/tt0267804,Movie,5.9,87,2001,"Thriller, Sci-Fi, Action",100307,"2001-11-02","James Wong"
tt31193180,8,2025-05-31,"Sinners","Sinners",https://www.imdb.com/title/tt31193180,Movie,7.5,137,2025,"Horror",515191,"2025-04-18","Ryan Coogler"
tt0165798,7,2025-05-30,"Ghost Dog: The Way of the Samurai","Ghost Dog: The Way of the Samurai",https://www.imdb.com/title/tt0165798,Movie,7.5,116,1999,"Crime, Drama",103460,"2000-03-24","Jim Jarmusch"
tt3613454,6,2025-05-29,"Terror in Resonance","Zankyô no teroru",https://www.imdb.com/title/tt3613454,TV Mini Series,7.8,23,2014,"Animation, Drama, Thriller, Mystery, Crime",18226,"2014-07-11",
tt3566834,5,2025-05-27,"A Minecraft Movie","A Minecraft Movie",https://www.imdb.com/title/tt3566834,Movie,5.6,101,2025,"Action, Adventure, Fantasy, Comedy, Family",165837,"2025-04-04","Jared Hess"
tt19864832,7,2025-05-27,"La Cocina","La cocina",https://www.imdb.com/title/tt19864832,Movie,7.0,139,2024,"Drama, Romance, Comedy",5233,"2024-10-25","Alonso Ruizpalacios"
tt0822854,7,2025-05-25,"Shooter","Shooter",https://www.imdb.com/title/tt0822854,Movie,7.2,124,2007,"Action, Thriller, Drama",378328,"2007-03-23","Antoine Fuqua"
tt8866456,7,2025-05-25,"The Legend of Ochi","The Legend of Ochi",https://www.imdb.com/title/tt8866456,Movie,5.8,95,2025,"Adventure, Fantasy, Family",10175,"2025-04-25","Isaiah Saxon"
tt0864761,7,2025-05-25,"The Duchess","The Duchess",https://www.imdb.com/title/tt0864761,Movie,6.9,110,2008,"Drama, History, Biography, Romance, Thriller",91336,"2008-10-10","Saul Dibb"
tt4682786,6,2025-05-25,"Collateral Beauty","Collateral Beauty",https://www.imdb.com/title/tt4682786,Movie,6.8,97,2016,"Drama, Romance",109828,"2016-12-16","David Frankel"
tt27075958,6,2025-05-25,"Fountain of Youth","Fountain of Youth",https://www.imdb.com/title/tt27075958,Movie,5.7,125,2025,"Mystery, Adventure, Fantasy, Action",54693,"2025-05-23","Guy Ritchie"
tt32086034,7,2025-05-24,"Holy Cow","Vingt dieux",https://www.imdb.com/title/tt32086034,Movie,7.0,92,2024,"Comedy, Drama",4652,"2025-03-28","Louise Courvoisier"
tt36663019,1,2025-05-24,"Love, Death & Robots: For He Can Creep","Love, Death & Robots: For He Can Creep",https://www.imdb.com/title/tt36663019,TV Episode,6.3,14,2025,"Animation, Short, Comedy, Fantasy, Horror, Sci-Fi, Action, Adventure, Drama, Mystery, Thriller",6533,"2025-05-15","Emily Dean"
tt9561862,8,2025-05-24,"Love, Death & Robots","Love, Death & Robots",https://www.imdb.com/title/tt9561862,TV Series,8.4,15,2019,"Animation, Short, Comedy, Fantasy, Horror, Sci-Fi, Action, Adventure, Drama, Mystery, Thriller",231699,"2019-03-15",
tt31434639,7,2025-05-23,"Warfare","Warfare",https://www.imdb.com/title/tt31434639,Movie,7.1,95,2025,"War, Action, Drama",115600,"2025-04-11","Alex Garland,Ray Mendoza"
tt0460791,7,2025-05-23,"The Fall","The Fall",https://www.imdb.com/title/tt0460791,Movie,7.8,117,2006,"Drama, Fantasy, Adventure",130776,"2008-05-30","Tarsem Singh"
tt32768323,7,2025-05-22,"The Assessment","The Assessment",https://www.imdb.com/title/tt32768323,Movie,6.6,114,2024,"Sci-Fi, Drama",24848,"2025-04-08","Fleur Fortune"
tt20214908,5,2025-05-22,"Another Simple Favor","Another Simple Favor",https://www.imdb.com/title/tt20214908,Movie,5.3,120,2025,"Comedy, Thriller, Crime, Mystery",32538,"2025-05-01","Paul Feig"
tt0416236,6,2025-05-21,"The Spiderwick Chronicles","The Spiderwick Chronicles",https://www.imdb.com/title/tt0416236,Movie,6.5,96,2008,"Family, Fantasy, Adventure, Action, Drama, Thriller",109714,"2008-02-14","Mark Waters"
tt18108824,7,2025-05-19,"The Friend","The Friend",https://www.imdb.com/title/tt18108824,Movie,6.4,119,2024,"Drama, Comedy",7887,"2025-04-04","Scott McGehee,David Siegel"
tt9569096,6,2025-05-19,"Sharp Corner","Sharp Corner",https://www.imdb.com/title/tt9569096,Movie,5.9,110,2024,"Thriller, Drama",5064,"2025-05-09","Jason Buxton"
tt27674982,8,2025-05-18,"The Ballad of Wallis Island","The Ballad of Wallis Island",https://www.imdb.com/title/tt27674982,Movie,7.4,99,2025,"Comedy, Drama, Music, Romance",25388,"2025-04-18","James Griffiths"
tt31790115,8,2025-05-16,"Black Mirror: USS Callister: Into Infinity","Black Mirror: USS Callister: Into Infinity",https://www.imdb.com/title/tt31790115,TV Episode,8.1,89,2025,"Drama, Thriller, Sci-Fi, Mystery, Crime",25202,"2025-04-10","Toby Haynes"
tt0123948,7,2025-05-15,"Cure","Cure",https://www.imdb.com/title/tt0123948,Movie,7.5,111,1997,"Horror, Mystery, Crime, Thriller",40242,"2001-07-08","Kiyoshi Kurosawa"
tt31790112,8,2025-05-15,"Black Mirror: Eulogy","Black Mirror: Eulogy",https://www.imdb.com/title/tt31790112,TV Episode,8.1,46,2025,"Drama, Thriller, Sci-Fi, Mystery, Crime",31630,"2025-04-10","Christopher Barrett,Luke Taylor"
tt31215636,8,2025-05-14,"Black Mirror: Plaything","Black Mirror: Plaything",https://www.imdb.com/title/tt31215636,TV Episode,7.1,45,2025,"Drama, Thriller, Sci-Fi, Mystery, Crime",27386,"2025-04-10","David Slade"
tt31790091,6,2025-05-14,"Black Mirror: Hotel Reverie","Black Mirror: Hotel Reverie",https://www.imdb.com/title/tt31790091,TV Episode,6.6,76,2025,"Drama, Thriller, Sci-Fi, Mystery, Crime",33913,"2025-04-10","Haolu Wang"
tt31790114,7,2025-05-12,"Black Mirror: Bête Noire","Black Mirror: Bête Noire",https://www.imdb.com/title/tt31790114,TV Episode,7.2,49,2025,"Drama, Thriller, Sci-Fi, Mystery, Crime",32694,"2025-04-10","Toby Haynes"
tt30127325,8,2025-05-11,"Black Mirror: Common People","Black Mirror: Common People",https://www.imdb.com/title/tt30127325,TV Episode,8.1,56,2025,"Drama, Thriller, Sci-Fi, Mystery, Crime",40451,"2025-04-10","Ally Pankiw"
tt0092991,7,2025-05-11,"Evil Dead II","Evil Dead II",https://www.imdb.com/title/tt0092991,Movie,7.6,84,1987,"Comedy, Horror",199427,"1987-03-13","Sam Raimi"
tt0083907,5,2025-05-11,"The Evil Dead","The Evil Dead",https://www.imdb.com/title/tt0083907,Movie,7.3,85,1981,"Horror",255731,"1983-04-15","Sam Raimi"
tt0351977,5,2025-05-09,"Walking Tall","Walking Tall",https://www.imdb.com/title/tt0351977,Movie,6.2,86,2004,"Crime, Action",113856,"2004-04-02","Kevin Bray"
tt32149847,6,2025-05-09,"Drop","Drop",https://www.imdb.com/title/tt32149847,Movie,6.1,95,2025,"Thriller, Drama, Mystery",58524,"2025-04-11","Christopher Landon"
tt33452974,6,2025-05-07,"Bullet Train Explosion","Shinkansen daibakuha",https://www.imdb.com/title/tt33452974,Movie,6.2,134,2025,"Action, Crime, Drama, Thriller",9515,"2025-04-23","Shinji Higuchi"
tt26671996,5,2025-05-07,"Locked","Locked",https://www.imdb.com/title/tt26671996,Movie,5.7,95,2025,"Thriller",26825,"2025-03-21","David Yarovesky"
tt21942598,6,2025-05-07,"Freaky Tales","Freaky Tales",https://www.imdb.com/title/tt21942598,Movie,6.2,107,2024,"Drama, Adventure, Comedy, Action, Crime, Music",18808,"2025-08-08","Anna Boden,Ryan Fleck"
tt3089388,8,2025-05-05,"Tim's Vermeer","Tim's Vermeer",https://www.imdb.com/title/tt3089388,Movie,7.8,80,2013,"Documentary, History",8872,"2014-01-17","Teller"
tt28443655,5,2025-05-01,"Death of a Unicorn","Death of a Unicorn",https://www.imdb.com/title/tt28443655,Movie,5.8,107,2025,"Comedy, Horror, Fantasy, Thriller",55293,"2025-03-28","Alex Scharfman"
tt9059760,8,2025-04-30,"Normal People","Normal People",https://www.imdb.com/title/tt9059760,TV Mini Series,8.4,28,2020,"Drama, Romance",118046,"2020-04-29",
tt27931052,7,2025-04-30,"Pangolin: Kulu's Journey","Pangolin: Kulu's Journey",https://www.imdb.com/title/tt27931052,Movie,7.5,88,2025,"Documentary",1525,"2025-04-21","Pippa Ehrlich"
tt14123284,6,2025-04-30,"Havoc","Havoc",https://www.imdb.com/title/tt14123284,Movie,5.6,107,2025,"Action, Thriller, Crime, Drama, Mystery",70902,"2025-04-25","Gareth Evans"
tt0046911,8,2025-04-29,"Diabolique","Les Diaboliques",https://www.imdb.com/title/tt0046911,Movie,8.1,117,1955,"Horror, Drama, Mystery, Crime, Thriller",73744,"1955-11-21","Henri-Georges Clouzot"
tt32828123,6,2025-04-28,"Cloud","Kuraudo",https://www.imdb.com/title/tt32828123,Movie,6.4,124,2024,"Thriller, Action, Drama, Horror, Crime",5132,"2024-09-27","Kiyoshi Kurosawa"
tt31691389,7,2025-04-26,"Universal Language","Une langue universelle",https://www.imdb.com/title/tt31691389,Movie,6.8,89,2024,"Drama, Comedy",3319,"2024-12-18","Matthew Rankin"
tt1258197,6,2025-04-25,"Exam","Exam",https://www.imdb.com/title/tt1258197,Movie,6.7,101,2009,"Thriller, Mystery, Crime",135803,"2010-06-17","Stuart Hazeldine"
tt10834220,7,2025-04-25,"The Chestnut Man","Kastanjemanden",https://www.imdb.com/title/tt10834220,TV Series,7.6,60,2021,"Drama, Thriller, Crime, Mystery",69141,"2021-09-29",
tt35439818,1,2025-04-23,"The Traitors UK: Episode #3.12","The Traitors UK: Episode #3.12",https://www.imdb.com/title/tt35439818,TV Episode,6.6,70,2025,"Game-Show, Reality-TV",310,"2025-03-06","Abi Bourne,Norah Quartey,Chris Taylor,Ben Archard"
tt25973750,6,2025-04-21,"Lifeline","Lifeline",https://www.imdb.com/title/tt25973750,Movie,5.5,80,2025,"Thriller, Drama, Mystery",926,"2025-12-18","Feras Alfuqaha"
tt28332337,5,2025-04-20,"Eephus","Eephus",https://www.imdb.com/title/tt28332337,Movie,6.7,99,2024,"Drama, Comedy, Sport",2670,"2025-01-01","Carson Lund"
tt11615616,6,2025-04-20,"Gatlopp","Gatlopp",https://www.imdb.com/title/tt11615616,Movie,5.9,80,2022,"Horror, Comedy, Drama",2185,"2022-06-23","Alberto Belli"
tt2294965,6,2025-04-19,"Zero Charisma","Zero Charisma",https://www.imdb.com/title/tt2294965,Movie,6.3,86,2013,"Comedy, Drama",2914,"2013-10-08","Katie Graham,Andrew Matthews"
tt9150192,5,2025-04-19,"A Working Man","A Working Man",https://www.imdb.com/title/tt9150192,Movie,5.7,116,2025,"Action, Thriller",80506,"2025-03-28","David Ayer"
tt35047996,1,2025-04-18,"The White Lotus: Amor Fati","The White Lotus: Amor Fati",https://www.imdb.com/title/tt35047996,TV Episode,7.9,87,2025,"Comedy, Drama, Mystery",10181,"2025-04-06","Mike White"
tt10365912,7,2025-04-18,"Becoming Led Zeppelin","Becoming Led Zeppelin",https://www.imdb.com/title/tt10365912,Movie,7.5,122,2025,"Documentary, Music, Biography, History",9418,"2025-02-14","Bernard MacMahon"
tt14513804,4,2025-04-15,"Captain America: Brave New World","Captain America: Brave New World",https://www.imdb.com/title/tt14513804,Movie,5.6,118,2025,"Action, Adventure, Sci-Fi",189249,"2025-02-14","Julius Onah"
tt8089592,8,2025-04-15,"Little Fires Everywhere","Little Fires Everywhere",https://www.imdb.com/title/tt8089592,TV Mini Series,7.6,58,2020,"Drama, Mystery, Thriller",62193,"2020-03-18",
tt23743442,8,2025-04-14,"The Traitors UK","The Traitors UK",https://www.imdb.com/title/tt23743442,TV Series,8.7,60,2022,"Game-Show, Reality-TV",8616,"2023-02-15",
tt29603959,6,2025-04-11,"Novocaine","Novocaine",https://www.imdb.com/title/tt29603959,Movie,6.5,110,2025,"Action, Thriller, Comedy, Crime",92177,"2025-03-14","Dan Berk,Robert Olsen"
tt11198330,7,2025-04-10,"House of the Dragon","House of the Dragon",https://www.imdb.com/title/tt11198330,TV Series,8.3,60,2022,"Fantasy, Adventure, Drama, Action",560705,"2022-08-21",
tt30988739,7,2025-04-10,"Black Bag","Black Bag",https://www.imdb.com/title/tt30988739,Movie,6.7,93,2025,"Thriller, Drama, Romance, Mystery",97049,"2025-03-14","Steven Soderbergh"
tt14134550,8,2025-04-09,"Odd Taxi","Odd Taxi",https://www.imdb.com/title/tt14134550,TV Series,8.3,23,2021,"Animation, Drama, Mystery, Crime, Comedy, Thriller",8105,"2021-04-06",
tt30476486,8,2025-04-08,"Haikyu!! The Dumpster Battle","Gekijôban Haikyû!! Gomi Suteba no Kessen",https://www.imdb.com/title/tt30476486,Movie,7.8,85,2024,"Animation, Comedy, Drama, Sport",8445,"2024-05-31","Susumu Mitsunaka"
tt35192432,1,2025-04-02,"Blue Lock: Last Attack","Burû Rokku: Last Attack",https://www.imdb.com/title/tt35192432,TV Episode,9.7,23,2024,"Animation, Sport, Thriller",21221,"2024-12-28",
tt0286112,6,2025-03-31,"Shaolin Soccer","Siu Lam juk kau",https://www.imdb.com/title/tt0286112,Movie,7.3,87,2001,"Sport, Fantasy, Comedy, Action",98332,"2001-07-05","Stephen Chow"
tt28671146,7,2025-03-31,"Blue Lock: Episode Nagi","Gekijô-ban Burû Rokku Episode Nagi",https://www.imdb.com/title/tt28671146,Movie,6.6,91,2024,"Animation, Drama, Sport, Thriller",3459,"2024-06-28","Shunsuke Ishikawa,Jonathan Rigg"
tt14186876,7,2025-03-30,"Bring Them Down","Bring Them Down",https://www.imdb.com/title/tt14186876,Movie,6.4,106,2024,"Drama, Thriller",6514,"2025-03-28","Chris Andrews"
tt33044444,8,2025-03-30,"Orb: On the Movements of the Earth","Chi. Chikyuu no Undou ni Tsuite",https://www.imdb.com/title/tt33044444,TV Series,8.4,,2024,"Animation, Drama, History, Mystery, Sci-Fi",7414,"2024-10-05",
tt27714946,6,2025-03-25,"The Monkey","The Monkey",https://www.imdb.com/title/tt27714946,Movie,5.9,98,2025,"Horror",96589,"2025-02-21","Osgood Perkins"
tt14181328,5,2025-03-25,"Rounding","Rounding",https://www.imdb.com/title/tt14181328,Movie,5.2,91,2022,"Thriller, Drama, Horror, Mystery",579,"2025-02-14","Alex Thompson"
tt32508210,7,2025-03-24,"Batman Ninja vs. Yakuza League","Batman Ninja vs. Yakuza League",https://www.imdb.com/title/tt32508210,Video,6.2,89,2025,"Animation, Action, Fantasy, Sci-Fi",3952,"2025-03-21","Junpei Mizusaki,Shinji Takagi"
tt7286916,7,2025-03-24,"The Dawn Wall","The Dawn Wall",https://www.imdb.com/title/tt7286916,Movie,8.1,100,2017,"Documentary, Biography, Sport, Adventure",22475,"2018-09-14","Josh Lowell,Peter Mortimer"
tt14403504,6,2025-03-21,"Last Breath","Last Breath",https://www.imdb.com/title/tt14403504,Movie,6.6,93,2025,"Drama, Thriller",38730,"2025-02-28","Alex Parkinson"
tt22007758,1,2025-03-20,"Epic Adventures with Bertie Gregory: Dolphin Quest","Epic Adventures with Bertie Gregory: Dolphin Quest",https://www.imdb.com/title/tt22007758,TV Episode,7.4,40,2022,"Documentary, Adventure",30,"2022-09-08","Hugh Pearson,Susie Povey"
tt21441266,8,2025-03-20,"Epic Adventures with Bertie Gregory","Epic Adventures with Bertie Gregory",https://www.imdb.com/title/tt21441266,TV Mini Series,8.4,42,2022,"Documentary, Adventure",444,"2022-09-08",
tt12299608,8,2025-03-20,"Mickey 17","Mickey 17",https://www.imdb.com/title/tt12299608,Movie,6.7,137,2025,"Sci-Fi, Adventure, Fantasy, Comedy",257853,"2025-03-07","Bong Joon Ho"
tt28486633,7,2025-03-19,"The Pigeon Tunnel","The Pigeon Tunnel",https://www.imdb.com/title/tt28486633,Movie,7.0,92,2023,"Documentary, Biography",2280,"2023-10-20","Errol Morris"
tt1596363,8,2025-03-19,"The Big Short","The Big Short",https://www.imdb.com/title/tt1596363,Movie,7.8,130,2015,"Drama, Biography, Comedy, History",545320,"2015-12-23","Adam McKay"
tt3354378,7,2025-03-17,"Fighting Spirit: Mashiba vs. Kimura","Hajime no Ippo: Mashiba vs. Kimura",https://www.imdb.com/title/tt3354378,TV Movie,8.1,61,2003,"Animation, Action, Sport",1963,"2003-09-05","Hitoshi Nanba"
tt13622970,5,2025-03-17,"Moana 2","Moana 2",https://www.imdb.com/title/tt13622970,Movie,6.3,100,2024,"Animation, Musical, Adventure, Comedy, Fantasy, Family",129188,"2024-11-27","David G. Derrick Jr.,Jason Hand,Dana Ledoux Miller"
tt10171472,6,2025-03-17,"Goodrich","Goodrich",https://www.imdb.com/title/tt10171472,Movie,6.4,110,2024,"Drama, Comedy",8329,"2024-10-17","Hallie Meyers-Shyer"
tt0805540,8,2025-03-17,"Fighting Spirit: Champion Road","Hajime no ippo - Champion road",https://www.imdb.com/title/tt0805540,TV Movie,8.1,90,2003,"Animation, Sport, Action, Comedy",2626,"2003-06-25","Satoshi Nishimura"
tt33029968,7,2025-03-17,"Separated","Separated",https://www.imdb.com/title/tt33029968,Movie,6.6,93,2024,"Documentary",249,"2024-10-04","Errol Morris"
tt14961016,8,2025-03-17,"I'm Still Here","Ainda Estou Aqui",https://www.imdb.com/title/tt14961016,Movie,8.1,137,2024,"Drama, History, Biography",170916,"2025-02-07","Walter Salles"
tt31806037,8,2025-03-14,"Adolescence","Adolescence",https://www.imdb.com/title/tt31806037,TV Mini Series,8.1,60,2025,"Crime, Drama, Thriller",312966,"2025-03-13",
tt29485149,8,2025-03-14,"Dragon Ball Daima","Doragon Bôru Daima",https://www.imdb.com/title/tt29485149,TV Series,7.7,25,2024,"Animation, Action, Adventure, Comedy, Fantasy, Sci-Fi",19677,"2024-10-11",
tt27496775,7,2025-03-11,"Sons","Vogter",https://www.imdb.com/title/tt27496775,Movie,6.3,100,2024,"Thriller, Drama, Crime",3307,"2024-07-10","Gustav Möller"
tt1608290,3,2025-03-10,"Zoolander 2","Zoolander 2",https://www.imdb.com/title/tt1608290,Movie,4.7,101,2016,"Comedy, Action, Adventure, Mystery, Romance",82336,"2016-02-12","Ben Stiller"
tt29536384,6,2025-03-10,"Lake George","Lake George",https://www.imdb.com/title/tt29536384,Movie,6.5,108,2024,"Crime, Thriller, Comedy",2401,"2024-12-06","Jeffrey Reiner"
tt11548822,8,2025-03-09,"Cow","Cow",https://www.imdb.com/title/tt11548822,Movie,7.1,94,2021,"Documentary",2812,"2022-01-14","Andrea Arnold"
tt32178949,6,2025-03-09,"The Seed of the Sacred Fig","Dane-ye anjir-e ma'abed",https://www.imdb.com/title/tt32178949,Movie,7.5,167,2024,"Drama, Crime, Thriller",20969,"2025-02-18","Mohammad Rasoulof"
tt3305316,7,2025-03-08,"A Second Chance","En chance til",https://www.imdb.com/title/tt3305316,Movie,6.8,102,2014,"Drama, Thriller",7469,"2015-01-15","Susanne Bier"
tt29580989,1,2025-03-08,"Dune: Prophecy: The High-Handed Enemy","Dune: Prophecy: The High-Handed Enemy",https://www.imdb.com/title/tt29580989,TV Episode,8.1,81,2024,"Action, Adventure, Sci-Fi, Drama",5054,"2024-12-22","Anna Foerster"
tt10466872,7,2025-03-08,"Dune: Prophecy","Dune: Prophecy",https://www.imdb.com/title/tt10466872,TV Series,7.3,60,2024,"Action, Adventure, Sci-Fi, Drama",69719,"2024-11-17",
tt2815902,5,2025-03-06,"The Childhood of a Leader","The Childhood of a Leader",https://www.imdb.com/title/tt2815902,Movie,6.2,115,2015,"Drama",7716,"2016-07-22","Brady Corbet"
tt0414055,6,2025-03-06,"Elizabeth: The Golden Age","Elizabeth: The Golden Age",https://www.imdb.com/title/tt0414055,Movie,6.8,114,2007,"Drama, Biography, History, War",78399,"2007-10-12","Shekhar Kapur"
tt0167137,7,2025-03-05,"The One and Only","Den eneste ene",https://www.imdb.com/title/tt0167137,Movie,6.9,106,1999,"Romance, Comedy",5652,"1999-04-01","Susanne Bier"
tt0343660,7,2025-03-05,"50 First Dates","50 First Dates",https://www.imdb.com/title/tt0343660,Movie,6.8,99,2004,"Drama, Romance, Comedy",419142,"2004-02-13","Peter Segal"
tt8999762,9,2025-03-04,"The Brutalist","The Brutalist",https://www.imdb.com/title/tt8999762,Movie,7.2,216,2024,"Drama",161652,"2025-01-24","Brady Corbet"
tt23853982,7,2025-03-04,"Parthenope","Parthenope",https://www.imdb.com/title/tt23853982,Movie,6.5,137,2024,"Drama, Fantasy",21521,"2025-06-06","Paolo Sorrentino"
tt28244549,6,2025-03-04,"Grand Theft Hamlet","Grand Theft Hamlet",https://www.imdb.com/title/tt28244549,Movie,6.9,89,2024,"Animation, Documentary",2856,"2025-01-17","Sam Crane,Pinny Grylls"
tt30217403,8,2025-03-04,"Dandadan","Dandadan",https://www.imdb.com/title/tt30217403,TV Series,8.3,24,2024,"Animation, Action, Comedy, Fantasy, Adventure, Sci-Fi, Romance, Thriller",57708,"2024-09-13",
tt33609047,1,2025-03-04,"Dandadan: Noroi no ie e rettsu gô","Dandadan: Noroi no ie e rettsu gô",https://www.imdb.com/title/tt33609047,TV Episode,7.5,24,2024,"Animation, Action, Comedy, Fantasy, Adventure, Sci-Fi, Romance, Thriller",3783,"2024-12-19","Fûga Yamashiro,Tetsuya Wakano,Abel Gongora"
tt0457655,8,2025-03-04,"After the Wedding","Efter brylluppet",https://www.imdb.com/title/tt0457655,Movie,7.6,120,2006,"Drama",39414,"2007-05-11","Susanne Bier"
tt1536537,5,2025-03-03,"What Happened to Monday","What Happened to Monday",https://www.imdb.com/title/tt1536537,Movie,6.8,123,2017,"Thriller, Sci-Fi, Action, Crime, Mystery, Fantasy",145848,"2017-08-18","Tommy Wirkola"
tt28249919,7,2025-03-02,"Presence","Presence",https://www.imdb.com/title/tt28249919,Movie,6.1,84,2024,"Thriller, Horror, Drama",44709,"2025-01-24","Steven Soderbergh"
tt30788842,5,2025-03-01,"Love Hurts","Love Hurts",https://www.imdb.com/title/tt30788842,Movie,5.3,83,2025,"Action, Comedy, Romance",18895,"2025-02-07","Jonathan Eusebio"
tt23055660,7,2025-02-28,"Nickel Boys","Nickel Boys",https://www.imdb.com/title/tt23055660,Movie,6.9,140,2024,"Drama",24550,"2025-02-28","RaMell Ross"
tt20221436,5,2025-02-27,"Emilia Pérez","Emilia Pérez",https://www.imdb.com/title/tt20221436,Movie,5.3,132,2024,"Musical, Crime, Thriller, Drama",134970,"2024-11-13","Jacques Audiard"
tt11563598,8,2025-02-27,"A Complete Unknown","A Complete Unknown",https://www.imdb.com/title/tt11563598,Movie,7.3,141,2024,"Biography, Drama, Music",121300,"2024-12-25","James Mangold"
tt0096163,8,2025-02-26,"The Vanishing","Spoorloos",https://www.imdb.com/title/tt0096163,Movie,7.6,107,1988,"Thriller, Mystery",55650,"1988-10-27","George Sluizer"
tt1634549,8,2025-02-25,"Millennium","Millennium",https://www.imdb.com/title/tt1634549,TV Mini Series,8.3,,2010,"Action, Crime, Mystery, Thriller",11419,"2023-08-31",
tt0427582,7,2025-02-25,"The Method","El método",https://www.imdb.com/title/tt0427582,Movie,7.1,115,2005,"Drama, Thriller",12975,"2005-09-23","Marcelo Piñeyro"
tt27490099,7,2025-02-24,"Beating Hearts","L'amour ouf",https://www.imdb.com/title/tt27490099,Movie,7.0,161,2024,"Drama, Romance, Crime, Comedy",9023,"2024-10-16","Gilles Lellouche"
tt4659056,7,2025-02-23,"The Day Will Come","Der kommer en dag",https://www.imdb.com/title/tt4659056,Movie,7.9,119,2016,"Drama",6680,"2016-04-21","Jesper W. Nielsen"
tt26446278,8,2025-02-23,"The Count of Monte Cristo","Le Comte de Monte-Cristo",https://www.imdb.com/title/tt26446278,Movie,7.6,178,2024,"Adventure, Thriller, Action, Drama, Romance",49912,"2024-12-20","Alexandre de La Patellière,Matthieu Delaporte"
tt0119099,7,2025-02-22,"Fallen","Fallen",https://www.imdb.com/title/tt0119099,Movie,7.0,124,1998,"Crime, Drama, Mystery, Action, Fantasy, Thriller",104854,"1998-01-16","Gregory Hoblit"
tt26584495,7,2025-02-21,"Companion","Companion",https://www.imdb.com/title/tt26584495,Movie,6.9,97,2025,"Thriller, Sci-Fi",186654,"2025-01-31","Drew Hancock"
tt0070291,7,2025-02-21,"The Last of Sheila","The Last of Sheila",https://www.imdb.com/title/tt0070291,Movie,7.2,120,1973,"Drama, Crime, Thriller, Mystery",10294,"1973-06-14","Herbert Ross"
tt0338309,7,2025-02-20,"Evil","Ondskan",https://www.imdb.com/title/tt0338309,Movie,7.7,113,2003,"Drama",44981,"2003-09-26","Mikael Håfström"
tt3268340,7,2025-02-20,"Crown Heights","Crown Heights",https://www.imdb.com/title/tt3268340,Movie,6.7,94,2017,"Drama, Biography, Crime, Romance",3146,"2017-08-18","Matt Ruskin"
tt13186482,6,2025-02-20,"Mufasa: The Lion King","Mufasa: The Lion King",https://www.imdb.com/title/tt13186482,Movie,6.6,118,2024,"Animation, Musical, Adventure, Drama, Family",84160,"2024-12-20","Barry Jenkins"
tt5822536,7,2025-02-19,"Paddington in Peru","Paddington in Peru",https://www.imdb.com/title/tt5822536,Movie,6.6,106,2024,"Comedy, Family, Adventure, Mystery",36409,"2025-02-14","Dougal Wilson"
tt4468740,8,2025-02-19,"Paddington 2","Paddington 2",https://www.imdb.com/title/tt4468740,Movie,7.8,103,2017,"Family, Comedy, Adventure",115675,"2018-01-12","Paul King"
tt18347622,7,2025-02-19,"Bodies","Bodies",https://www.imdb.com/title/tt18347622,TV Mini Series,7.3,60,2023,"Crime, Thriller, Drama, Mystery, Sci-Fi",69355,"2023-10-19",
tt13109952,6,2025-02-17,"The Trip","I onde dager",https://www.imdb.com/title/tt13109952,Movie,6.9,113,2021,"Thriller, Action, Comedy, Horror",31933,"2021-10-15","Tommy Wirkola"
tt0090163,8,2025-02-17,"Threads","Threads",https://www.imdb.com/title/tt0090163,TV Movie,7.9,112,1984,"Sci-Fi, Thriller, Drama",28275,"1984-09-23","Mick Jackson"
tt0468094,7,2025-02-16,"The Road to Guantanamo","The Road to Guantanamo",https://www.imdb.com/title/tt0468094,Movie,7.4,95,2006,"Drama, War",11711,"2006-03-09","Mat Whitecross,Michael Winterbottom"
tt11891850,7,2025-02-15,"Hard Truths","Hard Truths",https://www.imdb.com/title/tt11891850,Movie,7.1,97,2024,"Comedy, Drama",9425,"2025-01-10","Mike Leigh"
tt0342492,6,2025-02-15,"The Green Butchers","De grønne slagtere",https://www.imdb.com/title/tt0342492,Movie,7.2,100,2003,"Drama, Comedy",27857,"2003-03-21","Anders Thomas Jensen"
tt7221388,6,2025-02-13,"Cobra Kai","Cobra Kai",https://www.imdb.com/title/tt7221388,TV Series,8.4,30,2018,"Action, Drama, Comedy, Sport",245614,"2018-05-02",
tt0114388,8,2025-02-13,"Sense and Sensibility","Sense and Sensibility",https://www.imdb.com/title/tt0114388,Movie,7.7,136,1995,"Drama, Romance",137450,"1996-01-26","Ang Lee"
tt6133444,7,2025-02-13,"The Fire Inside","The Fire Inside",https://www.imdb.com/title/tt6133444,Movie,6.7,109,2024,"Drama, Sport, Biography",3696,"2024-12-25","Rachel Morrison"
tt32221196,7,2025-02-12,"One of Them Days","One of Them Days",https://www.imdb.com/title/tt32221196,Movie,6.5,97,2025,"Comedy",20515,"2025-01-17","Lawrence Lamont"
tt0164912,6,2025-02-11,"Stuart Little","Stuart Little",https://www.imdb.com/title/tt0164912,Movie,6.0,84,1999,"Family, Comedy, Adventure, Fantasy",161690,"1999-12-17","Rob Minkoff"
tt1033643,5,2025-02-11,"What Happens in Vegas","What Happens in Vegas",https://www.imdb.com/title/tt1033643,Movie,6.1,99,2008,"Comedy, Romance",197720,"2008-05-09","Tom Vaughan"
tt0399877,4,2025-02-11,"What the #$*! Do We (K)now!?","What the #$*! Do We (K)now!?",https://www.imdb.com/title/tt0399877,Movie,5.2,109,2004,"Documentary, Comedy, Drama, Mystery, Fantasy, Sci-Fi",14139,"2004-10-22","William Arntz,Betsy Chasse,Mark Vicente"
tt0435528,5,2025-02-11,"Whisper","Whisper",https://www.imdb.com/title/tt0435528,Movie,5.7,94,2007,"Drama, Thriller, Crime, Horror",10592,"2007-05-16","Stewart Hendler"
tt1117667,6,2025-02-11,"XIII: The Conspiracy","XIII: The Conspiracy",https://www.imdb.com/title/tt1117667,TV Mini Series,6.5,87,2008,"Action, Crime, Mystery, Thriller",7438,"2009-02-08",
tt0960144,5,2025-02-11,"You Don't Mess with the Zohan","You Don't Mess with the Zohan",https://www.imdb.com/title/tt0960144,Movie,5.6,113,2008,"Comedy, Action",229211,"2008-06-06","Dennis Dugan"
tt0406375,6,2025-02-11,"Zathura: A Space Adventure","Zathura: A Space Adventure",https://www.imdb.com/title/tt0406375,Movie,6.3,101,2005,"Fantasy, Adventure, Family, Action, Sci-Fi, Comedy",127668,"2005-11-11","Jon Favreau"
tt1332128,7,2025-02-11,"Zeitgeist: Addendum","Zeitgeist: Addendum",https://www.imdb.com/title/tt1332128,Video,8.2,123,2008,"Documentary, History, War",18974,"2008-10-02","Peter Joseph"
tt0387596,7,2025-02-11,"Silmido","Silmido",https://www.imdb.com/title/tt0387596,Movie,7.0,135,2003,"Action, Drama",4996,"2003-12-24","Kang Woo-suk"
tt10370812,6,2025-02-11,"The Settlers","Los colonos",https://www.imdb.com/title/tt10370812,Movie,6.9,97,2023,"Crime, Drama, History",7004,"2024-03-29","Felipe Gálvez"
tt0156729,7,2025-02-11,"Last Night","Last Night",https://www.imdb.com/title/tt0156729,Movie,7.1,95,1998,"Comedy, Romance, Drama",10579,"1998-10-23","Don McKellar"
tt27368353,1,2025-02-11,"Tsurune: Resounding Release","Tsurune: Kazemai koukou kyuudoubu: Resounding Release",https://www.imdb.com/title/tt27368353,TV Episode,7.0,23,2023,"Animation, Drama, Sport",14,"2023-03-30","Takuya Yamamura"
tt14260836,8,2025-02-11,"Better Man","Better Man",https://www.imdb.com/title/tt14260836,Movie,7.5,135,2024,"Musical, Biography, Fantasy, Music",47077,"2025-01-10","Michael Gracey"
tt8633464,7,2025-02-10,"After Yang","After Yang",https://www.imdb.com/title/tt8633464,Movie,6.6,96,2021,"Drama, Sci-Fi",26613,"2022-03-04","Kogonada"
tt16826430,7,2025-02-10,"Night Call","La nuit se traîne",https://www.imdb.com/title/tt16826430,Movie,6.7,97,2024,"Thriller, Action",3790,"2024-08-28","Michiel Blanchart"
tt28082769,7,2025-02-09,"September 5","September 5",https://www.imdb.com/title/tt28082769,Movie,7.1,95,2024,"History, Thriller, Drama",37768,"2025-02-25","Tim Fehlbaum"
tt4216984,5,2025-02-07,"Wolf Man","Wolf Man",https://www.imdb.com/title/tt4216984,Movie,5.6,103,2025,"Horror, Sci-Fi",44746,"2025-01-17","Leigh Whannell"
tt30057084,7,2025-02-07,"Babygirl","Babygirl",https://www.imdb.com/title/tt30057084,Movie,5.7,114,2024,"Thriller, Drama, Romance",83345,"2024-12-25","Halina Reijn"
tt0118617,7,2025-02-05,"Anastasia","Anastasia",https://www.imdb.com/title/tt0118617,Movie,7.2,94,1997,"Animation, Musical, Adventure, Drama, Fantasy, Romance, Mystery, Family",148087,"1997-11-21","Don Bluth,Gary Goldman"
tt1745960,9,2025-02-03,"Top Gun: Maverick","Top Gun: Maverick",https://www.imdb.com/title/tt1745960,Movie,8.2,130,2022,"Action, Drama",899146,"2022-05-27","Joseph Kosinski"
tt0113670,8,2025-02-02,"A Little Princess","A Little Princess",https://www.imdb.com/title/tt0113670,Movie,7.6,97,1995,"Drama, Family, Fantasy",39385,"1995-05-19","Alfonso Cuarón"
tt0114898,6,2025-02-02,"Waterworld","Waterworld",https://www.imdb.com/title/tt0114898,Movie,6.3,135,1995,"Sci-Fi, Adventure, Action",226200,"1995-07-28","Kevin Reynolds"
tt31067371,7,2025-02-01,"See You in Another Life","Nos vemos en otra vida",https://www.imdb.com/title/tt31067371,TV Mini Series,7.4,,2024,"Drama, Biography, Crime, Thriller",1313,"2024-03-06",
tt20600980,7,2025-01-31,"Skeleton Crew","Skeleton Crew",https://www.imdb.com/title/tt20600980,TV Series,7.0,40,2024,"Action, Adventure, Sci-Fi",45895,"2024-12-02",
tt0085859,7,2025-01-31,"Local Hero","Local Hero",https://www.imdb.com/title/tt0085859,Movie,7.3,111,1983,"Drama, Comedy",30156,"1983-04-29","Bill Forsyth"
tt6700846,8,2025-01-30,"AlphaGo","AlphaGo",https://www.imdb.com/title/tt6700846,Movie,7.8,90,2017,"Documentary, Sport",7724,"2017-09-29","Greg Kohs"
tt0049531,7,2025-01-29,"The Mystery of Picasso","Le mystère Picasso",https://www.imdb.com/title/tt0049531,Movie,7.5,78,1956,"Documentary, Biography, History",2951,"1956-05-18","Henri-Georges Clouzot"
tt10236164,8,2025-01-29,"The Girl with the Needle","Pigen med nålen",https://www.imdb.com/title/tt10236164,Movie,7.5,123,2024,"Drama, History, Crime",20772,"2025-01-24","Magnus von Horn"
tt24486184,6,2025-01-29,"Big Boys","Big Boys",https://www.imdb.com/title/tt24486184,Movie,6.6,90,2023,"Comedy, Drama",1169,"2024-08-16","Corey Sherman"
tt16160622,8,2025-01-29,"The Goldman Case","Le procès Goldman",https://www.imdb.com/title/tt16160622,Movie,6.9,115,2023,"Crime, Drama, History",3629,"2023-09-27","Cédric Kahn"
tt28618488,6,2025-01-28,"Vermiglio","Vermiglio",https://www.imdb.com/title/tt28618488,Movie,6.9,119,2024,"Drama, History",7353,"2025-05-20","Maura Delpero"
tt0097958,7,2025-01-28,"National Lampoon's Christmas Vacation","National Lampoon's Christmas Vacation",https://www.imdb.com/title/tt0097958,Movie,7.5,97,1989,"Comedy",248368,"1989-12-01","Jeremiah S. Chechik"
tt29420663,1,2025-01-27,"The Day of the Jackal: Episode #1.10","The Day of the Jackal: Episode #1.10",https://www.imdb.com/title/tt29420663,TV Episode,8.5,61,2024,"Drama, Thriller, Crime, Action",6041,"2024-12-12","Anu Menon"
tt24053860,8,2025-01-27,"The Day of the Jackal","The Day of the Jackal",https://www.imdb.com/title/tt24053860,TV Series,8.1,,2024,"Drama, Thriller, Crime, Action",135640,"2024-11-14",
tt0037913,8,2025-01-26,"Mildred Pierce","Mildred Pierce",https://www.imdb.com/title/tt0037913,Movie,7.9,111,1945,"Crime, Film-Noir, Romance, Drama, Mystery",31683,"1945-10-20","Michael Curtiz"
tt24069848,6,2025-01-26,"American Primeval","American Primeval",https://www.imdb.com/title/tt24069848,TV Mini Series,8.0,50,2025,"Drama, Action, Thriller, Western",87080,"2025-01-09",
tt18259086,6,2025-01-26,"Sonic the Hedgehog 3","Sonic the Hedgehog 3",https://www.imdb.com/title/tt18259086,Movie,6.9,110,2024,"Action, Adventure, Comedy, Family, Sci-Fi, Fantasy",83763,"2024-12-20","Jeff Fowler"
tt0038890,7,2025-01-25,"Rome, Open City","Roma città aperta",https://www.imdb.com/title/tt0038890,Movie,8.0,103,1945,"Thriller, Drama, War",34327,"1945-10-08","Roberto Rossellini"
tt0994314,8,2025-01-22,"Code Geass: Lelouch of the Rebellion","Kôdo Giasu: Hangyaku no Rurûshu",https://www.imdb.com/title/tt0994314,TV Series,8.7,24,2006,"Animation, Sci-Fi, Action, Drama, Thriller, Fantasy",107714,"2008",
tt0311289,7,2025-01-22,"Holes","Holes",https://www.imdb.com/title/tt0311289,Movie,7.0,117,2003,"Comedy, Adventure, Mystery, Drama, Family",111229,"2003-04-18","Andrew Davis"
tt0036342,8,2025-01-21,"Shadow of a Doubt","Shadow of a Doubt",https://www.imdb.com/title/tt0036342,Movie,7.7,108,1943,"Film-Noir, Drama, Mystery, Thriller",75863,"1943-01-15","Alfred Hitchcock"
tt0401085,7,2025-01-21,"C.R.A.Z.Y.","C.R.A.Z.Y.",https://www.imdb.com/title/tt0401085,Movie,7.8,129,2005,"Drama, Comedy",35263,"2022-06-03","Jean-Marc Vallée"
tt17717174,6,2025-01-21,"Tennis Ball on His Day Off","Tennis Ball on His Day Off",https://www.imdb.com/title/tt17717174,Short,6.8,,2022,"Animation, Short",47,"2022-03-14","Julian Glander"
tt0085995,6,2025-01-20,"National Lampoon's Vacation","National Lampoon's Vacation",https://www.imdb.com/title/tt0085995,Movie,7.3,98,1983,"Adventure, Comedy",129348,"1983-07-29","Harold Ramis"
tt0098554,6,2025-01-20,"Uncle Buck","Uncle Buck",https://www.imdb.com/title/tt0098554,Movie,7.1,100,1989,"Comedy",122443,"1989-08-16","John Hughes"
tt8790086,4,2025-01-20,"Kraven the Hunter","Kraven the Hunter",https://www.imdb.com/title/tt8790086,Movie,5.5,127,2024,"Action, Thriller, Adventure",85618,"2024-12-13","J.C. Chandor"
tt0086465,7,2025-01-19,"Trading Places","Trading Places",https://www.imdb.com/title/tt0086465,Movie,7.5,116,1983,"Comedy",184023,"1983-06-08","John Landis"
tt0105695,9,2025-01-19,"Unforgiven","Unforgiven",https://www.imdb.com/title/tt0105695,Movie,8.2,130,1992,"Drama, Western",471344,"1992-08-07","Clint Eastwood"
tt5040012,8,2025-01-17,"Nosferatu","Nosferatu",https://www.imdb.com/title/tt5040012,Movie,7.1,132,2024,"Horror, Fantasy, Mystery",273592,"2024-12-25","Robert Eggers"
tt19861162,6,2025-01-15,"The Return","The Return",https://www.imdb.com/title/tt19861162,Movie,6.3,116,2024,"History, Adventure, Drama",17318,"2024-12-06","Uberto Pasolini"
tt0165854,6,2025-01-15,"The Limey","The Limey",https://www.imdb.com/title/tt0165854,Movie,6.9,89,1999,"Thriller, Mystery, Crime, Drama",38461,"1999-08-04","Steven Soderbergh"
tt15078804,7,2025-01-15,"Problemista","Problemista",https://www.imdb.com/title/tt15078804,Movie,6.7,104,2023,"Comedy",9963,"2024-03-22","Julio Torres"
tt0119303,3,2025-01-14,"Home Alone 3","Home Alone 3",https://www.imdb.com/title/tt0119303,Movie,4.6,102,1997,"Crime, Action, Comedy, Family",139203,"1997-12-12","Raja Gosnell"
tt0119137,5,2025-01-14,"Flubber","Flubber",https://www.imdb.com/title/tt0119137,Movie,5.3,93,1997,"Sci-Fi, Comedy, Family",100991,"1997-11-26","Les Mayfield"
tt0110527,7,2025-01-14,"Miracle on 34th Street","Miracle on 34th Street",https://www.imdb.com/title/tt0110527,Movie,6.7,114,1994,"Fantasy, Family, Drama",51261,"1994-11-18","Les Mayfield"
tt0103786,6,2025-01-14,"Beethoven","Beethoven",https://www.imdb.com/title/tt0103786,Movie,5.8,87,1992,"Drama, Comedy, Family",82112,"1992-04-03","Brian Levant"
tt0093748,7,2025-01-14,"Planes, Trains & Automobiles","Planes, Trains & Automobiles",https://www.imdb.com/title/tt0093748,Movie,7.6,93,1987,"Drama, Comedy",181579,"1987-11-25","John Hughes"
tt0340377,7,2025-01-14,"The Station Agent","The Station Agent",https://www.imdb.com/title/tt0340377,Movie,7.6,89,2003,"Comedy, Drama",81125,"2003-12-05","Tom McCarthy"
tt9617752,7,2025-01-13,"Mr. Jimmy","Mr. Jimmy",https://www.imdb.com/title/tt9617752,Movie,7.4,113,2023,"Documentary",150,"2025-01-10","Peter Michael Dowd"
tt0077745,6,2025-01-13,"Invasion of the Body Snatchers","Invasion of the Body Snatchers",https://www.imdb.com/title/tt0077745,Movie,7.4,115,1978,"Sci-Fi, Horror",82970,"1978-12-22","Philip Kaufman"
tt0427944,7,2025-01-13,"Thank You for Smoking","Thank You for Smoking",https://www.imdb.com/title/tt0427944,Movie,7.5,92,2005,"Comedy, Drama",236501,"2006-04-14","Jason Reitman"
tt0301357,8,2025-01-13,"Good Bye Lenin!","Good Bye Lenin!",https://www.imdb.com/title/tt0301357,Movie,7.7,121,2003,"Romance, Comedy, Drama",160563,"2004-05-14","Wolfgang Becker"
tt0057413,7,2025-01-13,"The Pink Panther","The Pink Panther",https://www.imdb.com/title/tt0057413,Movie,7.0,115,1963,"Romance, Crime, Comedy",62239,"1964-03-18","Blake Edwards"
tt0088286,7,2025-01-13,"Top Secret!","Top Secret!",https://www.imdb.com/title/tt0088286,Movie,7.2,90,1984,"Music, Crime, Comedy",83399,"1984-06-22","Jim Abrahams,David Zucker,Jerry Zucker"
tt0105793,7,2025-01-13,"Wayne's World","Wayne's World",https://www.imdb.com/title/tt0105793,Movie,7.0,94,1992,"Music, Comedy",183280,"1992-02-14","Penelope Spheeris"
tt0113749,7,2025-01-13,"Mallrats","Mallrats",https://www.imdb.com/title/tt0113749,Movie,7.0,94,1995,"Romance, Comedy",134995,"1995-10-20","Kevin Smith"
tt0374900,7,2025-01-13,"Napoleon Dynamite","Napoleon Dynamite",https://www.imdb.com/title/tt0374900,Movie,7.0,96,2004,"Comedy",258538,"2004-08-27","Jared Hess"
tt0109831,7,2025-01-13,"Four Weddings and a Funeral","Four Weddings and a Funeral",https://www.imdb.com/title/tt0109831,Movie,7.1,117,1994,"Drama, Romance, Comedy",183712,"1994-04-15","Mike Newell"
tt0129167,9,2025-01-13,"The Iron Giant","The Iron Giant",https://www.imdb.com/title/tt0129167,Movie,8.1,86,1999,"Animation, Adventure, Action, Sci-Fi, Family",264133,"1999-08-06","Brad Bird"
tt0832266,6,2025-01-13,"Definitely, Maybe","Definitely, Maybe",https://www.imdb.com/title/tt0832266,Movie,7.1,112,2008,"Comedy, Romance, Drama",182415,"2008-02-14","Adam Brooks"
tt0307987,7,2025-01-13,"Bad Santa","Bad Santa",https://www.imdb.com/title/tt0307987,Movie,7.0,92,2003,"Drama, Crime, Comedy",168323,"2003-11-26","Terry Zwigoff"
tt0299658,7,2025-01-13,"Chicago","Chicago",https://www.imdb.com/title/tt0299658,Movie,7.2,113,2002,"Musical, Comedy, Crime",258043,"2003-01-24","Rob Marshall"
tt0083929,7,2025-01-13,"Fast Times at Ridgemont High","Fast Times at Ridgemont High",https://www.imdb.com/title/tt0083929,Movie,7.1,90,1982,"Drama, Comedy",125949,"1982-08-13","Amy Heckerling"
tt0126029,9,2025-01-13,"Shrek","Shrek",https://www.imdb.com/title/tt0126029,Movie,7.9,90,2001,"Animation, Fantasy, Comedy, Family, Adventure, Romance",818443,"2001-05-18","Andrew Adamson,Vicky Jenson"
tt0298148,8,2025-01-13,"Shrek 2","Shrek 2",https://www.imdb.com/title/tt0298148,Movie,7.4,93,2004,"Animation, Romance, Comedy, Family, Adventure, Fantasy",561423,"2004-05-19","Andrew Adamson,Kelly Asbury,Conrad Vernon"
tt0080339,8,2025-01-13,"Airplane!","Airplane!",https://www.imdb.com/title/tt0080339,Movie,7.7,88,1980,"Comedy",291320,"1980-07-02","Jim Abrahams,David Zucker,Jerry Zucker"
tt0125439,7,2025-01-13,"Notting Hill","Notting Hill",https://www.imdb.com/title/tt0125439,Movie,7.2,124,1999,"Drama, Romance, Comedy",388723,"1999-05-28","Roger Michell"
tt0100405,7,2025-01-13,"Pretty Woman","Pretty Woman",https://www.imdb.com/title/tt0100405,Movie,7.1,119,1990,"Romance, Comedy",410179,"1990-03-23","Garry Marshall"
tt0457939,6,2025-01-13,"The Holiday","The Holiday",https://www.imdb.com/title/tt0457939,Movie,7.0,136,2006,"Comedy, Romance",369838,"2006-12-08","Nancy Meyers"
tt0314331,7,2025-01-13,"Love Actually","Love Actually",https://www.imdb.com/title/tt0314331,Movie,7.5,135,2003,"Drama, Romance, Comedy",583062,"2003-11-14","Richard Curtis"
tt17163970,8,2025-01-13,"Wallace & Gromit: Vengeance Most Fowl","Wallace & Gromit: Vengeance Most Fowl",https://www.imdb.com/title/tt17163970,Movie,7.5,82,2024,"Animation, Adventure, Comedy, Family, Sci-Fi",42354,"2025-01-03","Merlin Crossingham,Nick Park"
tt5648882,7,2025-01-13,"The Burial","The Burial",https://www.imdb.com/title/tt5648882,Movie,7.1,126,2023,"Drama, History",43460,"2023-10-13","Maggie Betts"
tt4644488,8,2025-01-12,"Dragon Ball Super","Dragon Ball Super: Doragon bôru cho",https://www.imdb.com/title/tt4644488,TV Series,8.3,24,2015,"Animation, Action, Comedy, Adventure, Fantasy, Sci-Fi, Family",46682,"2017-01-07",
tt14614892,7,2025-01-12,"Dragon Ball Super: Super Hero","Doragon Bôru Sûpâ Sûpâ Hîrô",https://www.imdb.com/title/tt14614892,Movie,7.1,100,2022,"Animation, Action, Adventure, Fantasy",19196,"2022-08-18","Tetsuro Kodama"
tt0037558,8,2025-01-12,"Brief Encounter","Brief Encounter",https://www.imdb.com/title/tt0037558,Movie,8.0,86,1945,"Drama, Romance",49053,"1946-08-24","David Lean"
tt1464540,5,2025-01-11,"I Am Number Four","I Am Number Four",https://www.imdb.com/title/tt1464540,Movie,6.1,111,2011,"Sci-Fi, Thriller, Action, Adventure",253755,"2011-02-18","D.J. Caruso"
tt1059786,6,2025-01-11,"Eagle Eye","Eagle Eye",https://www.imdb.com/title/tt1059786,Movie,6.6,118,2008,"Thriller, Action, Mystery",202657,"2008-09-26","D.J. Caruso"
tt1229340,5,2025-01-10,"Anchorman 2: The Legend Continues","Anchorman 2: The Legend Continues",https://www.imdb.com/title/tt1229340,Movie,6.3,119,2013,"Comedy",203125,"2013-12-18","Adam McKay"
tt1067106,6,2025-01-10,"A Christmas Carol","A Christmas Carol",https://www.imdb.com/title/tt1067106,Movie,6.8,96,2009,"Animation, Drama, Family, Fantasy, Adventure, Comedy",141958,"2009-11-06","Robert Zemeckis"
tt1045772,7,2025-01-10,"I Love You Phillip Morris","I Love You Phillip Morris",https://www.imdb.com/title/tt1045772,Movie,6.6,98,2009,"Comedy, Drama, Romance, Biography, Crime",104016,"2011-01-07","Glenn Ficarra,John Requa"
tt0369441,7,2025-01-10,"Fun with Dick and Jane","Fun with Dick and Jane",https://www.imdb.com/title/tt0369441,Movie,6.2,90,2005,"Comedy, Crime",163976,"2005-12-21","Dean Parisot"
tt0112281,6,2025-01-10,"Ace Ventura: When Nature Calls","Ace Ventura: When Nature Calls",https://www.imdb.com/title/tt0112281,Movie,6.4,90,1995,"Adventure, Crime, Comedy",250869,"1995-11-10","Steve Oedekerk"
tt0109040,7,2025-01-10,"Ace Ventura: Pet Detective","Ace Ventura: Pet Detective",https://www.imdb.com/title/tt0109040,Movie,6.9,86,1994,"Comedy",356945,"1994-02-04","Tom Shadyac"
tt0067756,6,2025-01-10,"Silent Running","Silent Running",https://www.imdb.com/title/tt0067756,Movie,6.6,89,1972,"Sci-Fi, Drama",33914,"1972-06-29","Douglas Trumbull"
tt22004344,7,2025-01-10,"Snack Shack","Snack Shack",https://www.imdb.com/title/tt22004344,Movie,7.0,112,2024,"Comedy, Drama",18358,"2024-07-01","Adam Rehmeier"
tt31494977,1,2025-01-10,"American Sports Story: Who Killed Aaron Hernandez?","American Sports Story: Who Killed Aaron Hernandez?",https://www.imdb.com/title/tt31494977,TV Episode,7.4,45,2024,"Biography, Drama, Sport",156,"2024-11-12","Michael Uppendahl"
tt15232542,7,2025-01-10,"American Sports Story","American Sports Story",https://www.imdb.com/title/tt15232542,TV Series,7.3,45,2024,"Biography, Drama, Sport",2627,"2024-09-17",
tt0096933,7,2025-01-10,"Black Rain","Black Rain",https://www.imdb.com/title/tt0096933,Movie,6.6,125,1989,"Thriller, Drama, Crime, Action",65148,"1989-09-22","Ridley Scott"
tt0094737,7,2025-01-10,"Big","Big",https://www.imdb.com/title/tt0094737,Movie,7.3,104,1988,"Drama, Romance, Comedy, Fantasy",262680,"1988-06-03","Penny Marshall"
tt0119528,7,2025-01-10,"Liar Liar","Liar Liar",https://www.imdb.com/title/tt0119528,Movie,6.9,86,1997,"Fantasy, Comedy",365482,"1997-03-21","Tom Shadyac"
tt0110475,8,2025-01-10,"The Mask","The Mask",https://www.imdb.com/title/tt0110475,Movie,7.0,101,1994,"Crime, Comedy, Fantasy",475217,"1994-07-29","Chuck Russell"
tt0120484,5,2025-01-10,"The Waterboy","The Waterboy",https://www.imdb.com/title/tt0120484,Movie,6.2,90,1998,"Sport, Comedy",193542,"1998-11-06","Frank Coraci"
tt0120888,7,2025-01-10,"The Wedding Singer","The Wedding Singer",https://www.imdb.com/title/tt0120888,Movie,6.9,97,1998,"Music, Romance, Comedy",174638,"1998-02-13","Frank Coraci"
tt0389860,7,2025-01-10,"Click","Click",https://www.imdb.com/title/tt0389860,Movie,6.5,107,2006,"Comedy, Drama, Romance, Fantasy",391247,"2006-06-23","Frank Coraci"
tt30227076,7,2025-01-09,"Black Box Diaries","Burakku bokkusu daiarîzu",https://www.imdb.com/title/tt30227076,Movie,7.5,102,2024,"Documentary, Crime",4646,"2025-12-12","Shiori Itō"
tt7961060,8,2025-01-09,"Dragon Ball Super: Broly","Doragon Bôru Sûpâ Burorî",https://www.imdb.com/title/tt7961060,Movie,7.7,100,2018,"Animation, Action, Fantasy, Adventure, Family, Sci-Fi",37759,"2019-01-16","Tatsuya Nagamine"
tt28277817,7,2025-01-08,"Bird","Bird",https://www.imdb.com/title/tt28277817,Movie,7.0,119,2024,"Drama",13119,"2024-12-23","Andrea Arnold"
tt21823606,8,2025-01-08,"A Real Pain","A Real Pain",https://www.imdb.com/title/tt21823606,Movie,7.0,90,2024,"Comedy, Drama",165159,"2024-11-15","Jesse Eisenberg"
tt21382296,7,2025-01-08,"Carry-On","Carry-On",https://www.imdb.com/title/tt21382296,Movie,6.5,119,2024,"Action, Thriller, Crime",197669,"2024-12-13","Jaume Collet-Serra"
tt4772188,8,2025-01-07,"Flow","Straume",https://www.imdb.com/title/tt4772188,Movie,7.8,85,2024,"Animation, Adventure, Fantasy, Family",152247,"2025-02-14","Gints Zilbalodis"
tt3263946,6,2025-01-07,"Trial by Fire","Trial by Fire",https://www.imdb.com/title/tt3263946,Movie,7.1,127,2018,"Drama, Biography",16352,"2019-05-17","Edward Zwick"
tt1262426,6,2025-01-07,"Wicked","Wicked",https://www.imdb.com/title/tt1262426,Movie,7.3,160,2024,"Musical, Fantasy, Romance",255717,"2024-11-22","Jon M. Chu"
tt0270288,7,2025-01-06,"Confessions of a Dangerous Mind","Confessions of a Dangerous Mind",https://www.imdb.com/title/tt0270288,Movie,7.0,113,2002,"Biography, Thriller, Comedy, Romance, Crime, Drama",96069,"2003-01-24","George Clooney"
tt1596345,7,2025-01-06,"Pawn Sacrifice","Pawn Sacrifice",https://www.imdb.com/title/tt1596345,Movie,7.0,115,2014,"Drama, Biography, Sport, Thriller, History",54689,"2015-09-25","Edward Zwick"
tt0108065,8,2025-01-06,"Searching for Bobby Fischer","Searching for Bobby Fischer",https://www.imdb.com/title/tt0108065,Movie,7.3,109,1993,"Biography, Sport, Drama",44958,"1993-08-11","Steven Zaillian"
tt29005169,1,2025-01-06,"The Gentlemen: The Gospel According to Bobby Glass","The Gentlemen: The Gospel According to Bobby Glass",https://www.imdb.com/title/tt29005169,TV Episode,7.9,43,2024,"Action, Comedy, Crime",3588,"2024-03-07","David Caffrey"
tt31392609,8,2025-01-05,"How to Make Millions Before Grandma Dies","Lahn Mah",https://www.imdb.com/title/tt31392609,Movie,7.9,125,2024,"Drama, Comedy, Family",23013,"2024-09-13","Pat Boonnitipat"
tt1111422,6,2025-01-05,"The Taking of Pelham 123","The Taking of Pelham 123",https://www.imdb.com/title/tt1111422,Movie,6.4,106,2009,"Thriller, Crime, Action",218474,"2009-06-12","Tony Scott"
tt14824600,6,2025-01-02,"The Lord of the Rings: The War of the Rohirrim","The Lord of the Rings: The War of the Rohirrim",https://www.imdb.com/title/tt14824600,Movie,6.3,134,2024,"Animation, Action, Adventure, Drama, Fantasy",41507,"2024-12-13","Kenji Kamiyama"
tt0049366,8,2025-01-01,"Invasion of the Body Snatchers","Invasion of the Body Snatchers",https://www.imdb.com/title/tt0049366,Movie,7.7,80,1956,"Drama, Sci-Fi, Horror",60335,"1956-02-05","Don Siegel"
tt14948432,6,2025-01-01,"Red One","Red One",https://www.imdb.com/title/tt14948432,Movie,6.2,123,2024,"Action, Adventure, Comedy, Mystery, Fantasy",161177,"2024-11-15","Jake Kasdan"
tt26625693,6,2025-01-01,"The Order","The Order",https://www.imdb.com/title/tt26625693,Movie,6.8,116,2024,"Crime, Thriller, Drama",64011,"2025-04-18","Justin Kurzel"
tt29874855,5,2024-12-31,"Ostinato","Ostinato",https://www.imdb.com/title/tt29874855,Short,5.8,7,2023,"Animation, Short",648,"2023-11-10","Sonia Furier"
tt32138523,9,2024-12-31,"Avicii - I'm Tim","Avicii - I'm Tim",https://www.imdb.com/title/tt32138523,Movie,7.7,95,2024,"Documentary, Biography, Music",8582,"2024-12-31","Henrik Burman"
tt1441395,8,2024-12-31,"Under the Skin","Under the Skin",https://www.imdb.com/title/tt1441395,Movie,6.3,108,2013,"Sci-Fi, Drama, Thriller, Horror, Mystery",172734,"2014-04-18","Jonathan Glazer"
tt0047573,7,2024-12-31,"Them!","Them!",https://www.imdb.com/title/tt0047573,Movie,7.2,94,1954,"Sci-Fi, Horror",27091,"1954-06-19","Gordon Douglas"
tt24458622,6,2024-12-31,"The Six Triple Eight","The Six Triple Eight",https://www.imdb.com/title/tt24458622,Movie,6.7,127,2024,"War, Drama, History",32632,"2024-12-20","Tyler Perry"
tt28490044,7,2024-12-30,"Evil Does Not Exist","Aku wa sonzai shinai",https://www.imdb.com/title/tt28490044,Movie,7.0,106,2023,"Drama",13590,"2024-04-26","Ryūsuke Hamaguchi"
tt1636826,8,2024-12-30,"Project X","Project X",https://www.imdb.com/title/tt1636826,Movie,6.7,88,2012,"Comedy, Thriller",260808,"2012-03-02","Nima Nourizadeh"
tt28943410,1,2024-12-28,"The Vince Staples Show: White Boy","The Vince Staples Show: White Boy",https://www.imdb.com/title/tt28943410,TV Episode,7.7,,2024,"Biography, Comedy, Music",212,"2024-02-15","Ben Younger"
tt21993130,7,2024-12-28,"The Vince Staples Show","The Vince Staples Show",https://www.imdb.com/title/tt21993130,TV Series,7.4,26,2024,"Biography, Comedy, Music",3573,"2024-02-15",
tt34729811,5,2024-12-28,"Polo","Polo",https://www.imdb.com/title/tt34729811,TV Series,3.0,45,2024,"Documentary, Sport",2893,"2024-12-10",
tt8134186,8,2024-12-27,"Devs","Devs",https://www.imdb.com/title/tt8134186,TV Mini Series,7.6,51,2020,"Thriller, Sci-Fi, Drama, Mystery",58613,"2020-03-05",
tt28607951,8,2024-12-26,"Anora","Anora",https://www.imdb.com/title/tt28607951,Movie,7.4,139,2024,"Drama, Comedy, Romance",302661,"2024-11-08","Sean Baker"
tt33040785,8,2024-12-24,"Culinary Class Wars","Heugbaekyorisa: Yori Gyegeub Jeonjaeng",https://www.imdb.com/title/tt33040785,TV Series,8.5,66,2024,"Game-Show, Reality-TV",5308,"2024-09-17",
tt24669794,6,2024-12-24,"Breakup Season","Breakup Season",https://www.imdb.com/title/tt24669794,Movie,6.1,102,2024,"Comedy, Drama, Romance",673,"2024-12-06","H. Nelson Tracey"
tt11687002,7,2024-12-24,"The Outrun","The Outrun",https://www.imdb.com/title/tt11687002,Movie,6.9,118,2024,"Drama, Biography",23006,"2024-10-04","Nora Fingscheidt"
tt31789358,8,2024-12-23,"ZEF: The Story of Die Antwoord","ZEF: The Story of Die Antwoord",https://www.imdb.com/title/tt31789358,Movie,7.4,90,2024,"Documentary, Biography, Music",1099,"2024-03-23","Jon Day,Jack Shih"
tt22352776,7,2024-12-22,"Ernest and Celestine: A Trip to Gibberitia","Ernest et Célestine: Le voyage en Charabie",https://www.imdb.com/title/tt22352776,Movie,7.1,80,2022,"Animation, Adventure, Family, Comedy, Crime, Drama",1240,"2022-12-14","Julien Chheng,Jean-Christophe Roger"
tt16270512,8,2024-12-22,"The Birth of Kitaro: Mystery of GeGeGe","Kitarô Tanjô: Gegege no Nazo",https://www.imdb.com/title/tt16270512,Movie,7.2,104,2023,"Animation, Action, Comedy, Fantasy, Horror, Thriller",701,"2023-11-17","Gô Koga"
tt3393786,6,2024-12-22,"Jack Reacher: Never Go Back","Jack Reacher: Never Go Back",https://www.imdb.com/title/tt3393786,Movie,6.2,118,2016,"Action, Thriller",194752,"2016-10-21","Edward Zwick"
tt14257582,6,2024-12-22,"Wolfs","Wolfs",https://www.imdb.com/title/tt14257582,Movie,6.5,108,2024,"Thriller, Crime, Comedy, Action",106849,"2024-09-27","Jon Watts"
tt0120102,7,2024-12-22,"Seven Years in Tibet","Seven Years in Tibet",https://www.imdb.com/title/tt0120102,Movie,7.1,136,1997,"Biography, History, War, Drama, Adventure",169525,"1997-10-10","Jean-Jacques Annaud"
tt27902121,8,2024-12-21,"Super/Man: The Christopher Reeve Story","Super/Man: The Christopher Reeve Story",https://www.imdb.com/title/tt27902121,Movie,8.0,104,2024,"Documentary, Biography",11807,"2024-12-07","Ian Bonhôte,Peter Ettedgui"
tt0087995,6,2024-12-21,"Repo Man","Repo Man",https://www.imdb.com/title/tt0087995,Movie,6.8,92,1984,"Crime, Thriller, Sci-Fi, Comedy",45976,"1984-03-02","Alex Cox"
tt1053424,5,2024-12-20,"Repo Men","Repo Men",https://www.imdb.com/title/tt1053424,Movie,6.3,111,2010,"Sci-Fi, Thriller, Action",114474,"2010-03-19","Miguel Sapochnik"
tt33204697,7,2024-12-20,"Secret Level","Secret Level",https://www.imdb.com/title/tt33204697,TV Series,7.3,15,2024,"Animation, Short, Fantasy, Sci-Fi, Adventure, Action",32345,"2024-12-10",
tt33208181,1,2024-12-20,"Secret Level: Playtime: Fulfillment","Secret Level: Playtime: Fulfillment",https://www.imdb.com/title/tt33208181,TV Episode,4.9,12,2024,"Animation, Short, Fantasy, Sci-Fi, Adventure, Action",4023,"2024-12-17","István Zorkóczy,Dave Wilson"
tt0386140,6,2024-12-19,"The Legend of Zorro","The Legend of Zorro",https://www.imdb.com/title/tt0386140,Movie,6.0,129,2005,"Action, Adventure, Western, Romance, Thriller, Drama",115441,"2005-10-28","Martin Campbell"
tt1133985,5,2024-12-19,"Green Lantern","Green Lantern",https://www.imdb.com/title/tt1133985,Movie,5.5,114,2011,"Action, Sci-Fi, Adventure",310535,"2011-06-17","Martin Campbell"
tt27695005,7,2024-12-19,"River","Ribâ, nagarenaide yo",https://www.imdb.com/title/tt27695005,Movie,6.8,86,2023,"Comedy, Sci-Fi, Fantasy",3436,"2023-06-23","Junta Yamaguchi"
tt27196021,6,2024-12-17,"Small Things Like These","Small Things Like These",https://www.imdb.com/title/tt27196021,Movie,6.7,98,2024,"Drama",39382,"2024-11-08","Tim Mielants"
tt0120646,6,2024-12-15,"The Deep End of the Ocean","The Deep End of the Ocean",https://www.imdb.com/title/tt0120646,Movie,6.3,106,1999,"Drama",23552,"1999-03-12","Ulu Grosbard"
tt0377109,5,2024-12-15,"The Ring Two","The Ring Two",https://www.imdb.com/title/tt0377109,Movie,5.4,110,2005,"Horror, Mystery",106496,"2005-03-18","Hideo Nakata"
tt0453562,7,2024-12-15,"42","42",https://www.imdb.com/title/tt0453562,Movie,7.5,128,2013,"Drama, Sport, Biography",109533,"2013-04-12","Brian Helgeland"
tt27410895,7,2024-12-15,"Let Go","Släpp taget",https://www.imdb.com/title/tt27410895,Movie,7.0,110,2024,"Drama",7548,"2024-11-01","Josephine Bornebusch"
tt27995113,7,2024-12-13,"Black Doves","Black Doves",https://www.imdb.com/title/tt27995113,TV Series,7.2,55,2024,"Drama, Thriller, Action, Mystery",75734,"2024-12-05",
tt28015403,8,2024-12-12,"Heretic","Heretic",https://www.imdb.com/title/tt28015403,Movie,7.0,111,2024,"Horror, Thriller",235241,"2024-11-08","Scott Beck,Bryan Woods"
tt19768016,7,2024-12-11,"Love According to Dalva","Dalva",https://www.imdb.com/title/tt19768016,Movie,7.3,83,2022,"Drama",2475,"2023-03-22","Emmanuelle Nicot"
tt0290978,8,2024-12-11,"The Office","The Office",https://www.imdb.com/title/tt0290978,TV Series,8.5,30,2001,"Drama, Comedy",133476,"2003-01-23",
tt28523838,7,2024-12-11,"Exhibiting Forgiveness","Exhibiting Forgiveness",https://www.imdb.com/title/tt28523838,Movie,7.0,117,2024,"Drama",1768,"2024-12-03","Titus Kaphar"
tt33481094,7,2024-12-11,"The Menendez Brothers","The Menendez Brothers",https://www.imdb.com/title/tt33481094,Movie,7.0,119,2024,"Documentary, Crime",11646,"2024-10-07","Alejandro Hartmann"
tt16366836,6,2024-12-10,"Venom: The Last Dance","Venom: The Last Dance",https://www.imdb.com/title/tt16366836,Movie,6.0,110,2024,"Action, Fantasy, Sci-Fi, Thriller, Horror",161894,"2024-10-25","Kelly Marcel"
tt0099797,6,2024-12-09,"The Hot Spot","The Hot Spot",https://www.imdb.com/title/tt0099797,Movie,6.4,130,1990,"Crime, Thriller, Romance, Drama",15663,"1990-10-26","Dennis Hopper"
tt0112642,7,2024-12-08,"Casper","Casper",https://www.imdb.com/title/tt0112642,Movie,6.2,100,1995,"Comedy, Family, Fantasy",160675,"1995-05-26","Rob Letterman,Brad Silberling"
tt27403986,7,2024-12-08,"Juror #2","Juror #2",https://www.imdb.com/title/tt27403986,Movie,7.0,114,2024,"Thriller, Drama, Crime, Mystery",129754,"2024-12-20","Clint Eastwood"
tt0142243,6,2024-12-06,"Dragon Ball Z: Wrath of the Dragon","Doragon Bôru Zetto Ryû-Ken Bakuhatsu!! Gokû ga Yaraneba Dare ga Yaru",https://www.imdb.com/title/tt0142243,Movie,7.4,52,1995,"Animation, Action, Sci-Fi",11033,"2006-08-22","Mitsuo Hashimoto"
tt0142236,7,2024-12-06,"Dragon Ball Z: Fusion Reborn","Dragon Ball Z: Fukkatsu no Fusion!! Gokuu to Vegeta",https://www.imdb.com/title/tt0142236,Movie,7.6,51,1995,"Animation, Action, Sci-Fi",13800,"1995-03-04","Shigeyasu Yamauchi"
tt0142234,5,2024-12-06,"Dragon Ball Z: Bio-Broly","Dragon Ball Z: Super Senshi Gekiha!! Katsu No wa Ore da",https://www.imdb.com/title/tt0142234,Movie,5.8,47,1994,"Animation, Action, Sci-Fi",6883,"1994-07-09","Yoshihiro Ueda"
tt27426599,1,2024-12-06,"Fargo: Bisquik","Fargo: Bisquik",https://www.imdb.com/title/tt27426599,TV Episode,8.3,45,2024,"Crime, Drama, Thriller",6866,"2024-01-16","Thomas Bezucha"
tt0142247,8,2024-12-04,"Dragon Ball Z: The History of Trunks","Doragon Bôru Zetto Zetsubô e no Hankô!! Nokosareta Chô-Senshi Gohan to Torankusu",https://www.imdb.com/title/tt0142247,TV Special,7.8,47,1993,"Animation, Action, Drama, Sci-Fi",7155,"2001-01-30","Yoshihiro Ueda,Daisuke Nishio"
tt2980736,7,2024-12-04,"Dragon Ball: Episode of Bardock","Doragon Bôru Episôdo obu Bâdakku",https://www.imdb.com/title/tt2980736,Video,7.2,20,2011,"Animation, Short, Action, Fantasy, Drama, Family, Sci-Fi",3070,"2012-10-02","Yoshihiro Ueda"
tt1286785,7,2024-12-04,"Dragon Ball Z Side Story: Plan to Eradicate the Saiyans","Doragon Bôru Zetto Gaiden Saiya-jin Zetsumetsu Keikaku",https://www.imdb.com/title/tt1286785,Video,6.7,59,1993,"Animation, Action, Adventure, Sci-Fi, Fantasy",1590,"1993-08","Shigeyasu Yamauchi"
tt0142245,8,2024-12-04,"Dragon Ball Z: Bardock - The Father of Goku","Doragon Bôru Zetto Tatta Hitori no Saishû Kessen",https://www.imdb.com/title/tt0142245,TV Special,7.8,48,1990,"Animation, Drama, Action, Sci-Fi, Fantasy",7301,"1990-10-17","Mitsuo Hashimoto,Daisuke Nishio"
tt0142239,6,2024-12-04,"Dragon Ball Z: Broly - Second Coming","Dragon Ball Z: Kiken na Futari! Super Senshi wa Nemurenai",https://www.imdb.com/title/tt0142239,Movie,6.5,48,1994,"Animation, Action, Sci-Fi, Adventure, Comedy",7454,"1994-03-12","Shigeyasu Yamauchi"
tt0142238,7,2024-12-04,"Dragon Ball Z: Bojack Unbound","Dragon Ball Z: Ginga Giri-Giri!! Butchigiri no Sugoi Yatsu",https://www.imdb.com/title/tt0142238,Movie,7.1,50,1993,"Animation, Action, Fantasy, Sci-Fi",8280,"2004-08-17","Yoshihiro Ueda"
tt32627540,7,2024-12-04,"Watchmen: Chapter I","Watchmen: Chapter I",https://www.imdb.com/title/tt32627540,Movie,7.1,83,2024,"Animation, Action, Drama, Mystery, Sci-Fi",8659,"2024-08-13","Brandon Vietti"
tt32627545,7,2024-12-04,"Watchmen: Chapter II","Watchmen: Chapter II",https://www.imdb.com/title/tt32627545,Movie,7.1,90,2024,"Animation, Action, Drama, Mystery, Sci-Fi",4845,"2024-11-26","Vinton Heuck,Brandon Vietti"
tt4008518,7,2024-12-03,"Dragon Ball: Plan to Eradicate the Super Saiyans","Doragon Bôru Sûpâ Saiya-jin Zetsumetsu Keikaku",https://www.imdb.com/title/tt4008518,Video,6.5,30,2010,"Animation, Short, Action, Fantasy",1167,"2010-11-11","Yoshihiro Ueda"
tt0142242,7,2024-12-03,"Dragon Ball Z: Broly - The Legendary Super Saiyan","Dragon Ball Z: Moetsukiro!! Nessen Ressen Chô-Gekisen",https://www.imdb.com/title/tt0142242,Movie,7.3,72,1993,"Animation, Action, Sci-Fi, Fantasy",13501,"2003-08-26","Shigeyasu Yamauchi"
tt16300962,8,2024-12-02,"When Evil Lurks","Cuando acecha la maldad",https://www.imdb.com/title/tt16300962,Movie,6.9,99,2023,"Horror",63498,"2023-10-27","Demián Rugna"
tt27504251,6,2024-12-01,"Ranking of Kings: The Treasure Chest of Courage","Ôsama Ranking: Yûki no takarabako",https://www.imdb.com/title/tt27504251,TV Mini Series,6.9,22,2022,"Animation, Action, Adventure, Comedy, Drama, Fantasy",716,"2023-04-14",
tt0433722,8,2024-12-01,"Paranoia Agent","Môsô dairinin",https://www.imdb.com/title/tt0433722,TV Mini Series,7.9,25,2004,"Animation, Mystery, Drama, Horror, Thriller",16979,"2005-05-28",
tt0142241,7,2024-11-30,"Dragon Ball Z: Super Android 13!","Doragon bôru Z: Kyokugen batoru!! San dai sûpâ saiyajin",https://www.imdb.com/title/tt0142241,Movie,6.9,46,1992,"Animation, Action, Sci-Fi",8984,"1992-07-11","Daisuke Nishio"
tt0142237,7,2024-11-30,"Dragon Ball Z: The Return of Cooler","Dragon Ball Z: Gekitotsu!! 100-oku Power no Senshi-tachi",https://www.imdb.com/title/tt0142237,Movie,6.9,45,1992,"Animation, Action, Fantasy, Sci-Fi",9559,"2002-08-13","Daisuke Nishio"
tt27131358,6,2024-11-30,"We Live in Time","We Live in Time",https://www.imdb.com/title/tt27131358,Movie,7.0,108,2024,"Drama, Romance",74672,"2024-10-18","John Crowley"
tt1234548,6,2024-11-30,"The Men Who Stare at Goats","The Men Who Stare at Goats",https://www.imdb.com/title/tt1234548,Movie,6.2,94,2009,"Comedy, War",142273,"2009-11-06","Grant Heslov"
tt20215234,8,2024-11-30,"Conclave","Conclave",https://www.imdb.com/title/tt20215234,Movie,7.4,120,2024,"Thriller, Drama",285818,"2024-10-25","Edward Berger"
tt30287778,7,2024-11-30,"I, the Executioner","Beterang 2",https://www.imdb.com/title/tt30287778,Movie,6.3,118,2024,"Action, Comedy, Thriller, Adventure, Crime",2682,"2024-09-13","Ryoo Seung-wan"
tt15939198,6,2024-11-29,"Blitz","Blitz",https://www.imdb.com/title/tt15939198,Movie,6.2,120,2024,"Drama, War, History, Action",19069,"2024-11-01","Steve McQueen"
tt5674658,7,2024-11-28,"Kensuke's Kingdom","Kensuke's Kingdom",https://www.imdb.com/title/tt5674658,Movie,6.9,85,2023,"Animation, Adventure",1902,"2024-10-18","Neil Boyle,Kirk Hendry"
tt1125254,7,2024-11-28,"Dragon Ball Z: Cooler's Revenge","Doragon bôru Zetto: Tobikkiri no Saikyô tai Saikyô",https://www.imdb.com/title/tt1125254,Movie,7.0,47,1991,"Animation, Action, Sci-Fi",9680,"2002-01-22","Mitsuo Hashimoto"
tt23770030,7,2024-11-28,"Memoir of a Snail","Memoir of a Snail",https://www.imdb.com/title/tt23770030,Movie,7.8,94,2024,"Animation, Drama",26381,"2025-07-29","Adam Elliot"
tt23558280,5,2024-11-28,"Elevation","Elevation",https://www.imdb.com/title/tt23558280,Movie,5.7,91,2024,"Action, Thriller, Sci-Fi, Horror, Mystery",31865,"2024-11-26","George Nolfi"
tt18272208,6,2024-11-27,"Here","Here",https://www.imdb.com/title/tt18272208,Movie,6.3,104,2024,"Drama",28991,"2024-11-01","Robert Zemeckis"
tt10284944,6,2024-11-27,"The Fix","The Fix",https://www.imdb.com/title/tt10284944,Movie,4.9,98,2024,"Sci-Fi, Action",3612,"2024-11-22","Kelsey Egan"
tt29268110,6,2024-11-27,"Smile 2","Smile 2",https://www.imdb.com/title/tt29268110,Movie,6.7,127,2024,"Horror, Mystery, Thriller",150768,"2024-10-18","Parker Finn"
tt1028576,7,2024-11-27,"Secretariat","Secretariat",https://www.imdb.com/title/tt1028576,Movie,7.2,123,2010,"Drama, Sport, History, Family, Biography",32948,"2010-10-08","Randall Wallace"
tt0120744,6,2024-11-27,"The Man in the Iron Mask","The Man in the Iron Mask",https://www.imdb.com/title/tt0120744,Movie,6.5,132,1998,"Drama, Adventure, Action",191960,"1998-03-13","Randall Wallace"
tt0070707,7,2024-11-26,"Sleeper","Sleeper",https://www.imdb.com/title/tt0070707,Movie,7.1,89,1973,"Sci-Fi, Comedy",45590,"1973-12-17","Woody Allen"
tt0399201,7,2024-11-26,"The Island","The Island",https://www.imdb.com/title/tt0399201,Movie,6.8,136,2005,"Sci-Fi, Thriller, Action",343743,"2005-07-22","Michael Bay"
tt13650742,6,2024-11-25,"Suncoast","Suncoast",https://www.imdb.com/title/tt13650742,Movie,6.7,109,2024,"Drama",8566,"2024-02-09","Laura Chinn"
tt20201748,5,2024-11-25,"Greedy People","Greedy People",https://www.imdb.com/title/tt20201748,Movie,6.2,112,2024,"Comedy, Crime, Thriller",15650,"2024-08-23","Potsy Ponciroli"
tt10128846,5,2024-11-25,"Megalopolis","Megalopolis: A Fable",https://www.imdb.com/title/tt10128846,Movie,4.7,138,2024,"Drama, Sci-Fi, Fantasy",42799,"2024-09-27","Francis Ford Coppola"
tt0142244,6,2024-11-24,"Dragon Ball Z: Lord Slug","Dragon Ball Z: Super Saiya-jin da Son Gokû",https://www.imdb.com/title/tt0142244,Movie,6.5,43,1991,"Animation, Action, Fantasy",7704,"2001-08-07","Mitsuo Hashimoto"
tt0142233,7,2024-11-23,"Dragon Ball Z: The Tree of Might","Doragon boru Z: Chikyû marugoto chôkessen",https://www.imdb.com/title/tt0142233,Movie,6.7,60,1990,"Animation, Action, Adventure, Sci-Fi",9757,"1998-03-17","Daisuke Nishio"
tt19121796,6,2024-11-23,"Look Into My Eyes","Look into My Eyes",https://www.imdb.com/title/tt19121796,Movie,5.5,105,2024,"Documentary",704,"2024-01-22","Lana Wilson"
tt15435876,8,2024-11-22,"The Penguin","The Penguin",https://www.imdb.com/title/tt15435876,TV Mini Series,8.6,60,2024,"Crime, Drama",245728,"2024-09-19",
tt0103074,8,2024-11-22,"Thelma & Louise","Thelma & Louise",https://www.imdb.com/title/tt0103074,Movie,7.6,130,1991,"Drama, Adventure, Crime",195597,"1991-05-24","Ridley Scott"
tt9218128,6,2024-11-22,"Gladiator II","Gladiator II",https://www.imdb.com/title/tt9218128,Movie,6.4,148,2024,"Adventure, Drama",309148,"2024-11-22","Ridley Scott"
tt19811010,8,2024-11-21,"The Remarkable Life of Ibelin","Ibelin",https://www.imdb.com/title/tt19811010,Movie,8.1,103,2024,"Animation, Documentary, Biography",15326,"2024-10-25","Benjamin Ree"
tt4301160,8,2024-11-19,"Black Bird","Black Bird",https://www.imdb.com/title/tt4301160,TV Mini Series,8.1,58,2022,"Crime, Drama, Thriller, Mystery, Biography",146617,"2022-07-08",
tt31711040,8,2024-11-19,"Look Back","Rukku Bakku",https://www.imdb.com/title/tt31711040,Movie,7.8,58,2024,"Animation, Drama",23535,"2024-11-07","Kiyotaka Oshiyama"
tt21874690,6,2024-11-18,"Paradise Is Burning","Paradiset brinner",https://www.imdb.com/title/tt21874690,Movie,6.5,108,2023,"Drama",1121,"2023-10-27","Mika Gustafson"
tt0142240,6,2024-11-18,"Dragon Ball Z: The World's Strongest","Doragon boru Z: Konoyo de ichiban tsuyoi yatsu",https://www.imdb.com/title/tt0142240,Movie,6.6,59,1990,"Animation, Action, Sci-Fi, Thriller, Adventure",8332,"1998-05-26","Daisuke Nishio"
tt0142235,7,2024-11-18,"Dragon Ball Z: Dead Zone","Doragon Boru Zetto: Ora no Gohan o Kaese!!",https://www.imdb.com/title/tt0142235,Short,6.7,41,1989,"Animation, Short, Sci-Fi, Fantasy, Adventure, Action",9029,"1989-07-15","Daisuke Nishio"
tt27881474,7,2024-11-17,"Time Still Turns the Pages","Nin siu yat gei",https://www.imdb.com/title/tt27881474,Movie,7.7,95,2023,"Drama",2258,"2023-11-16","Nick Cheuk"
tt0142250,7,2024-11-17,"Dragon Ball: The Path to Power","Doragon bôru: Saikyô e no michi",https://www.imdb.com/title/tt0142250,Movie,7.1,80,1996,"Animation, Sci-Fi, Comedy, Fantasy, Adventure, Action",3454,"2003-04-29","Shigeyasu Yamauchi"
tt0142248,7,2024-11-17,"Dragon Ball: Mystical Adventure","Dragon Ball: Makafushigi Dai Bôken",https://www.imdb.com/title/tt0142248,Movie,6.8,48,1988,"Animation, Adventure, Action",3330,"1988-07-09","Kazuhisa Takenouchi"
tt0142251,7,2024-11-17,"Dragon Ball: Curse of the Blood Rubies","Dragon Ball: Shenron no Densetsu",https://www.imdb.com/title/tt0142251,Movie,6.7,50,1986,"Animation, Fantasy, Comedy, Sci-Fi, Adventure, Action",4413,"1995-09-09","Daisuke Nishio"
tt0142249,6,2024-11-17,"Dragon Ball: Sleeping Princess in Devil's Castle","Doragon Bôru Majin-Jô no Nemuri Hime",https://www.imdb.com/title/tt0142249,Movie,6.5,45,1987,"Animation, Sci-Fi, Fantasy, Adventure, Action",3552,"1987-07-18","Daisuke Nishio"
tt22741760,6,2024-11-17,"Your Monster","Your Monster",https://www.imdb.com/title/tt22741760,Movie,6.4,103,2024,"Comedy, Horror, Romance",8652,"2024-10-25","Caroline Lindy"
tt27657135,7,2024-11-17,"Saturday Night","Saturday Night",https://www.imdb.com/title/tt27657135,Movie,6.8,109,2024,"History, Drama, Biography, Comedy",40032,"2024-10-11","Jason Reitman"
tt28491891,7,2024-11-16,"His Three Daughters","His Three Daughters",https://www.imdb.com/title/tt28491891,Movie,7.1,101,2023,"Drama",22208,"2024-09-20","Azazel Jacobs"
tt20202324,6,2024-11-15,"Magpie","Magpie",https://www.imdb.com/title/tt20202324,Movie,6.3,90,2024,"Thriller",5166,"2024-10-25","Sam Yates"
tt0089695,6,2024-11-14,"No Retreat, No Surrender","No Retreat No Surrender",https://www.imdb.com/title/tt0089695,Movie,5.6,85,1986,"Drama, Crime, Comedy, Action",20783,"1986-05-02","Corey Yuen"
tt32203531,5,2024-11-14,"Frankie Freako","Frankie Freako",https://www.imdb.com/title/tt32203531,Movie,5.5,85,2024,"Comedy, Horror",1941,"2025-07-10","Steven Kostanski"
tt0386741,7,2024-11-14,"Renaissance","Renaissance",https://www.imdb.com/title/tt0386741,Movie,6.6,105,2006,"Animation, Sci-Fi, Thriller, Action",16788,"2006-03-15","Christian Volckman"
tt15571732,6,2024-11-13,"Agatha All Along","Agatha All Along",https://www.imdb.com/title/tt15571732,TV Mini Series,7.2,40,2024,"Comedy, Action, Adventure, Fantasy, Sci-Fi, Drama",90909,"2024-09-18",
tt11147852,7,2024-11-12,"Dorohedoro","Dorohedoro",https://www.imdb.com/title/tt11147852,TV Series,8.1,25,2020,"Animation, Action, Comedy, Fantasy, Horror, Sci-Fi, Mystery",16637,"2020-05-28",
tt6539750,7,2024-11-11,"Happy Happy Joy Joy: The Ren & Stimpy Story","Happy Happy Joy Joy: The Ren & Stimpy Story",https://www.imdb.com/title/tt6539750,Movie,7.1,104,2020,"Documentary",1086,"2020-08-14","Ron Cicero,Kimo Easterwood"
tt0237572,7,2024-11-11,"The Pledge","The Pledge",https://www.imdb.com/title/tt0237572,Movie,6.7,124,2001,"Crime, Mystery, Thriller, Drama",77905,"2001-01-19","Sean Penn"
tt18559464,7,2024-11-11,"My Old Ass","My Old Ass",https://www.imdb.com/title/tt18559464,Movie,6.9,89,2024,"Comedy, Drama, Romance, Fantasy",48311,"2024-09-27","Megan Park"
tt28349451,7,2024-11-08,"The Shadow Strays","The Shadow Strays",https://www.imdb.com/title/tt28349451,Movie,6.5,144,2024,"Action, Thriller, Crime",11423,"2024-10-17","Timo Tjahjanto"
tt1945228,7,2024-11-06,"Voyage of Time: Life's Journey","Voyage of Time: Life's Journey",https://www.imdb.com/title/tt1945228,Movie,6.5,90,2016,"Documentary, Drama",5821,"2017-05-04","Terrence Malick"
tt14499632,6,2024-11-06,"22 vs. Earth","22 vs. Earth",https://www.imdb.com/title/tt14499632,Short,6.4,6,2021,"Animation, Short, Adventure, Comedy, Family, Fantasy",6119,"2021-04-30","Kevin Nolting"
tt18556278,7,2024-11-06,"Endurance","Endurance",https://www.imdb.com/title/tt18556278,Movie,7.5,103,2024,"Documentary",2218,"2024-11-01","Jimmy Chin,Natalie Hewit,Elizabeth Chai Vasarhelyi"
tt11315808,4,2024-11-03,"Joker: Folie à Deux","Joker: Folie à Deux",https://www.imdb.com/title/tt11315808,Movie,5.2,138,2024,"Musical, Thriller, Drama",187089,"2024-10-04","Todd Phillips"
tt0091369,8,2024-11-03,"Labyrinth","Labyrinth",https://www.imdb.com/title/tt0091369,Movie,7.3,101,1986,"Musical, Family, Adventure, Fantasy",166269,"1986-06-27","Jim Henson"
tt0090180,7,2024-11-03,"To Live and Die in L.A.","To Live and Die in L.A.",https://www.imdb.com/title/tt0090180,Movie,7.3,116,1985,"Crime, Drama, Thriller, Action",49674,"1985-11-01","William Friedkin"
tt31064841,7,2024-11-02,"Piece by Piece","Piece by Piece",https://www.imdb.com/title/tt31064841,Movie,6.9,93,2024,"Animation, Musical, Biography, Comedy, Family",8062,"2024-10-11","Morgan Neville"
tt0325655,7,2024-11-02,"The Eye","Gin gwai",https://www.imdb.com/title/tt0325655,Movie,6.6,99,2002,"Mystery, Thriller, Horror",31173,"2002-05-09","Danny Pang,Oxide Chun Pang"
tt0075686,8,2024-11-01,"Annie Hall","Annie Hall",https://www.imdb.com/title/tt0075686,Movie,7.9,93,1977,"Romance, Comedy",292380,"1977-04-20","Woody Allen"
tt6728390,8,2024-11-01,"Kuroko's Basketball: Last Game","Gekijouban Kuroko no basuke: Last Game",https://www.imdb.com/title/tt6728390,Movie,7.7,91,2017,"Animation, Drama, Sport",4683,"2017-03-18","Shunsuke Tada"
tt0118254,7,2024-10-31,"Ally McBeal","Ally McBeal",https://www.imdb.com/title/tt0118254,TV Series,6.9,45,1997,"Romance, Drama, Comedy",39302,"1997-09-08",
tt0165598,8,2024-10-31,"That '70s Show","That '70s Show",https://www.imdb.com/title/tt0165598,TV Series,8.1,22,1998,"Romance, Drama, Comedy",199624,"1998-08-23",
tt0107554,8,2024-10-31,"Menace II Society","Menace II Society",https://www.imdb.com/title/tt0107554,Movie,7.5,97,1993,"Thriller, Crime, Drama",70791,"1993-05-26","Albert Hughes,Allen Hughes"
tt14544328,6,2024-10-30,"Play It Cool","Play It Cool",https://www.imdb.com/title/tt14544328,Movie,5.4,103,2021,"Adventure, Crime, Drama",1619,"2021-06-01","Tommy Anderson"
tt14572846,1,2024-10-29,"Trapped: Episode #3.8","Ófærð: Episode #3.8",https://www.imdb.com/title/tt14572846,TV Episode,7.1,,2021,"Crime, Drama, Thriller, Mystery",83,"2021-12-05","Baltasar Kormákur"
tt8864596,8,2024-10-28,"Transformers One","Transformers One",https://www.imdb.com/title/tt8864596,Movie,7.6,104,2024,"Animation, Action, Adventure, Fantasy, Sci-Fi, Family",68220,"2024-09-20","Josh Cooley"
tt0147612,7,2024-10-27,"Happiness","Happiness",https://www.imdb.com/title/tt0147612,Movie,7.7,140,1998,"Comedy, Drama",80534,"1998-10-16","Todd Solondz"
tt0116589,8,2024-10-27,"Hype!","Hype!",https://www.imdb.com/title/tt0116589,Movie,7.5,84,1996,"Documentary, Music, History",3348,"1996-11-08","Doug Pray"
tt7737800,6,2024-10-27,"Woman of the Hour","Woman of the Hour",https://www.imdb.com/title/tt7737800,Movie,6.6,95,2023,"Crime, Drama, Mystery",76178,"2024-10-18","Anna Kendrick"
tt33406376,7,2024-10-26,"The Devil's Climb","The Devil's Climb",https://www.imdb.com/title/tt33406376,TV Special,7.3,75,2024,"Documentary, Thriller, Adventure",1527,"2024-10-17","Renan Ozturk,Drew Pulley"
tt31015278,7,2024-10-26,"My Favourite Cake","Keyke mahboobe man",https://www.imdb.com/title/tt31015278,Movie,7.4,97,2024,"Drama, Comedy, Romance",10590,"2024-07-11","Maryam Moghadam,Behtash Sanaeeha"
tt27491225,6,2024-10-25,"Things Will Be Different","Things Will Be Different",https://www.imdb.com/title/tt27491225,Movie,5.2,102,2024,"Thriller, Horror, Sci-Fi",3628,"2024-10-04","Michael Felker"
tt17526714,7,2024-10-24,"The Substance","The Substance",https://www.imdb.com/title/tt17526714,Movie,7.2,141,2024,"Drama, Horror, Sci-Fi",456858,"2024-09-20","Coralie Fargeat"
tt0374536,4,2024-10-24,"Bewitched","Bewitched",https://www.imdb.com/title/tt0374536,Movie,4.9,102,2005,"Comedy, Fantasy, Romance",78853,"2005-06-24","Nora Ephron"
tt0277027,8,2024-10-24,"I Am Sam","I Am Sam",https://www.imdb.com/title/tt0277027,Movie,7.6,132,2001,"Drama",163163,"2002-01-25","Jessie Nelson"
tt26699529,7,2024-10-23,"Marguerite's Theorem","Le théorème de Marguerite",https://www.imdb.com/title/tt26699529,Movie,6.8,113,2023,"Drama, Mystery, Comedy",3217,"2023-11-01","Anna Novion"
tt0342258,7,2024-10-23,"Unleashed","Unleashed",https://www.imdb.com/title/tt0342258,Movie,7.0,103,2005,"Crime, Action, Thriller",112559,"2005-05-13","Louis Leterrier"
tt0292963,7,2024-10-22,"Before the Devil Knows You're Dead","Before the Devil Knows You're Dead",https://www.imdb.com/title/tt0292963,Movie,7.3,117,2007,"Crime, Drama, Thriller",123481,"2007-10-26","Sidney Lumet"
tt17717416,7,2024-10-22,"Bad Genius","Bad Genius",https://www.imdb.com/title/tt17717416,Movie,6.3,96,2024,"Thriller, Crime, Drama",3736,"2024-10-11","J.C. Lee"
tt14415204,5,2024-10-22,"Never Let Go","Never Let Go",https://www.imdb.com/title/tt14415204,Movie,5.4,101,2024,"Horror, Thriller, Mystery",20039,"2024-09-20","Alexandre Aja"
tt0048434,8,2024-10-21,"Night and Fog","Nuit et brouillard",https://www.imdb.com/title/tt0048434,Short,8.6,32,1956,"Documentary, Short, History, War",23652,"1956-01","Alain Resnais"
tt29623480,9,2024-10-21,"The Wild Robot","The Wild Robot",https://www.imdb.com/title/tt29623480,Movie,8.1,102,2024,"Animation, Family, Adventure, Sci-Fi",234186,"2024-09-27","Chris Sanders"
tt0805448,8,2024-10-20,"Saint Seiya: The Hades Chapter","Seinto Seiya: Meiô Hâdesu jûnikyû-hen",https://www.imdb.com/title/tt0805448,TV Series,8.5,25,2002,"Animation, Action, Adventure, Fantasy",3826,"2002-11-09",
tt0805605,7,2024-10-20,"Saint Seiya: Heaven Chapter - Overture","Seinto Seiya: Tenkai-hen joso - Overture",https://www.imdb.com/title/tt0805605,Movie,7.0,84,2004,"Animation, Fantasy",1694,"2006-11-02","Shigeyasu Yamauchi"
tt12616480,5,2024-10-20,"Slingshot","Slingshot",https://www.imdb.com/title/tt12616480,Movie,5.7,108,2024,"Sci-Fi, Thriller, Mystery",12642,"2024-08-30","Mikael Håfström"
tt22780536,7,2024-10-20,"A Nearly Normal Family","En helt vanlig familj",https://www.imdb.com/title/tt22780536,TV Mini Series,6.9,46,2023,"Crime, Drama, Thriller",18041,"2023-11-24",
tt30321133,7,2024-10-18,"Will & Harper","Will & Harper",https://www.imdb.com/title/tt30321133,Movie,7.4,114,2024,"Documentary",14016,"2024-09-27","Josh Greenbaum"
tt0326101,5,2024-10-18,"Saint Seiya: Warriors of the Final Holy Battle","Seinto Seiya: Saishu Seisen no Senshi-tachi",https://www.imdb.com/title/tt0326101,Movie,6.5,45,1989,"Animation, Fantasy, Action",1221,"1989-03-18","Masayuki Akehi"
tt15552142,8,2024-10-18,"Caddo Lake","Caddo Lake",https://www.imdb.com/title/tt15552142,Movie,6.8,103,2024,"Drama, Mystery, Thriller, Sci-Fi",58843,"2024-10-10","Logan George,Celine Held"
tt0326143,7,2024-10-17,"Saint Seiya: Legend of Crimson Youth","Seinto Seiya: Shinku no shônen densetsu",https://www.imdb.com/title/tt0326143,Movie,7.2,71,1988,"Animation, Fantasy, Action",1662,"1988-07-23","Shigeyasu Yamauchi"
tt13930822,7,2024-10-17,"Tomb Raider: The Legend of Lara Croft","Tomb Raider: The Legend of Lara Croft",https://www.imdb.com/title/tt13930822,TV Series,5.6,30,2024,"Animation, Action, Adventure, Fantasy, Thriller",9188,"2024-10-10",
tt0106611,7,2024-10-17,"Cool Runnings","Cool Runnings",https://www.imdb.com/title/tt0106611,Movie,7.0,98,1993,"Sport, Adventure, Family, History, Comedy",124511,"1993-10-01","Jon Turteltaub"
tt0322918,6,2024-10-17,"Saint Seiya: The Heated Battle of the Gods","Seinto Seiya: Kamigami no atsuki tatakai",https://www.imdb.com/title/tt0322918,Movie,6.6,45,1988,"Animation, Action, Fantasy",1375,"1988-03-12","Shigeyasu Yamauchi"
tt0323869,6,2024-10-17,"Saint Seiya: Evil Goddess Eris","Seinto Seiya: Jashin Erisu",https://www.imdb.com/title/tt0323869,Movie,6.4,46,1987,"Animation, Fantasy, Action",1678,"1987-07-18","Kôzô Morishita"
tt0467200,7,2024-10-16,"The Other Boleyn Girl","The Other Boleyn Girl",https://www.imdb.com/title/tt0467200,Movie,6.7,115,2008,"Drama, Romance, History, Biography",127578,"2008-02-29","Justin Chadwick"
tt23472210,7,2024-10-16,"Bookworm","Bookworm",https://www.imdb.com/title/tt23472210,Movie,6.0,103,2024,"Adventure, Comedy, Drama",2907,"2024-08-29","Ant Timpson"
tt0088178,9,2024-10-15,"Stop Making Sense","Stop Making Sense",https://www.imdb.com/title/tt0088178,Movie,8.7,88,1984,"Documentary, Music",24413,"1985-03-29","Jonathan Demme"
tt0209933,7,2024-10-15,"Beau Travail","Beau travail",https://www.imdb.com/title/tt0209933,Movie,7.3,92,1999,"War, Drama",18591,"2000-05-03","Claire Denis"
tt15119154,8,2024-10-14,"Life of Crime 1984-2020","Life of Crime 1984-2020",https://www.imdb.com/title/tt15119154,Movie,8.4,121,2021,"Documentary, Crime, Biography",3412,"2021-11-30","Jon Alpert"
tt4768764,7,2024-10-14,"Veteran","Beterang",https://www.imdb.com/title/tt4768764,Movie,7.0,123,2015,"Action, Comedy, Crime, Thriller",9388,"2015-08-05","Ryoo Seung-wan"
tt0213149,5,2024-10-13,"Pearl Harbor","Pearl Harbor",https://www.imdb.com/title/tt0213149,Movie,6.3,183,2001,"Drama, Romance, War, Action",371881,"2001-05-25","Michael Bay"
tt0030341,8,2024-10-13,"The Lady Vanishes","The Lady Vanishes",https://www.imdb.com/title/tt0030341,Movie,7.7,96,1938,"Crime, Drama, Thriller, Mystery",61822,"1938-11-01","Alfred Hitchcock"
tt0081070,7,2024-10-13,"The Long Good Friday","The Long Good Friday",https://www.imdb.com/title/tt0081070,Movie,7.5,114,1980,"Crime, Mystery, Drama, Thriller",30062,"1982-04-02","John Mackenzie"
tt33163756,7,2024-10-13,"Into the Fire: The Lost Daughter","Into the Fire: The Lost Daughter",https://www.imdb.com/title/tt33163756,TV Mini Series,7.6,151,2024,"Documentary, Crime",10208,"2024-09-12",
tt14577874,8,2024-10-12,"It's What's Inside","It's What's Inside",https://www.imdb.com/title/tt14577874,Movie,6.6,103,2024,"Comedy, Mystery, Sci-Fi, Thriller",53420,"2024-10-04","Greg Jardin"
tt0038669,8,2024-10-11,"The Killers","The Killers",https://www.imdb.com/title/tt0038669,Movie,7.7,103,1946,"Drama, Mystery, Crime, Film-Noir",26360,"1946-08-30","Robert Siodmak"
tt0357413,5,2024-10-11,"Anchorman: The Legend of Ron Burgundy","Anchorman: The Legend of Ron Burgundy",https://www.imdb.com/title/tt0357413,Movie,7.1,94,2004,"Comedy",403958,"2004-07-09","Adam McKay"
tt2049403,6,2024-10-10,"Beetlejuice Beetlejuice","Beetlejuice Beetlejuice",https://www.imdb.com/title/tt2049403,Movie,6.6,105,2024,"Comedy, Fantasy, Horror",177951,"2024-09-06","Tim Burton"
tt0107688,8,2024-10-10,"The Nightmare Before Christmas","Tim Burton's the Nightmare Before Christmas",https://www.imdb.com/title/tt0107688,Movie,7.9,76,1993,"Animation, Musical, Family, Adventure, Fantasy",414229,"1993-10-29","Henry Selick"
tt0090967,7,2024-10-10,"Down by Law","Down by Law",https://www.imdb.com/title/tt0090967,Movie,7.6,107,1986,"Crime, Drama, Comedy",59049,"1986-09-25","Jim Jarmusch"
tt4670988,7,2024-10-09,"Saint Seiya: Soul of Gold","Saint Seiya: Soul of Gold",https://www.imdb.com/title/tt4670988,TV Mini Series,7.6,24,2015,"Animation, Fantasy, Action, Adventure",1488,"2015-04-10",
tt22375054,6,2024-10-09,"Strange Darling","Strange Darling",https://www.imdb.com/title/tt22375054,Movie,7.0,97,2023,"Thriller, Horror",71396,"2024-08-23","JT Mollner"
tt2334896,7,2024-10-08,"The Dirties","The Dirties",https://www.imdb.com/title/tt2334896,Movie,6.8,83,2013,"Drama, Crime",9256,"2014-06-06","Matt Johnson"
tt3776826,7,2024-10-07,"Operation Avalanche","Operation Avalanche",https://www.imdb.com/title/tt3776826,Movie,6.2,94,2016,"Comedy, Drama, Mystery",8888,"2016-09-16","Matt Johnson"
tt0096257,8,2024-10-07,"The Thin Blue Line","The Thin Blue Line",https://www.imdb.com/title/tt0096257,Movie,7.9,101,1988,"Documentary, Crime",26338,"1988-08-25","Errol Morris"
tt0264616,7,2024-10-06,"Frailty","Frailty",https://www.imdb.com/title/tt0264616,Movie,7.2,100,2001,"Drama, Crime, Thriller",101375,"2002-04-12","Bill Paxton"
tt13409432,8,2024-10-05,"Ranking of Kings","Ousama Ranking",https://www.imdb.com/title/tt13409432,TV Series,8.4,23,2021,"Animation, Adventure, Comedy, Fantasy, Action, Drama",16243,"2021",
tt0468526,6,2024-10-04,"Old Joy","Old Joy",https://www.imdb.com/title/tt0468526,Movie,6.8,76,2006,"Drama",10094,"2007-01-26","Kelly Reichardt"
tt14858658,7,2024-10-02,"Blink Twice","Blink Twice",https://www.imdb.com/title/tt14858658,Movie,6.5,102,2024,"Thriller, Mystery",133185,"2024-08-23","Zoë Kravitz"
tt11691774,8,2024-10-01,"Only Murders in the Building","Only Murders in the Building",https://www.imdb.com/title/tt11691774,TV Series,8.0,30,2021,"Comedy, Crime, Mystery, Thriller, Drama",205994,"2021-08-31",
tt0102536,7,2024-09-30,"Night on Earth","Night on Earth",https://www.imdb.com/title/tt0102536,Movie,7.6,129,1991,"Drama, Comedy",71565,"1991-12-12","Jim Jarmusch"
tt0056923,8,2024-09-29,"Charade","Charade",https://www.imdb.com/title/tt0056923,Movie,7.8,113,1963,"Romance, Thriller, Mystery, Comedy",94317,"1963-12-05","Stanley Donen"
tt1736633,7,2024-09-29,"Oslo, August 31st","Oslo, 31. august",https://www.imdb.com/title/tt1736633,Movie,7.6,95,2011,"Drama",34552,"2011-08-31","Joachim Trier"
tt11897478,6,2024-09-27,"The Stranger","The Stranger",https://www.imdb.com/title/tt11897478,Movie,6.6,117,2022,"Crime, Thriller, Drama",31023,"2022-10-19","Thomas M. Wright"
tt28479262,7,2024-09-26,"Sing Sing","Sing Sing",https://www.imdb.com/title/tt28479262,Movie,7.6,107,2023,"Drama",30446,"2024-08-02","Greg Kwedar"
tt0097493,7,2024-09-26,"Heathers","Heathers",https://www.imdb.com/title/tt0097493,Movie,7.1,103,1989,"Crime, Comedy",127095,"1989-03-31","Michael Lehmann"
tt2788316,9,2024-09-25,"Shōgun","Shogun",https://www.imdb.com/title/tt2788316,TV Series,8.6,60,2024,"Drama, History, Adventure, War, Action",250390,"2024-02-27",
tt0377471,4,2024-09-23,"Be Cool","Be Cool",https://www.imdb.com/title/tt0377471,Movie,5.6,119,2005,"Comedy, Crime, Music",75325,"2005-03-04","F. Gary Gray"
tt0131369,6,2024-09-23,"Edtv","EDtv",https://www.imdb.com/title/tt0131369,Movie,6.1,122,1999,"Drama, Comedy",46916,"1999-03-26","Ron Howard"
tt0253556,6,2024-09-23,"Reign of Fire","Reign of Fire",https://www.imdb.com/title/tt0253556,Movie,6.2,101,2002,"Adventure, Thriller, Fantasy, Action",153691,"2002-07-12","Rob Bowman"
tt0251127,6,2024-09-23,"How to Lose a Guy in 10 Days","How to Lose a Guy in 10 Days",https://www.imdb.com/title/tt0251127,Movie,6.6,116,2003,"Romance, Comedy",328012,"2003-02-07","Donald Petrie"
tt0318649,6,2024-09-23,"Sahara","Sahara",https://www.imdb.com/title/tt0318649,Movie,6.1,124,2005,"Comedy, Adventure, Action",110125,"2005-04-08","Breck Eisner"
tt0417217,5,2024-09-23,"Two for the Money","Two for the Money",https://www.imdb.com/title/tt0417217,Movie,6.2,122,2005,"Drama, Sport, Crime",55291,"2005-10-07","D.J. Caruso"
tt0770752,5,2024-09-23,"Fool's Gold","Fool's Gold",https://www.imdb.com/title/tt0770752,Movie,5.8,112,2008,"Adventure, Romance, Comedy, Thriller, Action",90791,"2008-02-08","Andy Tennant"
tt3450900,6,2024-09-23,"The Sea of Trees","The Sea of Trees",https://www.imdb.com/title/tt3450900,Movie,6.1,110,2015,"Drama, Mystery, Fantasy, Thriller",19927,"2016-08-26","Gus Van Sant"
tt0427229,5,2024-09-23,"Failure to Launch","Failure to Launch",https://www.imdb.com/title/tt0427229,Movie,5.7,97,2006,"Comedy, Romance",95930,"2006-03-10","Tom Dey"
tt0313670,8,2024-09-22,"Sweet Sixteen","Sweet Sixteen",https://www.imdb.com/title/tt0313670,Movie,7.4,106,2002,"Crime, Drama",15257,"2002-10-04","Ken Loach"
tt22408160,7,2024-09-22,"Kinds of Kindness","Kinds of Kindness",https://www.imdb.com/title/tt22408160,Movie,6.4,164,2024,"Comedy, Drama, Horror",73621,"2024-07-05","Yorgos Lanthimos"
tt0250494,7,2024-09-21,"Legally Blonde","Legally Blonde",https://www.imdb.com/title/tt0250494,Movie,6.5,96,2001,"Romance, Comedy",291398,"2001-07-13","Robert Luketic"
tt6217306,6,2024-09-21,"Apostle","Apostle",https://www.imdb.com/title/tt6217306,Movie,6.3,130,2018,"Thriller, Horror, Mystery, Fantasy, Drama",66964,"2018-10-12","Gareth Evans"
tt0412019,7,2024-09-18,"Broken Flowers","Broken Flowers",https://www.imdb.com/title/tt0412019,Movie,7.1,106,2005,"Comedy, Drama, Mystery, Romance",110605,"2005-08-26","Jim Jarmusch"
tt21621494,8,2024-09-18,"Delicious in Dungeon","Danjon meshi",https://www.imdb.com/title/tt21621494,TV Series,8.1,26,2024,"Animation, Comedy, Fantasy, Adventure",15012,"2024-01-04",
tt24216998,7,2024-09-18,"Humanist Vampire Seeking Consenting Suicidal Person","Vampire humaniste cherche suicidaire consentant",https://www.imdb.com/title/tt24216998,Movie,7.0,90,2023,"Comedy, Horror, Drama, Fantasy",12533,"2024-02-15","Ariane Louis-Seize"
tt11514868,6,2024-09-17,"The Perfect Couple","The Perfect Couple",https://www.imdb.com/title/tt11514868,TV Series,6.5,60,2024,"Crime, Drama, Mystery",73526,"2024-09-05",
tt0145547,7,2024-09-16,"Two Hands","Two Hands",https://www.imdb.com/title/tt0145547,Movie,7.1,103,1999,"Thriller, Crime, Comedy",13461,"1999-07-29","Gregor Jordan"
tt11433906,6,2024-09-16,"Winner","Winner",https://www.imdb.com/title/tt11433906,Movie,6.5,103,2024,"Biography, Comedy, Adventure, Drama, Thriller",3565,"2024-09-13","Susanna Fogel"
tt0373469,6,2024-09-15,"Kiss Kiss Bang Bang","Kiss Kiss Bang Bang",https://www.imdb.com/title/tt0373469,Movie,7.4,103,2005,"Comedy, Mystery, Crime, Thriller",250822,"2005-11-11","Shane Black"
tt3286052,6,2024-09-15,"The Blackcoat's Daughter","February",https://www.imdb.com/title/tt3286052,Movie,5.9,93,2015,"Horror, Thriller, Mystery",32747,"2017-02-16","Osgood Perkins"
tt0221073,7,2024-09-15,"Chopper","Chopper",https://www.imdb.com/title/tt0221073,Movie,7.1,94,2000,"Biography, Crime, Drama",44859,"2000-08-03","Andrew Dominik"
tt11301886,8,2024-09-13,"Rebel Ridge","Rebel Ridge",https://www.imdb.com/title/tt11301886,Movie,6.8,131,2024,"Thriller, Action, Crime, Drama",104683,"2024-09-06","Jeremy Saulnier"
tt26753003,6,2024-09-13,"Trap","Trap",https://www.imdb.com/title/tt26753003,Movie,5.8,105,2024,"Thriller, Mystery, Crime, Horror",170008,"2024-08-02","M. Night Shyamalan"
tt8994044,7,2024-09-12,"Tsurune","Tsurune: Kazemai koukou kyuudoubu",https://www.imdb.com/title/tt8994044,TV Series,7.4,24,2018,"Animation, Drama, Sport",820,"2018-10-22",
tt24132176,6,2024-09-10,"King Coal","King Coal",https://www.imdb.com/title/tt24132176,Movie,6.8,80,2023,"Documentary",328,"2023-01-23","Elaine McMillion Sheldon"
tt1680114,6,2024-09-09,"Snowtown","Snowtown",https://www.imdb.com/title/tt1680114,Movie,6.5,119,2011,"Crime, Drama, Biography, Mystery",22752,"2011-05-19","Justin Kurzel"
tt1085507,7,2024-09-09,"The Square","The Square",https://www.imdb.com/title/tt1085507,Movie,6.7,105,2008,"Thriller, Drama, Crime",6747,"2008-07-31","Nash Edgerton"
tt0181536,7,2024-09-06,"Finding Forrester","Finding Forrester",https://www.imdb.com/title/tt0181536,Movie,7.3,136,2000,"Sport, Drama",95195,"2001-01-12","Gus Van Sant"
tt0403217,6,2024-09-06,"Last Days","Last Days",https://www.imdb.com/title/tt0403217,Movie,5.7,97,2005,"Drama, Music",24956,"2005-05-13","Gus Van Sant"
tt0401711,7,2024-09-06,"Paris, Je T'aime","Paris, je t'aime",https://www.imdb.com/title/tt0401711,Movie,7.2,120,2006,"Romance, Drama, Comedy",76593,"2007-06-15","Olivier Assayas,Frédéric Auburtin,Gurinder Chadha,Sylvain Chomet,Ethan Coen,Joel Coen,Isabel Coixet,Wes Craven,Alfonso Cuarón,Gérard Depardieu,Christopher Doyle,Richard LaGravenese,Vincenzo Natali,Alexander Payne,Bruno Podalydès,Walter Salles,Oliver Schmitz,Nobuhiro Suwa,Daniela Thomas,Tom Tykwer,Gus Van Sant"
tt0102494,7,2024-09-06,"My Own Private Idaho","My Own Private Idaho",https://www.imdb.com/title/tt0102494,Movie,6.9,104,1991,"Drama",67713,"1991-07-20","Gus Van Sant"
tt0363589,7,2024-09-06,"Elephant","Elephant",https://www.imdb.com/title/tt0363589,Movie,7.1,81,2003,"Drama, Crime, Thriller",105288,"2003-11-14","Gus Van Sant"
tt0067328,8,2024-09-06,"The Last Picture Show","The Last Picture Show",https://www.imdb.com/title/tt0067328,Movie,8.0,118,1971,"Romance, Drama",57394,"1971-10-22","Peter Bogdanovich"
tt32308418,6,2024-09-05,"How to Rob a Bank","How to Rob a Bank",https://www.imdb.com/title/tt32308418,Movie,6.6,88,2024,"Documentary, Action, Crime",4647,"2024-06-05","Stephen Robert Morse,Seth Porges"
tt30319503,8,2024-09-05,"Dìdi","Dìdi",https://www.imdb.com/title/tt30319503,Movie,7.3,93,2024,"Comedy, Drama",16567,"2024-08-16","Sean Wang"
tt4978420,4,2024-09-05,"Borderlands","Borderlands",https://www.imdb.com/title/tt4978420,Movie,4.7,101,2024,"Action, Adventure, Comedy, Sci-Fi, Thriller",59621,"2024-08-09","Eli Roth"
tt26448954,7,2024-09-04,"Here","Here",https://www.imdb.com/title/tt26448954,Movie,6.8,84,2023,"Drama",1476,"2024-02-02","Bas Devos"
tt32451344,6,2024-09-04,"Mysteries of the Terracotta Warriors","Mysteries of the Terracotta Warriors",https://www.imdb.com/title/tt32451344,Movie,6.7,77,2024,"Documentary, History",2029,"2024-06-12","James Tovell"
tt1242545,7,2024-09-03,"Looking for Eric","Looking for Eric",https://www.imdb.com/title/tt1242545,Movie,7.1,116,2009,"Comedy, Drama, Sport, Fantasy",18734,"2009-05-27","Ken Loach"
tt0039689,8,2024-09-02,"Out of the Past","Out of the Past",https://www.imdb.com/title/tt0039689,Movie,7.9,97,1947,"Thriller, Drama, Crime, Romance, Film-Noir",45052,"1947-12","Jacques Tourneur"
tt0070034,8,2024-09-02,"Enter the Dragon","Enter the Dragon",https://www.imdb.com/title/tt0070034,Movie,7.6,99,1973,"Crime, Thriller, Action",121204,"1973-08-19","Robert Clouse"
tt21209876,8,2024-09-02,"Solo Leveling","Ore dake reberu appu na ken",https://www.imdb.com/title/tt21209876,TV Series,8.5,,2024,"Animation, Action, Fantasy, Adventure",118740,"2024-01-06",
tt28575316,7,2024-09-01,"Flipside","Flipside",https://www.imdb.com/title/tt28575316,Movie,6.9,96,2023,"Documentary, Music",434,"2024-05-31","Christopher Wilcha"
tt14153236,8,2024-08-30,"Terminator Zero","Terminator Zero",https://www.imdb.com/title/tt14153236,TV Mini Series,6.9,28,2024,"Animation, Action, Adventure, Sci-Fi",13830,"2024-08-29",
tt23137904,4,2024-08-29,"Rebel Moon - Part Two: The Scargiver","Rebel Moon - Part Two: The Scargiver",https://www.imdb.com/title/tt23137904,Movie,5.3,122,2024,"Sci-Fi, Action, Adventure, Drama, Fantasy",64665,"2024-04-19","Zack Snyder"
tt8359816,8,2024-08-28,"Sorry We Missed You","Sorry We Missed You",https://www.imdb.com/title/tt8359816,Movie,7.6,101,2019,"Drama",28431,"2020-03-06","Ken Loach"
tt8793990,7,2024-08-28,"Evelyn","Evelyn",https://www.imdb.com/title/tt8793990,Movie,7.2,100,2018,"Documentary",1004,"2019-09-10","Orlando von Einsiedel"
tt23468450,8,2024-08-27,"Longlegs","Longlegs",https://www.imdb.com/title/tt23468450,Movie,6.5,101,2024,"Horror, Thriller, Crime, Mystery",230920,"2024-07-12","Osgood Perkins"
tt2560140,9,2024-08-27,"Attack on Titan","Shingeki no kyojin",https://www.imdb.com/title/tt2560140,TV Series,9.1,24,2013,"Animation, Fantasy, Horror, Adventure, Drama, Action",737826,"2013-09-28",
tt0279077,8,2024-08-27,"FLCL","FLCL",https://www.imdb.com/title/tt0279077,TV Mini Series,8.0,30,2000,"Animation, Drama, Action, Sci-Fi, Comedy",22027,"2003-08-05",
tt21934410,1,2024-08-27,"Made in Abyss: Gold","Made in Abyss: Gold",https://www.imdb.com/title/tt21934410,TV Episode,8.8,47,2022,"Animation, Adventure, Fantasy, Sci-Fi, Drama, Mystery, Action, Horror",852,"2022-09-28","Masayuki Kojima"
tt7222086,8,2024-08-27,"Made in Abyss","Made in Abyss",https://www.imdb.com/title/tt7222086,TV Series,8.3,,2017,"Animation, Adventure, Fantasy, Sci-Fi, Drama, Mystery, Action, Horror",21960,"2017-07-07",
tt0452694,7,2024-08-26,"The Time Traveler's Wife","The Time Traveler's Wife",https://www.imdb.com/title/tt0452694,Movie,7.1,107,2009,"Drama, Romance, Fantasy, Sci-Fi",166923,"2009-08-14","Robert Schwentke"
tt26684398,7,2024-08-26,"Spy x Family Code: White","Gekijôban Supai Famirî Kôdo: Howaito",https://www.imdb.com/title/tt26684398,Movie,7.3,110,2023,"Animation, Action, Comedy, Thriller",9827,"2024-04-19","Kazuhiro Furuhashi,Takashi Katagiri"
tt1924394,7,2024-08-25,"The Angels' Share","The Angels' Share",https://www.imdb.com/title/tt1924394,Movie,7.0,101,2012,"Comedy, Drama, Crime",28359,"2012-06-01","Ken Loach"
tt26470109,7,2024-08-25,"Oddity","Oddity",https://www.imdb.com/title/tt26470109,Movie,6.7,98,2024,"Horror, Thriller, Mystery",62012,"2024-07-19","Damian McCarthy"
tt22022452,8,2024-08-24,"Inside Out 2","Inside Out 2",https://www.imdb.com/title/tt22022452,Movie,7.5,96,2024,"Animation, Adventure, Comedy, Drama, Family, Fantasy, Sport",258179,"2024-06-14","Kelsey Mann"
tt18412256,7,2024-08-23,"Alien: Romulus","Alien: Romulus",https://www.imdb.com/title/tt18412256,Movie,7.1,119,2024,"Horror, Sci-Fi, Thriller",293054,"2024-08-16","Fede Alvarez"
tt6263850,6,2024-08-20,"Deadpool & Wolverine","Deadpool & Wolverine",https://www.imdb.com/title/tt6263850,Movie,7.5,128,2024,"Action, Comedy, Sci-Fi, Adventure",586196,"2024-07-26","Shawn Levy"
tt20316748,7,2024-08-19,"Twilight of the Warriors: Walled In","Jiu Long cheng zhai: Wei cheng",https://www.imdb.com/title/tt20316748,Movie,6.9,126,2024,"Action, Thriller, Crime",12696,"2024-05-01","Soi Cheang"
tt29415645,1,2024-08-17,"Lupin: Chapter 7","Lupin: Chapter 7",https://www.imdb.com/title/tt29415645,TV Episode,7.9,51,2023,"Crime, Drama, Mystery, Action, Thriller",1495,"2023-10-05","Xavier Gens"
tt27589545,1,2024-08-17,"Vinland Saga: Hometown","Vinland Saga: Hometown",https://www.imdb.com/title/tt27589545,TV Episode,9.4,26,2023,"Animation, Action, Adventure, History, Drama",8258,"2023-06-19","Kento Matsui,Shûhei Yabuta"
tt28106675,1,2024-08-17,"Zom 100: Bucket List of the Dead: Hometown of the Dead III","Zom 100: Zombie ni Naru made ni Shitai 100 no Koto: Hometown of the Dead III",https://www.imdb.com/title/tt28106675,TV Episode,8.5,,2023,"Animation, Comedy, Fantasy, Horror, Sci-Fi, Action, Adventure",692,"2023-12-25",
tt18347118,1,2024-08-17,"3 Body Problem: Wallfacer","3 Body Problem: Wallfacer",https://www.imdb.com/title/tt18347118,TV Episode,7.3,57,2024,"Sci-Fi, Adventure, Drama, Fantasy, Mystery",8569,"2024-03-21","Jeremy Podeswa"
tt13848062,1,2024-08-17,"Andor: Rix Road","Andor: Rix Road",https://www.imdb.com/title/tt13848062,TV Episode,9.2,57,2022,"Sci-Fi, Thriller, Adventure, Fantasy, Drama",23464,"2022-11-23","Benjamin Caron"
tt16988630,1,2024-08-17,"Euphoria: All My Life, My Heart Has Yearned for a Thing I Cannot Name","Euphoria: All My Life, My Heart Has Yearned for a Thing I Cannot Name",https://www.imdb.com/title/tt16988630,TV Episode,8.3,61,2022,"Drama",10084,"2022-02-27","Sam Levinson"
tt27525853,1,2024-08-17,"100 Foot Wave: Force Majeure","100 Foot Wave: Force Majeure",https://www.imdb.com/title/tt27525853,TV Episode,8.0,52,2023,"Documentary, Sport",54,"2023-05-21","Chris Smith"
tt15131760,1,2024-08-17,"American Crime Story: The Wilderness","American Crime Story: The Wilderness",https://www.imdb.com/title/tt15131760,TV Episode,7.7,73,2021,"Biography, Drama, Crime, History",1061,"2021-11-09","Michael Uppendahl"
tt33077019,1,2024-08-17,"Rising Impact: See You Again!","Raijingu Inpakuto: See You Again!",https://www.imdb.com/title/tt33077019,TV Episode,9.0,,2024,"Animation, Sport, Drama",50,"2024-08-06","Hitoshi Nanba"
tt5168192,8,2024-08-17,"I, Daniel Blake","I, Daniel Blake",https://www.imdb.com/title/tt5168192,Movie,7.8,100,2016,"Drama",68713,"2017-06-09","Ken Loach"
tt19883634,7,2024-08-17,"The Old Oak","The Old Oak",https://www.imdb.com/title/tt19883634,Movie,7.1,113,2023,"Drama",14979,"2023-09-29","Ken Loach"
tt0285742,7,2024-08-17,"Monster's Ball","Monster's Ball",https://www.imdb.com/title/tt0285742,Movie,7.0,111,2001,"Romance, Drama",97617,"2002-03-01","Marc Forster"
tt0348836,6,2024-08-17,"Gothika","Gothika",https://www.imdb.com/title/tt0348836,Movie,5.8,98,2003,"Horror, Mystery, Thriller",124060,"2003-11-21","Mathieu Kassovitz"
tt0367279,8,2024-08-16,"Arrested Development","Arrested Development",https://www.imdb.com/title/tt0367279,TV Series,8.6,22,2003,"Comedy",345760,"2003-11-02",
tt10068916,8,2024-08-15,"Made in Abyss: Dawn of the Deep Soul","Gekijouban Made in Abyss: Fukaki Tamashii no Reimei",https://www.imdb.com/title/tt10068916,Movie,8.0,113,2020,"Animation, Adventure, Fantasy, Mystery, Sci-Fi, Drama, Horror",7726,"2020-01-17","Masayuki Kojima"
tt1896747,6,2024-08-14,"Fly Me to the Moon","Fly Me to the Moon",https://www.imdb.com/title/tt1896747,Movie,6.6,132,2024,"Comedy, Romance, Drama",59923,"2024-07-12","Greg Berlanti"
tt22048412,6,2024-08-14,"MaXXXine","MaXXXine",https://www.imdb.com/title/tt22048412,Movie,6.2,103,2024,"Horror, Crime",90211,"2024-07-05","Ti West"
tt30400535,8,2024-08-13,"Rising Impact","Raijingu Inpakuto",https://www.imdb.com/title/tt30400535,TV Series,7.7,28,2024,"Animation, Sport, Drama",1132,"2024-06-22",
tt0056172,9,2024-08-13,"Lawrence of Arabia","Lawrence of Arabia",https://www.imdb.com/title/tt0056172,Movie,8.3,227,1962,"Biography, Drama, War, Adventure",344692,"1962-12-16","David Lean"
tt0091830,7,2024-08-13,"The Green Ray","Le Rayon vert",https://www.imdb.com/title/tt0091830,Movie,7.6,99,1986,"Romance, Drama",12176,"1986-08-29","Éric Rohmer"
tt12584954,7,2024-08-12,"Twisters","Twisters",https://www.imdb.com/title/tt12584954,Movie,6.5,122,2024,"Action, Adventure, Thriller",199019,"2024-07-19","Lee Isaac Chung"
tt20102596,7,2024-08-12,"LaRoy, Texas","LaRoy, Texas",https://www.imdb.com/title/tt20102596,Movie,6.5,112,2023,"Comedy, Crime, Thriller, Western",8341,"2024-04-12","Shane Atkinson"
tt7510222,6,2024-08-11,"Despicable Me 4","Despicable Me 4",https://www.imdb.com/title/tt7510222,Movie,6.2,94,2024,"Animation, Adventure, Comedy, Family, Sci-Fi, Crime",83546,"2024-07-03","Chris Renaud,Patrick Delage"
tt0426883,5,2024-08-09,"Alpha Dog","Alpha Dog",https://www.imdb.com/title/tt0426883,Movie,6.9,122,2006,"Drama, Crime, Biography, Thriller",112129,"2007-01-12","Nick Cassavetes"
tt15450616,8,2024-08-08,"Handle with Care: The Legend of the Notic Streetball Crew","Handle with Care: The Legend of the Notic Streetball Crew",https://www.imdb.com/title/tt15450616,Movie,8.1,86,2021,"Documentary, Sport",85,"2022-10-27","Jeremy Schaulin-Rioux,Kirk Thomas"
tt0822832,7,2024-08-08,"Marley & Me","Marley & Me",https://www.imdb.com/title/tt0822832,Movie,7.0,115,2008,"Drama, Family",176534,"2008-12-25","David Frankel"
tt8323668,6,2024-08-08,"Jerry & Marge Go Large","Jerry & Marge Go Large",https://www.imdb.com/title/tt8323668,Movie,6.9,96,2022,"Drama, Biography, Comedy",36348,"2022-06-17","David Frankel"
tt24806518,5,2024-08-07,"Free Time","Free Time",https://www.imdb.com/title/tt24806518,Movie,5.5,78,2023,"Comedy",377,"2023-04-21","Ryan Martin Brown"
tt27802490,7,2024-08-07,"Exhuma","Pamyo",https://www.imdb.com/title/tt27802490,Movie,6.9,134,2024,"Horror, Mystery",30485,"2024-02-22","Jang Jae-hyun"
tt2039393,4,2024-08-06,"The Gambler","The Gambler",https://www.imdb.com/title/tt2039393,Movie,6.0,111,2014,"Drama, Crime, Thriller",78164,"2014-12-25","Rupert Wyatt"
tt23468836,8,2024-08-05,"Touch","Snerting",https://www.imdb.com/title/tt23468836,Movie,7.4,121,2024,"Drama, Romance",7742,"2024-08-30","Baltasar Kormákur"
tt5249462,9,2024-08-04,"Erased","Boku dake ga inai machi",https://www.imdb.com/title/tt5249462,TV Mini Series,8.4,22,2016,"Animation, Drama, Mystery, Sci-Fi, Thriller, Fantasy, Crime",76228,"2016-01-08",
tt32917600,6,2024-08-02,"Coreys","Coreys",https://www.imdb.com/title/tt32917600,Short,7.4,12,2024,"Short, Comedy, Fantasy, Horror",494,"2024-07-15","Dan Streit"
tt0044706,9,2024-08-02,"High Noon","High Noon",https://www.imdb.com/title/tt0044706,Movie,7.9,85,1952,"Thriller, Drama, Western",117121,"1952-07-30","Fred Zinnemann"
tt13433802,5,2024-08-01,"A Quiet Place: Day One","A Quiet Place: Day One",https://www.imdb.com/title/tt13433802,Movie,6.2,99,2024,"Drama, Horror, Sci-Fi, Thriller",181338,"2024-06-28","Michael Sarnoski"
tt30321095,7,2024-08-01,"Ghostlight","Ghostlight",https://www.imdb.com/title/tt30321095,Movie,7.5,115,2024,"Comedy, Drama",8405,"2024-06-14","Kelly O'Sullivan,Alex Thompson"
tt17505010,5,2024-08-01,"Horizon: An American Saga - Chapter 1","Horizon: An American Saga - Chapter 1",https://www.imdb.com/title/tt17505010,Movie,6.6,181,2024,"Western, Drama",46040,"2024-06-28","Kevin Costner"
tt7461686,6,2024-07-31,"Daddio","Daddio",https://www.imdb.com/title/tt7461686,Movie,6.7,100,2023,"Drama",16606,"2024-10-26","Christy Hall"
tt14682800,7,2024-07-31,"Tuesday","Tuesday",https://www.imdb.com/title/tt14682800,Movie,6.3,110,2023,"Fantasy, Drama",5127,"2024-06-14","Daina Oniunas-Pusic"
tt28259207,8,2024-07-28,"Kill","Kill",https://www.imdb.com/title/tt28259207,Movie,7.4,105,2023,"Action, Drama, Thriller, Crime",47480,"2024-07-04","Nikhil Nagesh Bhat"
tt12818328,7,2024-07-25,"Hundreds of Beavers","Hundreds of Beavers",https://www.imdb.com/title/tt12818328,Movie,7.6,108,2022,"Comedy, Action, Adventure",17535,"2024-04-15","Mike Cheslik"
tt0247082,8,2024-07-25,"CSI: Crime Scene Investigation","CSI: Crime Scene Investigation",https://www.imdb.com/title/tt0247082,TV Series,7.7,60,2000,"Mystery, Thriller, Crime, Drama",94637,"2000-10-06",
tt4919268,6,2024-07-25,"Bad Boys: Ride or Die","Bad Boys: Ride or Die",https://www.imdb.com/title/tt4919268,Movie,6.5,115,2024,"Action, Comedy, Adventure, Crime, Thriller",115865,"2024-06-07","Adil El Arbi,Bilall Fallah"
tt3398540,9,2024-07-25,"Haikyuu!!","Haikyû!!",https://www.imdb.com/title/tt3398540,TV Series,8.7,24,2014,"Animation, Sport, Comedy, Drama",55799,"2014-04-05",
tt0119094,8,2024-07-24,"Face/Off","Face/Off",https://www.imdb.com/title/tt0119094,Movie,7.3,138,1997,"Crime, Thriller, Action, Sci-Fi",430085,"1997-06-27","John Woo"
tt23778968,7,2024-07-23,"Thelma","Thelma",https://www.imdb.com/title/tt23778968,Movie,6.9,98,2024,"Comedy, Action",29733,"2024-06-21","Josh Margolin"
tt0086567,7,2024-07-23,"WarGames","WarGames",https://www.imdb.com/title/tt0086567,Movie,7.1,114,1983,"Sci-Fi, Action, Drama, Thriller",122708,"1983-06-03","John Badham"
tt0244316,8,2024-07-22,"Yi Yi","Yi yi",https://www.imdb.com/title/tt0244316,Movie,8.1,173,2000,"Drama",34770,"2000-12-16","Edward Yang"
tt22773644,7,2024-07-22,"The Dead Don't Hurt","The Dead Don't Hurt",https://www.imdb.com/title/tt22773644,Movie,6.4,129,2023,"Western, Drama",10567,"2024-05-31","Viggo Mortensen"
tt0044829,8,2024-07-22,"The Lavender Hill Mob","The Lavender Hill Mob",https://www.imdb.com/title/tt0044829,Movie,7.5,78,1951,"Crime, Comedy",17078,"1951-10-15","Charles Crichton"
tt15255288,4,2024-07-20,"Murder Mystery 2","Murder Mystery 2",https://www.imdb.com/title/tt15255288,Movie,5.7,89,2023,"Crime, Action, Mystery, Romance, Adventure, Comedy",85602,"2023-03-31","Jeremy Garelick"
tt0058182,8,2024-07-18,"A Hard Day's Night","A Hard Day's Night",https://www.imdb.com/title/tt0058182,Movie,7.5,87,1964,"Musical, Comedy",50236,"1964-07-07","Richard Lester"
tt0811080,7,2024-07-18,"Speed Racer","Speed Racer",https://www.imdb.com/title/tt0811080,Movie,6.1,135,2008,"Action, Family, Sport, Sci-Fi, Adventure, Comedy, Drama",84765,"2008-05-09","Lana Wachowski,Lilly Wachowski"
tt21454134,7,2024-07-17,"The Bikeriders","The Bikeriders",https://www.imdb.com/title/tt21454134,Movie,6.6,116,2023,"Crime, Drama",79138,"2024-06-21","Jeff Nichols"
tt27811040,7,2024-07-16,"The Roundup: Punishment","Beomjoidosi 4",https://www.imdb.com/title/tt27811040,Movie,6.6,109,2024,"Action, Crime, Thriller",7131,"2024-12-10","Heo Myeong-haeng"
tt11389872,7,2024-07-14,"Kingdom of the Planet of the Apes","Kingdom of the Planet of the Apes",https://www.imdb.com/title/tt11389872,Movie,6.8,145,2024,"Action, Sci-Fi, Adventure, Drama, Thriller",171359,"2024-05-10","Wes Ball"
tt13706018,8,2024-07-12,"Spy x Family","Supai Famirî",https://www.imdb.com/title/tt13706018,TV Series,8.2,24,2022,"Animation, Action, Comedy, Thriller",64378,"2022-04-09",
tt0080120,7,2024-07-09,"The Warriors","The Warriors",https://www.imdb.com/title/tt0080120,Movie,7.5,93,1979,"Thriller, Action, Crime",120528,"1979-02-09","Walter Hill"
tt3083016,6,2024-07-08,"Beverly Hills Cop: Axel F","Beverly Hills Cop: Axel F",https://www.imdb.com/title/tt3083016,Movie,6.4,118,2024,"Action, Comedy, Crime, Thriller",88053,"2024-07-03","Mark Molloy"
tt21469794,4,2024-07-07,"Space Cadet","Space Cadet",https://www.imdb.com/title/tt21469794,Movie,5.0,110,2024,"Comedy",11068,"2024-07-04","Liz W. Garcia"
tt0109254,4,2024-07-04,"Beverly Hills Cop III","Beverly Hills Cop III",https://www.imdb.com/title/tt0109254,Movie,5.5,104,1994,"Crime, Thriller, Comedy, Action",101081,"1994-05-25","John Landis"
tt0092644,6,2024-07-04,"Beverly Hills Cop II","Beverly Hills Cop II",https://www.imdb.com/title/tt0092644,Movie,6.6,103,1987,"Crime, Thriller, Comedy, Action",147936,"1987-05-20","Tony Scott"
tt0086960,8,2024-07-04,"Beverly Hills Cop","Beverly Hills Cop",https://www.imdb.com/title/tt0086960,Movie,7.4,105,1984,"Crime, Thriller, Comedy, Action",233930,"1984-12-05","Martin Brest"
tt0089869,7,2024-07-03,"The Quiet Earth","The Quiet Earth",https://www.imdb.com/title/tt0089869,Movie,6.7,91,1985,"Mystery, Sci-Fi, Drama",29666,"1985-10-18","Geoff Murphy"
tt4406238,8,2024-07-03,"Lost Angel: The Genius of Judee Sill","Lost Angel: The Genius of Judee Sill",https://www.imdb.com/title/tt4406238,Movie,7.4,91,2022,"Documentary, Music",157,"2024-04-12","Andy Brown,Brian Lindstrom"
tt6587046,8,2024-07-01,"The Boy and the Heron","Kimi-tachi wa dô ikiru ka",https://www.imdb.com/title/tt6587046,Movie,7.3,124,2023,"Animation, Adventure, Fantasy, Drama",150260,"2023-12-08","Hayao Miyazaki"
tt0096438,8,2024-06-26,"Who Framed Roger Rabbit","Who Framed Roger Rabbit",https://www.imdb.com/title/tt0096438,Movie,7.7,104,1988,"Animation, Crime, Family, Adventure, Mystery, Comedy, Fantasy",234308,"1988-06-22","Robert Zemeckis"
tt0118928,6,2024-06-24,"Dante's Peak","Dante's Peak",https://www.imdb.com/title/tt0118928,Movie,6.1,108,1997,"Adventure, Thriller, Action",109206,"1997-02-07","Roger Donaldson"
tt0214341,10,2024-06-24,"Dragon Ball Z","Dragon Ball Z",https://www.imdb.com/title/tt0214341,TV Series,8.8,24,1996,"Animation, Adventure, Thriller, Sci-Fi, Action, Fantasy",179511,"1996-09-13",
tt26545945,7,2024-06-23,"Rather","Rather",https://www.imdb.com/title/tt26545945,Movie,7.4,95,2023,"Documentary, Biography",408,"2024-04-24","Frank Marshall"
tt16300138,7,2024-06-21,"I Used to Be Funny","I Used to Be Funny",https://www.imdb.com/title/tt16300138,Movie,6.5,105,2023,"Comedy, Drama, Mystery",5038,"2024-06-18","Ally Pankiw"
tt15574270,4,2024-06-20,"I Saw the TV Glow","I Saw the TV Glow",https://www.imdb.com/title/tt15574270,Movie,5.8,100,2024,"Drama, Mystery, Horror",47587,"2024-05-17","Jane Schoenbrun"
tt0098536,6,2024-06-20,"Turner & Hooch","Turner & Hooch",https://www.imdb.com/title/tt0098536,Movie,6.2,100,1989,"Thriller, Drama, Crime, Comedy",81514,"1989-07-28","Roger Spottiswoode"
tt0097216,8,2024-06-19,"Do the Right Thing","Do the Right Thing",https://www.imdb.com/title/tt0097216,Movie,7.9,120,1989,"Comedy, Drama",125725,"1989-07-21","Spike Lee"
tt28639049,7,2024-06-19,"We Grown Now","We Grown Now",https://www.imdb.com/title/tt28639049,Movie,6.8,93,2023,"Drama",1462,"2024-06-20","Minhal Baig"
tt14351082,6,2024-06-18,"Cabrini","Cabrini",https://www.imdb.com/title/tt14351082,Movie,7.3,142,2024,"Biography, Drama, History",10239,"2024-03-08","Alejandro Monteverde"
tt30423279,7,2024-06-18,"The 8 Show","Deo Eiteu Syo",https://www.imdb.com/title/tt30423279,TV Series,7.2,60,2024,"Drama, Mystery, Thriller, Comedy",22340,"2024-05-17",
tt13016388,8,2024-06-14,"3 Body Problem","3 Body Problem",https://www.imdb.com/title/tt13016388,TV Series,7.5,60,2024,"Sci-Fi, Adventure, Drama, Fantasy, Mystery",183800,"2024-03-21",
tt1599348,6,2024-06-14,"Safe House","Safe House",https://www.imdb.com/title/tt1599348,Movie,6.7,115,2012,"Thriller, Action",250587,"2012-02-10","Daniel Espinosa"
tt12037194,8,2024-06-13,"Furiosa: A Mad Max Saga","Furiosa: A Mad Max Saga",https://www.imdb.com/title/tt12037194,Movie,7.4,148,2024,"Action, Adventure, Sci-Fi",325564,"2024-05-24","George Miller"
tt0406501,6,2024-06-11,"7:35 de la mañana","7:35 de la mañana",https://www.imdb.com/title/tt0406501,Short,7.3,8,2003,"Musical, Short, Thriller",2737,"2004-10-23","Nacho Vigalondo"
tt0480669,7,2024-06-11,"Timecrimes","Los cronocrímenes",https://www.imdb.com/title/tt0480669,Movie,7.1,92,2007,"Sci-Fi, Thriller, Mystery, Horror",76336,"2008-06-27","Nacho Vigalondo"
tt20215968,6,2024-06-09,"Hit Man","Hit Man",https://www.imdb.com/title/tt20215968,Movie,6.8,115,2023,"Comedy, Crime, Romance",133432,"2024-06-07","Richard Linklater"
tt23638508,7,2024-06-08,"Songs of Earth","Fedrelandet",https://www.imdb.com/title/tt23638508,Movie,7.1,90,2023,"Documentary, Biography",1229,"2023-09-01","Margreth Olin"
tt30852970,7,2024-06-07,"Lover Stalker Killer","Lover Stalker Killer",https://www.imdb.com/title/tt30852970,Movie,7.0,90,2024,"Documentary, Crime",15166,"2024-02-09","Sam Hobkinson"
tt16283824,7,2024-06-07,"Eric","Eric",https://www.imdb.com/title/tt16283824,TV Mini Series,6.9,60,2024,"Thriller, Drama, Crime",42307,"2024-05-30",
tt8209702,7,2024-06-05,"Sleep","Jam",https://www.imdb.com/title/tt8209702,Movie,6.5,95,2023,"Mystery, Thriller, Horror",8172,"2023-09-06","Jason Yu"
tt0389722,6,2024-06-05,"30 Days of Night","30 Days of Night",https://www.imdb.com/title/tt0389722,Movie,6.6,113,2007,"Horror, Thriller",202648,"2007-10-19","David Slade"
tt0421238,7,2024-06-05,"The Proposition","The Proposition",https://www.imdb.com/title/tt0421238,Movie,7.3,104,2005,"Drama, Crime, Western",58268,"2006-06-09","John Hillcoat"
tt1618434,5,2024-06-04,"Murder Mystery","Murder Mystery",https://www.imdb.com/title/tt1618434,Movie,6.1,97,2019,"Mystery, Romance, Crime",192478,"2019-06-14","Kyle Newacheck"
tt22207786,6,2024-06-03,"Red Rooms","Les chambres rouges",https://www.imdb.com/title/tt22207786,Movie,7.1,118,2023,"Thriller, Crime, Mystery, Horror",23436,"2024-01-17","Pascal Plante"
tt5672290,6,2024-06-02,"The First Omen","The First Omen",https://www.imdb.com/title/tt5672290,Movie,6.5,119,2024,"Horror",72360,"2024-04-05","Arkasha Stevenson"
tt15242330,8,2024-05-28,"The First Slam Dunk","Za Fâsuto Suramu Danku",https://www.imdb.com/title/tt15242330,Movie,8.0,124,2022,"Animation, Comedy, Drama, Sport",13215,"2023-07-28","Takehiko Inoue"
tt18573650,6,2024-05-27,"The Blue Angels","The Blue Angels",https://www.imdb.com/title/tt18573650,Movie,7.3,93,2024,"Documentary",3140,"2024-05-23","Paul Crowder"
tt0312886,7,2024-05-27,"July Rhapsody","Nam yan sei sap",https://www.imdb.com/title/tt0312886,Movie,7.1,103,2002,"Drama",1281,"2002-03-14","Ann Hui"
tt17279496,8,2024-05-27,"Civil War","Civil War",https://www.imdb.com/title/tt17279496,Movie,7.0,109,2024,"Action, Thriller, War",272724,"2024-04-12","Alex Garland"
tt0110057,8,2024-05-24,"Hoop Dreams","Hoop Dreams",https://www.imdb.com/title/tt0110057,Movie,8.3,170,1994,"Documentary, Sport, Drama",29732,"1994-10-14","Steve James"
tt1289401,4,2024-05-23,"Ghostbusters","Ghostbusters",https://www.imdb.com/title/tt1289401,Movie,6.8,117,2016,"Comedy, Sci-Fi, Fantasy, Action",259985,"2016-07-15","Paul Feig"
tt3397884,8,2024-05-21,"Sicario","Sicario",https://www.imdb.com/title/tt3397884,Movie,7.7,121,2015,"Drama, Crime, Mystery, Thriller, Action",546267,"2015-10-02","Denis Villeneuve"
tt15451150,3,2024-05-21,"You Can't Run Forever","You Can't Run Forever",https://www.imdb.com/title/tt15451150,Movie,4.5,102,2024,"Thriller, Drama, Horror",5023,"2024-05-17","Michelle Schumacher"
tt0068575,7,2024-05-20,"Fat City","Fat City",https://www.imdb.com/title/tt0068575,Movie,7.2,96,1972,"Sport, Drama",11831,"1972-07-26","John Huston"
tt11674730,6,2024-05-20,"The Last Stop in Yuma County","The Last Stop in Yuma County",https://www.imdb.com/title/tt11674730,Movie,6.9,90,2023,"Thriller, Crime, Drama",25854,"2024-05-10","Francis Galluppi"
tt16426418,8,2024-05-20,"Challengers","Challengers",https://www.imdb.com/title/tt16426418,Movie,7.0,131,2024,"Drama, Romance, Sport, Comedy",182957,"2024-04-26","Luca Guadagnino"
tt2101441,5,2024-05-19,"Spring Breakers","Spring Breakers",https://www.imdb.com/title/tt2101441,Movie,5.3,94,2012,"Drama, Crime, Thriller",155391,"2013-03-22","Harmony Korine"
tt14539740,5,2024-05-18,"Godzilla X Kong: The New Empire","Godzilla x Kong: The New Empire",https://www.imdb.com/title/tt14539740,Movie,6.0,115,2024,"Action, Adventure, Sci-Fi, Thriller, Fantasy",137957,"2024-03-29","Adam Wingard"
tt0089530,6,2024-05-16,"Mad Max: Beyond Thunderdome","Mad Max Beyond Thunderdome",https://www.imdb.com/title/tt0089530,Movie,6.2,107,1985,"Adventure, Sci-Fi, Action",163201,"1985-07-10","George Miller,George Ogilvie"
tt1684562,7,2024-05-16,"The Fall Guy","The Fall Guy",https://www.imdb.com/title/tt1684562,Movie,6.8,126,2024,"Action, Drama, Comedy, Romance",271831,"2024-05-03","David Leitch"
tt13649112,7,2024-05-14,"Baby Reindeer","Baby Reindeer",https://www.imdb.com/title/tt13649112,TV Mini Series,7.7,30,2024,"Biography, Drama, Comedy",195164,"2024-04-11",
tt26915336,7,2024-05-12,"Mars Express","Mars Express",https://www.imdb.com/title/tt26915336,Movie,7.5,88,2023,"Animation, Sci-Fi, Thriller, Mystery, Action",15472,"2024-05-03","Jérémie Périn"
tt5177120,7,2024-05-12,"The Ministry of Ungentlemanly Warfare","The Ministry of Ungentlemanly Warfare",https://www.imdb.com/title/tt5177120,Movie,6.8,122,2024,"War, Action, Comedy",165524,"2024-04-19","Guy Ritchie"
tt27489557,6,2024-05-11,"Abigail","Abigail",https://www.imdb.com/title/tt27489557,Movie,6.5,109,2024,"Thriller, Horror, Action, Comedy, Crime, Drama",123097,"2024-04-19","Matt Bettinelli-Olpin,Tyler Gillett"
tt21235248,5,2024-05-11,"Ghostbusters: Frozen Empire","Ghostbusters: Frozen Empire",https://www.imdb.com/title/tt21235248,Movie,6.1,115,2024,"Adventure, Comedy, Fantasy, Sci-Fi, Action",107348,"2024-03-22","Gil Kenan"
tt0347246,6,2024-05-09,"Ghost in the Shell 2: Innocence","Innocence",https://www.imdb.com/title/tt0347246,Movie,7.4,100,2004,"Animation, Mystery, Sci-Fi, Drama, Thriller",42974,"2004-09-24","Mamoru Oshii"
tt25811262,8,2024-05-09,"Zom 100: Bucket List of the Dead","Zom 100: Zombie ni Naru made ni Shitai 100 no Koto",https://www.imdb.com/title/tt25811262,TV Mini Series,7.3,24,2023,"Animation, Comedy, Fantasy, Horror, Sci-Fi, Action, Adventure",13663,"2023-07-09",
tt0113568,8,2024-05-06,"Ghost in the Shell","Kôkaku kidôtai",https://www.imdb.com/title/tt0113568,Movie,7.9,83,1995,"Animation, Thriller, Mystery, Crime, Drama, Sci-Fi, Action",176037,"1996-03-29","Mamoru Oshii"
tt23289160,8,2024-05-05,"Godzilla Minus One","Gojira Mainasu Wan",https://www.imdb.com/title/tt23289160,Movie,7.6,124,2023,"Action, Adventure, Sci-Fi, Horror, Drama",229271,"2023-12-01","Takashi Yamazaki"
tt0119164,7,2024-05-04,"The Full Monty","The Full Monty",https://www.imdb.com/title/tt0119164,Movie,7.2,91,1997,"Drama, Comedy",120571,"1997-09-19","Peter Cattaneo"
tt11286640,8,2024-05-04,"Nowhere Special","Nowhere Special",https://www.imdb.com/title/tt11286640,Movie,7.4,96,2020,"Drama",9686,"2024-04-26","Uberto Pasolini"
tt19637052,7,2024-05-03,"Love Lies Bleeding","Love Lies Bleeding",https://www.imdb.com/title/tt19637052,Movie,6.6,104,2024,"Romance, Thriller, Crime, Mystery, Drama",65217,"2024-05-03","Rose Glass"
tt0292542,7,2024-05-01,"Son of the Bride","El hijo de la novia",https://www.imdb.com/title/tt0292542,Movie,7.8,123,2001,"Drama, Comedy",17981,"2001-08-16","Juan José Campanella"
tt0151804,7,2024-04-30,"Office Space","Office Space",https://www.imdb.com/title/tt0151804,Movie,7.6,89,1999,"Comedy",310902,"1999-02-19","Mike Judge"
tt0387808,6,2024-04-30,"Idiocracy","Idiocracy",https://www.imdb.com/title/tt0387808,Movie,6.5,84,2006,"Adventure, Comedy, Sci-Fi, Thriller",220094,"2007-01-25","Mike Judge"
tt0056058,8,2024-04-30,"Harakiri","Seppuku",https://www.imdb.com/title/tt0056058,Movie,8.6,133,1962,"Mystery, Drama",93298,"1964-08-04","Masaki Kobayashi"
tt23181418,7,2024-04-29,"Our Living World","Our Living World",https://www.imdb.com/title/tt23181418,TV Mini Series,7.6,50,2024,"Documentary",1152,"2024-04-17",
tt14966898,7,2024-04-29,"Late Night with the Devil","Late Night with the Devil",https://www.imdb.com/title/tt14966898,Movie,7.0,93,2023,"Horror",150665,"2024-03-22","Cameron Cairnes,Colin Cairnes"
tt9214772,7,2024-04-28,"Monkey Man","Monkey Man",https://www.imdb.com/title/tt9214772,Movie,6.8,121,2024,"Thriller, Action, Crime",100947,"2024-04-05","Dev Patel"
tt0053604,8,2024-04-26,"The Apartment","The Apartment",https://www.imdb.com/title/tt0053604,Movie,8.3,125,1960,"Romance, Drama, Comedy",222285,"1960-06-29","Billy Wilder"
tt12672620,6,2024-04-25,"The Three Musketeers: Milady","Les trois mousquetaires: Milady",https://www.imdb.com/title/tt12672620,Movie,6.4,115,2023,"Adventure, History, Action, Drama",13011,"2024-04-19","Martin Bourboulon"
tt1637688,6,2024-04-18,"In Time","In Time",https://www.imdb.com/title/tt1637688,Movie,6.7,109,2011,"Sci-Fi, Thriller, Action",487277,"2011-10-28","Andrew Niccol"
tt26737616,7,2024-04-16,"Pluto","Pluto",https://www.imdb.com/title/tt26737616,TV Mini Series,8.1,62,2023,"Animation, Drama, Mystery, Sci-Fi, Thriller, Action",21063,"2023-10-26",
tt21692408,6,2024-04-15,"Kung Fu Panda 4","Kung Fu Panda 4",https://www.imdb.com/title/tt21692408,Movie,6.3,94,2024,"Animation, Action, Adventure, Comedy, Family, Fantasy",84926,"2024-03-08","Mike Mitchell,Stephanie Stine"
tt0032976,8,2024-04-01,"Rebecca","Rebecca",https://www.imdb.com/title/tt0032976,Movie,8.0,130,1940,"Thriller, Drama, Romance, Mystery",161865,"1940-04-12","Alfred Hitchcock"
tt0095327,10,2024-04-01,"Grave of the Fireflies","Hotaru no haka",https://www.imdb.com/title/tt0095327,Movie,8.5,88,1988,"Animation, Drama, War",393223,"1989-07-26","Isao Takahata"
tt0120815,10,2024-04-01,"Saving Private Ryan","Saving Private Ryan",https://www.imdb.com/title/tt0120815,Movie,8.6,169,1998,"Drama, War",1655702,"1998-07-24","Steven Spielberg"
tt0133093,10,2024-04-01,"The Matrix","The Matrix",https://www.imdb.com/title/tt0133093,Movie,8.7,136,1999,"Action, Sci-Fi",2269014,"1999-03-31","Lana Wachowski,Lilly Wachowski"
tt0137523,10,2024-04-01,"Fight Club","Fight Club",https://www.imdb.com/title/tt0137523,Movie,8.8,139,1999,"Drama, Crime, Thriller",2647179,"1999-10-15","David Fincher"
tt0167260,10,2024-04-01,"The Lord of the Rings: The Return of the King","The Lord of the Rings: The Return of the King",https://www.imdb.com/title/tt0167260,Movie,9.0,201,2003,"Drama, Adventure, Fantasy",2184625,"2003-12-17","Peter Jackson"
tt15398776,9,2024-04-01,"Oppenheimer","Oppenheimer",https://www.imdb.com/title/tt15398776,Movie,8.2,180,2023,"Biography, Drama, History",1084666,"2023-07-21","Christopher Nolan"
tt13210838,7,2024-03-30,"The Gentlemen","The Gentlemen",https://www.imdb.com/title/tt13210838,TV Series,8.0,50,2024,"Action, Comedy, Crime",181041,"2024-03-07",
tt2576852,8,2024-03-29,"The Tale of The Princess Kaguya","Kaguya-hime no monogatari",https://www.imdb.com/title/tt2576852,Movie,8.0,137,2013,"Animation, Drama, Fantasy, Family, Romance",62811,"2013-11-23","Isao Takahata"
tt21426456,5,2024-03-29,"Molli and Max in the Future","Molli and Max in the Future",https://www.imdb.com/title/tt21426456,Movie,6.3,93,2023,"Comedy, Romance, Sci-Fi",1265,"2023-08-24","Michael Lukk Litwak"
tt27503384,8,2024-03-29,"Perfect Days","Perfect Days",https://www.imdb.com/title/tt27503384,Movie,7.9,124,2023,"Drama",109912,"2023-12-21","Wim Wenders"
tt3359350,5,2024-03-27,"Road House","Road House",https://www.imdb.com/title/tt3359350,Movie,6.2,121,2024,"Action, Thriller, Drama",189810,"2024-03-21","Doug Liman"
tt13321244,7,2024-03-26,"Origin","Origin",https://www.imdb.com/title/tt13321244,Movie,7.2,141,2023,"Drama, History",8404,"2024-01-19","Ava DuVernay"
tt1650453,8,2024-03-26,"I Wish","Kiseki",https://www.imdb.com/title/tt1650453,Movie,7.4,128,2011,"Drama",8592,"2011-06-11","Hirokazu Koreeda"
tt7527682,5,2024-03-23,"Out of Darkness","Out of Darkness",https://www.imdb.com/title/tt7527682,Movie,5.4,88,2022,"Horror, Thriller, Mystery",8458,"2024-02-09","Andrew Cumming"
tt11057302,3,2024-03-23,"Madame Web","Madame Web",https://www.imdb.com/title/tt11057302,Movie,4.1,116,2024,"Action, Thriller",117355,"2024-02-14","S.J. Clarkson"
tt16431966,6,2024-03-23,"Sometimes I Think About Dying","Sometimes I Think About Dying",https://www.imdb.com/title/tt16431966,Movie,6.6,94,2023,"Drama, Comedy, Romance",8234,"2024-03-12","Rachel Lambert"
tt15239678,10,2024-03-23,"Dune: Part Two","Dune: Part Two",https://www.imdb.com/title/tt15239678,Movie,8.4,166,2024,"Adventure, Drama, Sci-Fi, Action",784581,"2024-03-01","Denis Villeneuve"
tt19356262,5,2024-03-22,"Drive-Away Dolls","Drive-Away Dolls",https://www.imdb.com/title/tt19356262,Movie,5.4,84,2024,"Comedy, Action, Thriller",29130,"2024-02-23","Ethan Coen"
tt14513236,7,2024-03-21,"The Queen of Basketball","The Queen of Basketball",https://www.imdb.com/title/tt14513236,Short,7.2,22,2021,"Documentary, Short, Biography, Sport",1555,"2021-06-10","Ben Proudfoot"
tt19760052,7,2024-03-19,"The Taste of Things","La passion de Dodin Bouffant",https://www.imdb.com/title/tt19760052,Movie,7.4,135,2023,"Romance, Drama, History",21453,"2024-02-09","Tran Anh Hung"
tt13452446,5,2024-03-18,"Damsel","Damsel",https://www.imdb.com/title/tt13452446,Movie,6.1,110,2024,"Fantasy, Adventure, Action",121709,"2024-03-08","Juan Carlos Fresnadillo"
tt0362227,8,2024-03-18,"The Terminal","The Terminal",https://www.imdb.com/title/tt0362227,Movie,7.4,128,2004,"Drama, Comedy, Romance",540153,"2004-06-18","Steven Spielberg"
tt0118887,7,2024-03-17,"Cop Land","Cop Land",https://www.imdb.com/title/tt0118887,Movie,7.0,105,1997,"Drama, Crime, Thriller",116598,"1997-08-15","James Mangold"
tt0120587,7,2024-03-17,"Antz","Antz",https://www.imdb.com/title/tt0120587,Movie,6.5,83,1998,"Animation, Family, Comedy, Adventure",171961,"1998-10-02","Eric Darnell,Tim Johnson,Lawrence Guterman"
tt0100507,5,2024-03-17,"Rocky V","Rocky V",https://www.imdb.com/title/tt0100507,Movie,5.4,104,1990,"Sport, Drama",163379,"1990-11-16","John G. Avildsen"
tt0058430,6,2024-03-13,"Onibaba","Onibaba",https://www.imdb.com/title/tt0058430,Movie,7.8,103,1964,"Drama, Thriller, Horror",26053,"1965-02-04","Kaneto Shindō"
tt0113481,5,2024-03-13,"Johnny Mnemonic","Johnny Mnemonic",https://www.imdb.com/title/tt0113481,Movie,5.6,96,1995,"Thriller, Drama, Sci-Fi, Action",81892,"1995-05-26","Robert Longo"
tt29118186,7,2024-03-13,"The Last Repair Shop","The Last Repair Shop",https://www.imdb.com/title/tt29118186,Short,7.4,39,2023,"Documentary, Short, Music",3262,"2023-11-08","Kris Bowers,Ben Proudfoot"
tt19864802,5,2024-03-11,"Land of Bad","Land of Bad",https://www.imdb.com/title/tt19864802,Movie,6.6,113,2024,"Action, Thriller",60218,"2024-02-16","William Eubank"
tt23561236,7,2024-03-10,"American Fiction","American Fiction",https://www.imdb.com/title/tt23561236,Movie,7.5,117,2023,"Drama, Comedy",156438,"2023-12-22","Cord Jefferson"
tt15009428,5,2024-03-10,"Argylle","Argylle",https://www.imdb.com/title/tt15009428,Movie,5.6,139,2024,"Action, Thriller, Comedy, Adventure",101807,"2024-02-02","Matthew Vaughn"
tt1660648,6,2024-03-10,"Ricky Stanicky","Ricky Stanicky",https://www.imdb.com/title/tt1660648,Movie,6.2,113,2024,"Comedy",63243,"2024-03-07","Peter Farrelly"
tt0383010,5,2024-03-10,"The Three Stooges","The Three Stooges",https://www.imdb.com/title/tt0383010,Movie,5.2,92,2012,"Comedy, Family",34900,"2012-04-13","Bobby Farrelly,Peter Farrelly"
tt0109686,8,2024-03-10,"Dumb and Dumber","Dumb and Dumber",https://www.imdb.com/title/tt0109686,Movie,7.3,107,1994,"Comedy",446392,"1994-12-16","Peter Farrelly"
tt0338466,6,2024-03-10,"Stuck on You","Stuck on You",https://www.imdb.com/title/tt0338466,Movie,5.8,118,2003,"Comedy",56897,"2003-12-12","Bobby Farrelly,Peter Farrelly"
tt0183505,7,2024-03-10,"Me, Myself & Irene","Me, Myself & Irene",https://www.imdb.com/title/tt0183505,Movie,6.6,116,2000,"Comedy",265171,"2000-06-23","Bobby Farrelly,Peter Farrelly"
tt0256380,6,2024-03-10,"Shallow Hal","Shallow Hal",https://www.imdb.com/title/tt0256380,Movie,6.0,114,2001,"Fantasy, Romance, Drama, Comedy",155339,"2001-11-09","Bobby Farrelly,Peter Farrelly"
tt21188080,6,2024-03-10,"Lisa Frankenstein","Lisa Frankenstein",https://www.imdb.com/title/tt21188080,Movie,6.1,101,2024,"Comedy, Romance, Horror",33045,"2024-02-09","Zelda Williams"
tt16606592,6,2024-03-09,"The Animal Kingdom","Le règne animal",https://www.imdb.com/title/tt16606592,Movie,6.7,128,2023,"Adventure, Sci-Fi, Drama, Mystery, Horror, Fantasy",12241,"2024-03-15","Thomas Cailley"
tt3756788,7,2024-03-06,"Our Little Sister","Umimachi Diary",https://www.imdb.com/title/tt3756788,Movie,7.6,127,2015,"Drama, Family",19212,"2015-06-13","Hirokazu Koreeda"
tt0061184,7,2024-03-05,"Who's Afraid of Virginia Woolf?","Who's Afraid of Virginia Woolf?",https://www.imdb.com/title/tt0061184,Movie,8.0,131,1966,"Drama",83557,"1966-06-22","Mike Nichols"
tt11097384,6,2024-03-03,"Spaceman","Spaceman",https://www.imdb.com/title/tt11097384,Movie,5.7,107,2024,"Adventure, Drama, Sci-Fi, Romance",48345,"2024-03-01","Johan Renck"
tt1080016,6,2024-03-03,"Ice Age: Dawn of the Dinosaurs","Ice Age: Dawn of the Dinosaurs",https://www.imdb.com/title/tt1080016,Movie,6.9,94,2009,"Animation, Comedy, Adventure, Family",288522,"2009-07-01","Carlos Saldanha,Michael Thurmeier"
tt0438097,6,2024-03-03,"Ice Age: The Meltdown","Ice Age: The Meltdown",https://www.imdb.com/title/tt0438097,Movie,6.8,91,2006,"Animation, Comedy, Family, Adventure",320941,"2006-03-31","Carlos Saldanha"
tt0268380,7,2024-03-03,"Ice Age","Ice Age",https://www.imdb.com/title/tt0268380,Movie,7.5,81,2002,"Animation, Adventure, Comedy, Family",570184,"2002-03-15","Chris Wedge,Carlos Saldanha"
tt0105323,8,2024-03-03,"Scent of a Woman","Scent of a Woman",https://www.imdb.com/title/tt0105323,Movie,8.0,156,1992,"Drama",374793,"1993-01-08","Martin Brest"
tt5363618,8,2024-03-03,"Sound of Metal","Sound of Metal",https://www.imdb.com/title/tt5363618,Movie,7.7,120,2019,"Drama, Music",188109,"2020-12-04","Darius Marder"
tt14230458,9,2024-03-03,"Poor Things","Poor Things",https://www.imdb.com/title/tt14230458,Movie,7.7,141,2023,"Romance, Sci-Fi, Comedy, Drama",420439,"2023-12-22","Yorgos Lanthimos"
tt0046478,7,2024-02-29,"Ugetsu","Ugetsu monogatari",https://www.imdb.com/title/tt0046478,Movie,8.1,96,1953,"War, Fantasy, Drama",28492,"1954-09-07","Kenji Mizoguchi"
tt0050976,8,2024-02-29,"The Seventh Seal","Det sjunde inseglet",https://www.imdb.com/title/tt0050976,Movie,8.1,96,1957,"Drama, Fantasy",216965,"1958-10-13","Ingmar Bergman"
tt5198890,5,2024-02-29,"Eileen","Eileen",https://www.imdb.com/title/tt5198890,Movie,5.9,97,2023,"Drama, Mystery, Thriller, Romance",20830,"2023-12-08","William Oldroyd"
tt0046250,8,2024-02-28,"Roman Holiday","Roman Holiday",https://www.imdb.com/title/tt0046250,Movie,8.0,118,1953,"Comedy, Drama, Romance",158419,"1953-09-02","William Wyler"
tt21192142,6,2024-02-27,"All of Us Strangers","All of Us Strangers",https://www.imdb.com/title/tt21192142,Movie,7.6,105,2023,"Drama, Romance",80508,"2023-12-22","Andrew Haigh"
tt0113725,8,2024-02-27,"Maborosi","Maboroshi no hikari",https://www.imdb.com/title/tt0113725,Movie,7.5,110,1995,"Drama",8691,"1995-12-09","Hirokazu Koreeda"
tt7160372,9,2024-02-26,"The Zone of Interest","The Zone of Interest",https://www.imdb.com/title/tt7160372,Movie,7.3,105,2023,"Drama, History, War",191601,"2024-02-20","Jonathan Glazer"
tt24068064,7,2024-02-26,"Reality","Reality",https://www.imdb.com/title/tt24068064,Movie,6.7,83,2023,"Drama, Biography",30976,"2023-05-29","Tina Satter"
tt0069281,8,2024-02-25,"Sleuth","Sleuth",https://www.imdb.com/title/tt0069281,Movie,7.9,138,1972,"Thriller, Mystery",53166,"1972-12-11","Joseph L. Mankiewicz"
tt0396752,6,2024-02-25,"Nanny McPhee","Nanny McPhee",https://www.imdb.com/title/tt0396752,Movie,6.6,97,2005,"Comedy, Family, Fantasy",92450,"2006-01-27","Kirk Jones"
tt26739107,6,2024-02-24,"Hideo Kojima: Connecting Worlds","Hideo Kojima: Connecting Worlds",https://www.imdb.com/title/tt26739107,Movie,6.6,59,2023,"Documentary, Biography",954,"2024-02-23","Glen Milner"
tt2331143,8,2024-02-24,"Like Father, Like Son","Soshite chichi ni naru",https://www.imdb.com/title/tt2331143,Movie,7.8,121,2013,"Drama",31246,"2013-09-28","Hirokazu Koreeda"
tt19864828,7,2024-02-22,"Memory","Memory",https://www.imdb.com/title/tt19864828,Movie,6.7,103,2023,"Drama",10692,"2024-01-05","Michel Franco"
tt1235841,7,2024-02-22,"Sidewalls","Medianeras",https://www.imdb.com/title/tt1235841,Movie,7.5,95,2011,"Drama, Comedy",17553,"2011-10-26","Gustavo Taretto"
tt0411302,7,2024-02-21,"Doodlebug","Doodlebug",https://www.imdb.com/title/tt0411302,Short,7.0,3,1997,"Short, Fantasy, Mystery",20491,"1997","Christopher Nolan"
tt0046359,8,2024-02-21,"Stalag 17","Stalag 17",https://www.imdb.com/title/tt0046359,Movie,7.9,120,1953,"Comedy, Drama, War",60427,"1953-07","Billy Wilder"
tt26897933,1,2024-02-18,"Yellowjackets: Storytelling","Yellowjackets: Storytelling",https://www.imdb.com/title/tt26897933,TV Episode,7.2,61,2023,"Drama, Mystery, Thriller, Horror",2493,"2023-05-26","Karyn Kusama"
tt18298588,7,2024-02-18,"Monolith","Monolith",https://www.imdb.com/title/tt18298588,Movie,5.8,94,2022,"Sci-Fi, Thriller, Mystery, Drama, Horror",7610,"2024-02-16","Matt Vesely"
tt0085933,5,2024-02-17,"Merry Christmas Mr. Lawrence","Merry Christmas, Mr. Lawrence",https://www.imdb.com/title/tt0085933,Movie,7.2,123,1983,"Drama, War",22644,"1983-09-02","Nagisa Ōshima"
tt0088184,6,2024-02-15,"Stranger Than Paradise","Stranger Than Paradise",https://www.imdb.com/title/tt0088184,Movie,7.4,89,1984,"Drama, Comedy",43598,"1984-10-04","Jim Jarmusch"
tt6410564,6,2024-02-15,"The Third Murder","Sandome no satsujin",https://www.imdb.com/title/tt6410564,Movie,6.7,124,2017,"Drama, Mystery, Crime",9034,"2018-07-20","Hirokazu Koreeda"
tt21064584,8,2024-02-14,"The Iron Claw","The Iron Claw",https://www.imdb.com/title/tt21064584,Movie,7.5,132,2023,"Drama, Biography, Sport",121108,"2023-12-22","Sean Durkin"
tt21284358,6,2024-02-11,"Close Your Eyes","Cerrar los ojos",https://www.imdb.com/title/tt21284358,Movie,7.2,169,2023,"Drama",4997,"2023-09-29","Víctor Erice"
tt13429870,8,2024-02-11,"Robot Dreams","Robot Dreams",https://www.imdb.com/title/tt13429870,Movie,7.6,103,2023,"Animation, Drama, Comedy, Family",25579,"2024-06-07","Pablo Berger"
tt17009348,7,2024-02-07,"DogMan","Dogman",https://www.imdb.com/title/tt17009348,Movie,6.8,115,2023,"Drama, Thriller, Crime, Action",23241,"2024-04-05","Luc Besson"
tt12783826,6,2024-02-07,"The Unknown Country","The Unknown Country",https://www.imdb.com/title/tt12783826,Movie,6.2,85,2022,"Drama, Adventure, Mystery, Romance",1121,"2023-09-12","Morrisa Maltz"
tt24082466,6,2024-02-07,"Against the Tide","Against the Tide",https://www.imdb.com/title/tt24082466,Movie,6.9,97,2023,"Documentary",238,"2023-01-20","Sarvnik Kaur"
tt16277242,7,2024-02-05,"Society of the Snow","La sociedad de la nieve",https://www.imdb.com/title/tt16277242,Movie,7.8,144,2023,"Adventure, Drama, History, Thriller, Biography",176621,"2024-01-04","J.A. Bayona"
tt3758542,6,2024-02-03,"Ferrari","Ferrari",https://www.imdb.com/title/tt3758542,Movie,6.4,130,2023,"Biography, Drama, History, Sport",68792,"2023-12-25","Michael Mann"
tt15314262,5,2024-02-03,"The Beekeeper","The Beekeeper",https://www.imdb.com/title/tt15314262,Movie,6.3,105,2024,"Thriller, Action, Crime",184325,"2024-01-12","David Ayer"
tt1152758,9,2024-01-30,"Dear Zachary: A Letter to a Son About His Father","Dear Zachary: A Letter to a Son About His Father",https://www.imdb.com/title/tt1152758,Movie,8.5,95,2008,"Documentary, Crime, Drama, Biography",46298,"2015-12-14","Kurt Kuenne"
tt21027780,7,2024-01-30,"Fallen Leaves","Kuolleet lehdet",https://www.imdb.com/title/tt21027780,Movie,7.2,81,2023,"Comedy, Drama, Romance",37144,"2023-09-14","Aki Kaurismäki"
tt8772296,8,2024-01-29,"Euphoria","Euphoria",https://www.imdb.com/title/tt8772296,TV Series,8.1,60,2019,"Drama",321873,"2019-06-16",
tt1087578,8,2024-01-28,"Still Walking","Aruitemo aruitemo",https://www.imdb.com/title/tt1087578,Movie,7.9,115,2008,"Drama",21282,"2008-06-28","Hirokazu Koreeda"
tt3620860,8,2024-01-27,"One-Minute Time Machine","One-Minute Time Machine",https://www.imdb.com/title/tt3620860,Short,7.6,6,2014,"Short, Comedy, Romance, Sci-Fi",4181,"2015-07-09","Devon Avery"
tt2637276,5,2024-01-27,"Ted 2","Ted 2",https://www.imdb.com/title/tt2637276,Movie,6.3,115,2015,"Comedy",263976,"2015-06-26","Seth MacFarlane"
tt0825232,6,2024-01-27,"The Bucket List","The Bucket List",https://www.imdb.com/title/tt0825232,Movie,7.3,97,2007,"Comedy, Drama, Adventure",274291,"2008-01-11","Rob Reiner"
tt0413099,4,2024-01-27,"Evan Almighty","Evan Almighty",https://www.imdb.com/title/tt0413099,Movie,5.5,96,2007,"Comedy, Fantasy, Family",163969,"2007-06-22","Tom Shadyac"
tt0428803,8,2024-01-27,"March of the Penguins","La marche de l'empereur",https://www.imdb.com/title/tt0428803,Movie,7.5,80,2005,"Documentary, Family",62503,"2005-07-22","Luc Jacquet"
tt0315327,7,2024-01-27,"Bruce Almighty","Bruce Almighty",https://www.imdb.com/title/tt0315327,Movie,6.8,101,2003,"Fantasy, Comedy",474169,"2003-05-23","Tom Shadyac"
tt0257756,6,2024-01-27,"High Crimes","High Crimes",https://www.imdb.com/title/tt0257756,Movie,6.4,115,2002,"Drama, Mystery, Crime, Thriller",52198,"2002-04-05","Carl Franklin"
tt0164334,6,2024-01-27,"Along Came a Spider","Along Came a Spider",https://www.imdb.com/title/tt0164334,Movie,6.4,104,2001,"Crime, Drama, Mystery, Thriller",104596,"2001-04-06","Lee Tamahori"
tt0114069,7,2024-01-27,"Outbreak","Outbreak",https://www.imdb.com/title/tt0114069,Movie,6.6,128,1995,"Drama, Action, Thriller",146735,"1995-03-10","Wolfgang Petersen"
tt0102798,7,2024-01-27,"Robin Hood: Prince of Thieves","Robin Hood: Prince of Thieves",https://www.imdb.com/title/tt0102798,Movie,6.9,143,1991,"Drama, Romance, Adventure, Action",223611,"1991-06-14","Kevin Reynolds"
tt19781688,8,2024-01-27,"Ice Merchants","Ice Merchants",https://www.imdb.com/title/tt19781688,Short,7.6,14,2022,"Animation, Short, Drama, Fantasy",3390,"2023-02-16","João Gonzalez"
tt20862526,8,2024-01-27,"Pachyderme","Pachyderme",https://www.imdb.com/title/tt20862526,Short,7.0,11,2022,"Animation, Short, Drama",1673,"2024-02-16","Stéphanie Clément"
tt9484998,7,2024-01-27,"Palm Springs","Palm Springs",https://www.imdb.com/title/tt9484998,Movie,7.4,90,2020,"Comedy, Romance, Fantasy, Mystery, Sci-Fi",217612,"2020-07-10","Max Barbakow"
tt26084002,5,2024-01-27,"Self Reliance","Self Reliance",https://www.imdb.com/title/tt26084002,Movie,6.0,85,2023,"Comedy, Thriller",23498,"2024-01-12","Jake Johnson"
tt1038043,7,2024-01-26,"Mammoth","Mammoth",https://www.imdb.com/title/tt1038043,Movie,6.8,125,2009,"Drama, Romance",10757,"2009-01-23","Lukas Moodysson"
tt2321549,8,2024-01-25,"The Babadook","The Babadook",https://www.imdb.com/title/tt2321549,Movie,6.8,94,2014,"Horror, Mystery, Drama",272037,"2014-11-28","Jennifer Kent"
tt9663764,6,2024-01-25,"Aquaman and the Lost Kingdom","Aquaman and the Lost Kingdom",https://www.imdb.com/title/tt9663764,Movie,5.6,124,2023,"Action, Sci-Fi, Adventure, Fantasy",120836,"2023-12-22","James Wan"
tt0028950,8,2024-01-24,"Grand Illusion","La grande illusion",https://www.imdb.com/title/tt0028950,Movie,8.0,113,1937,"Drama, War",41288,"1938-09-12","Jean Renoir"
tt0086862,6,2024-01-24,"Airwolf","Airwolf",https://www.imdb.com/title/tt0086862,TV Movie,6.6,85,1984,"Thriller, Sci-Fi, Adventure, Action",5498,"1984-01-22","Donald P. Bellisario"
tt6495056,6,2024-01-24,"Migration","Migration",https://www.imdb.com/title/tt6495056,Movie,6.6,83,2023,"Animation, Comedy, Family, Adventure",48196,"2023-12-22","Benjamin Renner,Guylo Homsy"
tt0840094,6,2024-01-23,"Five Days","Five Days",https://www.imdb.com/title/tt0840094,TV Series,6.5,60,2007,"Drama, Mystery, Crime, Thriller",4269,"2007-10-02",
tt23736044,8,2024-01-23,"Monster","Kaibutsu",https://www.imdb.com/title/tt23736044,Movie,7.8,127,2023,"Drama, Thriller, Mystery",42932,"2023-11-22","Hirokazu Koreeda"
tt0343135,6,2024-01-23,"Along Came Polly","Along Came Polly",https://www.imdb.com/title/tt0343135,Movie,6.0,90,2004,"Romance, Comedy",150900,"2004-01-16","John Hamburg"
tt8914684,9,2024-01-23,"Sunderland 'Til I Die","Sunderland 'Til I Die",https://www.imdb.com/title/tt8914684,TV Series,8.1,39,2018,"Documentary, Sport",10407,"2018-12-14",
tt6769208,10,2024-01-23,"Blue Planet II","Blue Planet II",https://www.imdb.com/title/tt6769208,TV Mini Series,9.3,50,2017,"Documentary, Family",58389,"2018-01-20",
tt0088509,9,2024-01-23,"Dragon Ball","Dragon Ball: Doragon bôru",https://www.imdb.com/title/tt0088509,TV Series,8.5,25,1986,"Animation, Action, Comedy, Adventure, Fantasy",76846,"1986-02-26",
tt10857164,6,2024-01-23,"Ms. Marvel","Ms. Marvel",https://www.imdb.com/title/tt10857164,TV Mini Series,6.2,50,2022,"Action, Adventure, Comedy, Fantasy, Mystery, Sci-Fi, Family",133091,"2022-06-08",
tt1526318,9,2024-01-23,"Borgen","Borgen",https://www.imdb.com/title/tt1526318,TV Series,8.4,58,2010,"Drama",32761,"2011-10-29",
tt2531336,7,2024-01-23,"Lupin","Lupin",https://www.imdb.com/title/tt2531336,TV Series,7.5,45,2021,"Crime, Drama, Mystery, Action, Thriller",160756,"2021-01-08",
tt0319969,8,2024-01-23,"Carnivàle","Carnivàle",https://www.imdb.com/title/tt0319969,TV Series,8.4,60,2003,"Drama, Fantasy, Mystery, Thriller",49804,"2003-09-14",
tt0213338,10,2024-01-23,"Cowboy Bebop","Kaubôi bibappu",https://www.imdb.com/title/tt0213338,TV Series,8.9,24,1998,"Animation, Action, Drama, Comedy, Sci-Fi, Adventure",172227,"2001-09-02",
tt2356777,9,2024-01-23,"True Detective","True Detective",https://www.imdb.com/title/tt2356777,TV Series,8.8,60,2014,"Crime, Drama, Mystery, Thriller",765128,"2014-01-12",
tt5071412,8,2024-01-21,"Ozark","Ozark",https://www.imdb.com/title/tt5071412,TV Series,8.4,60,2017,"Drama, Crime, Thriller",396819,"2017-07-21",
tt13622204,7,2024-01-18,"Wildcat","Wildcat",https://www.imdb.com/title/tt13622204,Movie,7.7,106,2022,"Documentary",3731,"2022-12-30","Trevor Frost,Melissa Lesh"
tt1856080,6,2024-01-17,"The Boys in the Boat","The Boys in the Boat",https://www.imdb.com/title/tt1856080,Movie,7.0,123,2023,"Drama, Sport, Biography, History",30645,"2023-12-25","George Clooney"
tt10767052,5,2024-01-17,"Next Goal Wins","Next Goal Wins",https://www.imdb.com/title/tt10767052,Movie,6.5,104,2023,"Comedy, Sport, Drama",31755,"2023-11-17","Taika Waititi"
tt10676048,6,2024-01-17,"The Marvels","The Marvels",https://www.imdb.com/title/tt10676048,Movie,5.4,105,2023,"Action, Adventure, Sci-Fi",168657,"2023-11-10","Nia DaCosta"
tt1823744,7,2024-01-16,"Scenes from the Suburbs","Scenes from the Suburbs",https://www.imdb.com/title/tt1823744,Short,7.2,28,2011,"Short, Music, Drama",2371,"2011-03","Spike Jonze"
tt13966962,5,2024-01-15,"Echo","Echo",https://www.imdb.com/title/tt13966962,TV Mini Series,5.9,45,2023,"Action, Adventure, Crime, Drama, Mystery, Sci-Fi",50332,"2024-01-09",
tt13287846,6,2024-01-15,"Napoleon","Napoleon",https://www.imdb.com/title/tt13287846,Movie,6.3,158,2023,"Biography, Action, Drama, War, Adventure, History",189403,"2023-11-22","Ridley Scott"
tt13391708,6,2024-01-14,"The Five Devils","Les Cinq Diables",https://www.imdb.com/title/tt13391708,Movie,6.7,103,2022,"Drama, Fantasy, Romance",6230,"2023-05-12","Léa Mysius"
tt0047849,7,2024-01-14,"Bad Day at Black Rock","Bad Day at Black Rock",https://www.imdb.com/title/tt0047849,Movie,7.6,81,1955,"Thriller, Mystery, Crime, Western, Drama",27017,"1955-02-13","John Sturges"
tt1245526,7,2024-01-14,"RED","RED",https://www.imdb.com/title/tt1245526,Movie,7.0,111,2010,"Action, Comedy, Thriller, Crime",340399,"2010-10-15","Robert Schwentke"
tt0086662,7,2024-01-14,"Airwolf","Airwolf",https://www.imdb.com/title/tt0086662,TV Series,6.7,60,1984,"Sci-Fi, Adventure, Action",14549,"1984-01-22",
tt0099088,8,2024-01-14,"Back to the Future Part III","Back to the Future Part III",https://www.imdb.com/title/tt0099088,Movie,7.5,118,1990,"Adventure, Sci-Fi, Comedy, Western",524546,"1990-05-25","Robert Zemeckis"
tt9225192,7,2024-01-13,"Unstoppable","Seongnan hwangso",https://www.imdb.com/title/tt9225192,Movie,6.6,116,2018,"Action, Crime, Thriller, Comedy",7164,"2018-11-30","Kim Min-Ho"
tt21364552,7,2024-01-13,"The Roundup: No Way Out","Beomjoidosi 3",https://www.imdb.com/title/tt21364552,Movie,6.6,105,2023,"Action, Crime, Thriller",8798,"2023-05-31","Lee Sang-yong"
tt11448830,7,2024-01-13,"Falcon Lake","Falcon Lake",https://www.imdb.com/title/tt11448830,Movie,7.0,100,2022,"Drama, Romance, Mystery",4084,"2022-10-14","Charlotte Le Bon"
tt20859464,7,2024-01-12,"The Artifice Girl","The Artifice Girl",https://www.imdb.com/title/tt20859464,Movie,6.6,93,2022,"Sci-Fi, Mystery, Thriller",13478,"2023-04-27","Franklin Ritch"
tt1166827,7,2024-01-11,"Zeitgeist","Zeitgeist",https://www.imdb.com/title/tt1166827,Video,8.1,118,2007,"Documentary, History",51136,"2007-06-01","Peter Joseph"
tt0365737,7,2024-01-11,"Syriana","Syriana",https://www.imdb.com/title/tt0365737,Movie,6.8,128,2005,"Drama, Thriller",139008,"2005-12-09","Stephen Gaghan"
tt0405676,5,2024-01-11,"All the King's Men","All the King's Men",https://www.imdb.com/title/tt0405676,Movie,6.1,128,2006,"Drama, Thriller",26724,"2006-09-22","Steven Zaillian"
tt12672536,6,2024-01-10,"The Three Musketeers - Part I: D'Artagnan","Les trois mousquetaires: D'Artagnan",https://www.imdb.com/title/tt12672536,Movie,6.7,121,2023,"Adventure, History, Action",27405,"2023-04-05","Martin Bourboulon"
tt13238346,9,2024-01-08,"Past Lives","Past Lives",https://www.imdb.com/title/tt13238346,Movie,7.8,105,2023,"Drama, Romance",176586,"2023-06-23","Celine Song"
tt9148598,7,2024-01-08,"McMillions","McMillions",https://www.imdb.com/title/tt9148598,TV Mini Series,7.2,60,2020,"Documentary, Crime, History",10144,"2020-02-03",
tt28498129,6,2024-01-04,"Telemarketers","Telemarketers",https://www.imdb.com/title/tt28498129,TV Mini Series,7.3,60,2023,"Documentary",5153,"2023-08-13",
tt6938828,7,2024-01-04,"At Eternity's Gate","At Eternity's Gate",https://www.imdb.com/title/tt6938828,Movie,6.9,111,2018,"Drama, Biography, History",44734,"2019-02-15","Julian Schnabel"
tt20561198,7,2024-01-04,"The Promised Land","Bastarden",https://www.imdb.com/title/tt20561198,Movie,7.7,127,2023,"Action, History, Drama",41635,"2023-10-05","Nikolaj Arcel"
tt26786629,6,2024-01-03,"Time Bomb Y2K","Time Bomb Y2K",https://www.imdb.com/title/tt26786629,Movie,6.2,84,2023,"Documentary",1166,"2023-12-30","Brian Becker,Marley Mcdonald"
tt1411697,6,2024-01-02,"The Hangover Part II","The Hangover Part II",https://www.imdb.com/title/tt1411697,Movie,6.5,102,2011,"Comedy",583568,"2011-05-26","Todd Phillips"
tt0396269,7,2024-01-02,"Wedding Crashers","Wedding Crashers",https://www.imdb.com/title/tt0396269,Movie,7.0,119,2005,"Comedy, Romance",401196,"2005-07-15","David Dobkin"
tt1001508,6,2024-01-02,"He's Just Not That Into You","He's Just Not That Into You",https://www.imdb.com/title/tt1001508,Movie,6.4,129,2009,"Comedy, Drama, Romance",196942,"2009-02-06","Ken Kwapis"
tt1119646,8,2024-01-02,"The Hangover","The Hangover",https://www.imdb.com/title/tt1119646,Movie,7.7,100,2009,"Comedy",940435,"2009-06-05","Todd Phillips"
tt0429493,5,2024-01-02,"The A-Team","The A-Team",https://www.imdb.com/title/tt0429493,Movie,6.7,118,2010,"Action, Adventure, Thriller, Crime",278150,"2010-06-11","Joe Carnahan"
tt5535276,7,2024-01-02,"Maestro","Maestro",https://www.imdb.com/title/tt5535276,Movie,6.5,129,2023,"Biography, Drama, Music, Romance, History",69972,"2023-12-20","Bradley Cooper"
tt29491918,7,2024-01-02,"David Holmes: The Boy Who Lived","David Holmes: The Boy Who Lived",https://www.imdb.com/title/tt29491918,Movie,7.7,90,2023,"Documentary",4725,"2023-11-15","Dan Hartley"
tt5537002,8,2024-01-02,"Killers of the Flower Moon","Killers of the Flower Moon",https://www.imdb.com/title/tt5537002,Movie,7.5,206,2023,"Drama, Crime, History, Western",311645,"2023-10-20","Martin Scorsese"
tt14403178,7,2024-01-01,"Beef","Beef",https://www.imdb.com/title/tt14403178,TV Series,8.0,30,2023,"Comedy, Drama",178431,"2023-04-06",
tt0320661,8,2024-01-01,"Kingdom of Heaven","Kingdom of Heaven",https://www.imdb.com/title/tt0320661,Movie,7.3,144,2005,"Action, History, Adventure, War, Drama",359270,"2005-05-06","Ridley Scott"
tt21942866,7,2023-12-31,"Dream Scenario","Dream Scenario",https://www.imdb.com/title/tt21942866,Movie,6.8,102,2023,"Comedy, Horror, Fantasy, Drama",96154,"2023-11-22","Kristoffer Borgli"
tt12747748,7,2023-12-30,"Leave the World Behind","Leave the World Behind",https://www.imdb.com/title/tt12747748,Movie,6.4,138,2023,"Drama, Thriller, Mystery",245487,"2023-12-08","Sam Esmail"
tt1448754,5,2023-12-30,"Thanksgiving","Thanksgiving",https://www.imdb.com/title/tt1448754,Movie,6.2,106,2023,"Horror, Mystery, Thriller",81991,"2023-11-17","Eli Roth"
tt0462322,7,2023-12-30,"Grindhouse","Grindhouse",https://www.imdb.com/title/tt0462322,Movie,7.5,191,2007,"Horror, Thriller",197527,"2007-04-06","Robert Rodriguez,Eli Roth,Quentin Tarantino,Edgar Wright,Rob Zombie"
tt30088797,7,2023-12-28,"Ricky Gervais: Armageddon","Ricky Gervais: Armageddon",https://www.imdb.com/title/tt30088797,TV Special,7.1,63,2023,"Documentary, Comedy",17375,"2023-12-25","John L. Spencer"
tt17351924,6,2023-12-28,"Saltburn","Saltburn",https://www.imdb.com/title/tt17351924,Movie,7.0,130,2023,"Thriller, Drama",269879,"2023-12-22","Emerald Fennell"
tt8337264,6,2023-12-27,"Chicken Run: Dawn of the Nugget","Chicken Run: Dawn of the Nugget",https://www.imdb.com/title/tt8337264,Movie,6.3,98,2023,"Animation, Adventure, Comedy, Family",29564,"2023-12-15","Sam Fell,Jeff Newitt"
tt0099685,9,2023-12-26,"GoodFellas","GoodFellas",https://www.imdb.com/title/tt0099685,Movie,8.7,145,1990,"Biography, Crime, Drama",1406659,"1990-09-21","Martin Scorsese"
tt21056886,9,2023-12-26,"Scavengers Reign","Scavengers Reign",https://www.imdb.com/title/tt21056886,TV Mini Series,8.6,24,2023,"Animation, Drama, Sci-Fi, Adventure",37160,"2023-10-19",
tt0111512,8,2023-12-26,"Drunken Master II","Jui kuen II",https://www.imdb.com/title/tt0111512,Movie,7.5,102,1994,"Comedy, Action",52043,"2000-10-20","Chia-Liang Liu,Jackie Chan"
tt14998742,5,2023-12-25,"Rebel Moon - Part One: A Child of Fire","Rebel Moon - Part One: A Child of Fire",https://www.imdb.com/title/tt14998742,Movie,5.6,133,2023,"Adventure, Sci-Fi, Drama, Fantasy, Action",141896,"2023-12-21","Zack Snyder"
tt10545296,6,2023-12-24,"The Hunger Games: The Ballad of Songbirds & Snakes","The Hunger Games: The Ballad of Songbirds & Snakes",https://www.imdb.com/title/tt10545296,Movie,6.6,157,2023,"Action, Adventure, Sci-Fi, Drama, Thriller, War",188335,"2023-11-17","Francis Lawrence"
tt22041854,5,2023-12-20,"Priscilla","Priscilla",https://www.imdb.com/title/tt22041854,Movie,6.4,113,2023,"Biography, Drama, Music, Romance",56150,"2023-11-03","Sofia Coppola"
tt0372588,6,2023-12-20,"Team America: World Police","Team America: World Police",https://www.imdb.com/title/tt0372588,Movie,7.2,98,2004,"Action, Comedy",185877,"2004-10-15","Trey Parker"
tt0462242,6,2023-12-20,"El custodio","El custodio",https://www.imdb.com/title/tt0462242,Movie,6.5,102,2006,"Drama",1014,"2006-04-06","Rodrigo Moreno"
tt18558306,7,2023-12-20,"The Delinquents","Los delincuentes",https://www.imdb.com/title/tt18558306,Movie,6.7,189,2023,"Drama, Comedy, Crime",4950,"2023-12-15","Rodrigo Moreno"
tt5773986,7,2023-12-19,"Studio 54","Studio 54",https://www.imdb.com/title/tt5773986,Movie,7.0,98,2018,"Documentary, History, Music",3918,"2018-10-05","Matt Tyrnauer"
tt10233448,9,2023-12-19,"Vinland Saga","Vinland Saga",https://www.imdb.com/title/tt10233448,TV Series,8.9,24,2019,"Animation, Action, Adventure, History, Drama",147285,"2019-07-06",
tt0075675,6,2023-12-18,"The American Friend","Der amerikanische Freund",https://www.imdb.com/title/tt0075675,Movie,7.4,128,1977,"Drama, Crime, Thriller, Mystery",21455,"1977-09-28","Wim Wenders"
tt10850264,8,2023-12-17,"Squaring the Circle: The Story of Hipgnosis","Squaring the Circle: The Story of Hipgnosis",https://www.imdb.com/title/tt10850264,Movie,7.7,101,2022,"Documentary, History",2200,"2023-11-23","Anton Corbijn"
tt9140554,7,2023-12-16,"Loki","Loki",https://www.imdb.com/title/tt9140554,TV Series,8.2,50,2021,"Fantasy, Sci-Fi, Action, Adventure",480790,"2021-06-09",
tt2152198,7,2023-12-14,"The Pervert's Guide to Ideology","The Pervert's Guide to Ideology",https://www.imdb.com/title/tt2152198,Movie,7.6,136,2012,"Documentary",7922,"2013-11-01","Sophie Fiennes"
tt0291350,8,2023-12-14,"Millennium Actress","Sennen joyû",https://www.imdb.com/title/tt0291350,Movie,7.8,87,2001,"Animation, Fantasy, Romance, Drama",37427,"2002-09-14","Satoshi Kon"
tt8750702,9,2023-12-13,"Rewind","Rewind",https://www.imdb.com/title/tt8750702,Movie,7.9,86,2019,"Documentary, Biography",3226,"2020-05-08","Sasha Joseph Neulinger"
tt0074174,7,2023-12-13,"The Bad News Bears","The Bad News Bears",https://www.imdb.com/title/tt0074174,Movie,7.3,102,1976,"Sport, Family, Drama, Comedy",27770,"1976-04-07","Michael Ritchie"
tt0089218,8,2023-12-13,"The Goonies","The Goonies",https://www.imdb.com/title/tt0089218,Movie,7.7,114,1985,"Comedy, Family, Adventure",329346,"1985-06-07","Richard Donner"
tt0446755,7,2023-12-12,"The Painted Veil","The Painted Veil",https://www.imdb.com/title/tt0446755,Movie,7.4,125,2006,"Drama, Romance",100459,"2007-01-19","John Curran"
tt26612950,8,2023-12-12,"The Teachers' Lounge","Das Lehrerzimmer",https://www.imdb.com/title/tt26612950,Movie,7.4,98,2023,"Drama, Thriller",31227,"2023-05-04","Ilker Çatak"
tt25470468,8,2023-12-11,"Beyond Utopia","Beyond Utopia",https://www.imdb.com/title/tt25470468,Movie,7.9,115,2023,"Documentary, News, Biography, History",5209,"2023-11-28","Madeleine Gavin"
tt0106701,6,2023-12-11,"Dennis the Menace","Dennis the Menace",https://www.imdb.com/title/tt0106701,Movie,5.7,94,1993,"Family, Comedy",69668,"1993-06-25","Nick Castle"
tt5144174,6,2023-12-11,"The Dry","The Dry",https://www.imdb.com/title/tt5144174,Movie,6.8,117,2020,"Drama, Crime, Thriller, Mystery",41391,"2021-05-21","Robert Connolly"
tt14849194,8,2023-12-11,"The Holdovers","The Holdovers",https://www.imdb.com/title/tt14849194,Movie,7.9,133,2023,"Comedy, Drama",272430,"2023-11-10","Alexander Payne"
tt0257360,8,2023-12-11,"About Schmidt","About Schmidt",https://www.imdb.com/title/tt0257360,Movie,7.2,125,2002,"Drama",137338,"2003-01-03","Alexander Payne"
tt0080179,7,2023-12-10,"Drunken Master","Jui kuen",https://www.imdb.com/title/tt0080179,Movie,7.4,111,1978,"Comedy, Action",48201,"1978-10-05","Yuen Woo-Ping"
tt13651794,7,2023-12-10,"May December","May December",https://www.imdb.com/title/tt13651794,Movie,6.7,117,2023,"Drama, Comedy",73741,"2023-12-01","Todd Haynes"
tt11382384,7,2023-12-10,"The Dissident","The Dissident",https://www.imdb.com/title/tt11382384,Movie,7.8,119,2020,"Documentary, Crime, Thriller",31059,"2021-01-08","Bryan Fogel"
tt0113071,6,2023-12-10,"First Knight","First Knight",https://www.imdb.com/title/tt0113071,Movie,6.0,134,1995,"Adventure, Action, Drama, Romance",83088,"1995-07-07","Jerry Zucker"
tt6166392,7,2023-12-10,"Wonka","Wonka",https://www.imdb.com/title/tt6166392,Movie,6.9,116,2023,"Musical, Comedy, Adventure, Family, Fantasy",196279,"2023-12-15","Paul King"
tt0084855,7,2023-12-08,"The Verdict","The Verdict",https://www.imdb.com/title/tt0084855,Movie,7.7,129,1982,"Drama",51150,"1982-12-17","Sidney Lumet"
tt0065207,7,2023-12-08,"Where Eagles Dare","Where Eagles Dare",https://www.imdb.com/title/tt0065207,Movie,7.6,158,1968,"War, Adventure, Action",67117,"1969-03-12","Brian G. Hutton"
tt0085794,7,2023-12-07,"The King of Comedy","The King of Comedy",https://www.imdb.com/title/tt0085794,Movie,7.8,109,1982,"Thriller, Crime, Drama, Comedy",134900,"1982-12-18","Martin Scorsese"
tt7660850,9,2023-12-06,"Succession","Succession",https://www.imdb.com/title/tt7660850,TV Series,8.8,60,2018,"Drama, Comedy",364110,"2018-06-03",
tt28104766,6,2023-12-02,"Squid Game: The Challenge","Squid Game: The Challenge",https://www.imdb.com/title/tt28104766,TV Series,5.9,60,2023,"Game-Show, Reality-TV",22723,"2023-11-22",
tt0245844,8,2023-11-28,"The Count of Monte Cristo","The Count of Monte Cristo",https://www.imdb.com/title/tt0245844,Movie,7.7,131,2002,"Thriller, Action, Drama, Adventure",161305,"2002-01-25","Kevin Reynolds"
tt11737520,8,2023-11-28,"One Piece","One Piece",https://www.imdb.com/title/tt11737520,TV Series,8.3,60,2023,"Action, Fantasy, Adventure, Drama, Comedy",210009,"2023-08-31",
tt0104431,8,2023-11-28,"Home Alone 2: Lost in New York","Home Alone 2: Lost in New York",https://www.imdb.com/title/tt0104431,Movie,6.9,120,1992,"Adventure, Crime, Comedy, Family",460221,"1992-11-20","Chris Columbus"
tt16424988,6,2023-11-28,"Your Lucky Day","Your Lucky Day",https://www.imdb.com/title/tt16424988,Movie,5.9,89,2023,"Thriller",4473,"2023-11-14","Dan Brown"
tt0453556,5,2023-11-27,"TMNT","TMNT",https://www.imdb.com/title/tt0453556,Movie,6.2,87,2007,"Animation, Action, Adventure, Comedy, Sci-Fi, Family, Fantasy",72649,"2007-03-23","Kevin Munroe"
tt0100758,7,2023-11-27,"Teenage Mutant Ninja Turtles","Teenage Mutant Ninja Turtles",https://www.imdb.com/title/tt0100758,Movie,6.8,93,1990,"Comedy, Sci-Fi, Adventure, Family, Action",113345,"1990-03-30","Steve Barron"
tt0103060,6,2023-11-27,"Teenage Mutant Ninja Turtles II: The Secret of the Ooze","Teenage Mutant Ninja Turtles II: The Secret of the Ooze",https://www.imdb.com/title/tt0103060,Movie,6.1,88,1991,"Comedy, Sci-Fi, Adventure, Family, Action",65074,"1991-03-22","Michael Pressman"
tt0465602,6,2023-11-27,"Shoot 'Em Up","Shoot 'Em Up",https://www.imdb.com/title/tt0465602,Movie,6.6,86,2007,"Action, Thriller, Comedy",159672,"2007-09-07","Michael Davis"
tt1659337,7,2023-11-27,"The Perks of Being a Wallflower","The Perks of Being a Wallflower",https://www.imdb.com/title/tt1659337,Movie,7.9,103,2012,"Drama",603285,"2012-10-12","Stephen Chbosky"
tt22297946,8,2023-11-27,"Brawn: The Impossible Formula 1 Story","Brawn: The Impossible Formula 1 Story",https://www.imdb.com/title/tt22297946,TV Mini Series,8.4,60,2023,"Documentary, Sport",4384,"2023-11-15",
tt0185431,5,2023-11-27,"Little Nicky","Little Nicky",https://www.imdb.com/title/tt0185431,Movie,5.3,90,2000,"Comedy, Fantasy",120208,"2000-11-10","Steven Brill"
tt5755238,7,2023-11-27,"Leo","Leo",https://www.imdb.com/title/tt5755238,Movie,7.0,102,2023,"Animation, Musical, Comedy, Family, Adventure",46970,"2023-11-21","Robert Marianetti,Robert Smigel,David Wachtenheim"
tt13968674,6,2023-11-26,"Fingernails","Fingernails",https://www.imdb.com/title/tt13968674,Movie,5.8,113,2023,"Drama, Sci-Fi, Romance",10783,"2023-11-03","Christos Nikou"
tt0049730,8,2023-11-20,"The Searchers","The Searchers",https://www.imdb.com/title/tt0049730,Movie,7.8,119,1956,"Adventure, Western",103433,"1956-05-26","John Ford"
tt13622776,7,2023-11-20,"Ahsoka","Ahsoka",https://www.imdb.com/title/tt13622776,TV Series,7.4,50,2023,"Action, Adventure, Fantasy, Sci-Fi",143796,"2023-08-22",
tt0085218,8,2023-11-19,"Barefoot Gen","Hadashi no Gen",https://www.imdb.com/title/tt0085218,Movie,8.0,83,1983,"Animation, Biography, History, Drama, War",10549,"1992-06-13","Mori Masaki"
tt13309742,8,2023-11-16,"Blue Eye Samurai","Blue Eye Samurai",https://www.imdb.com/title/tt13309742,TV Series,8.7,45,2023,"Animation, Action, Adventure, Drama, Thriller",106346,"2023-11-03",
tt13957560,6,2023-11-14,"Dumb Money","Dumb Money",https://www.imdb.com/title/tt13957560,Movie,6.8,105,2023,"Drama, Biography, Comedy",63945,"2023-09-29","Craig Gillespie"
tt1136617,7,2023-11-14,"The Killer","The Killer",https://www.imdb.com/title/tt1136617,Movie,6.7,118,2023,"Action, Thriller, Crime, Drama, Adventure",226424,"2023-11-10","David Fincher"
tt0217505,7,2023-11-13,"Gangs of New York","Gangs of New York",https://www.imdb.com/title/tt0217505,Movie,7.5,167,2002,"Crime, Drama",509103,"2002-12-20","Martin Scorsese"
tt13405810,7,2023-11-13,"Quiz Lady","Quiz Lady",https://www.imdb.com/title/tt13405810,Movie,6.7,99,2023,"Comedy",25570,"2023-11-03","Jessica Yu"
tt0952682,7,2023-11-12,"Shotgun Stories","Shotgun Stories",https://www.imdb.com/title/tt0952682,Movie,7.1,92,2007,"Thriller, Drama",12032,"2008-03-26","Jeff Nichols"
tt21996838,6,2023-11-12,"Mister Organ","Mister Organ",https://www.imdb.com/title/tt21996838,Movie,6.6,96,2022,"Documentary",1583,"2023-11-21","David Farrier"
tt3471098,6,2023-11-12,"Maggie's Plan","Maggie's Plan",https://www.imdb.com/title/tt3471098,Movie,6.2,98,2015,"Comedy, Drama, Romance",19503,"2016-04-27","Rebecca Miller"
tt17009710,8,2023-11-09,"Anatomy of a Fall","Anatomie d'une chute",https://www.imdb.com/title/tt17009710,Movie,7.6,151,2023,"Drama, Thriller, Crime, Mystery",236005,"2024-03-22","Justine Triet"
tt8649252,7,2023-11-07,"Scrapper","Scrapper",https://www.imdb.com/title/tt8649252,Movie,6.9,84,2023,"Comedy, Drama",8674,"2023-08-25","Charlotte Regan"
tt20115114,6,2023-11-06,"An Ostrich Told Me the World Is Fake and I Think I Believe It","An Ostrich Told Me the World Is Fake and I Think I Believe It",https://www.imdb.com/title/tt20115114,Short,7.2,11,2022,"Animation, Short, Comedy, Fantasy",2380,"2023-02-17","Lachlan Pendragon"
tt20240228,5,2023-11-06,"The Flying Sailor","The Flying Sailor",https://www.imdb.com/title/tt20240228,Short,5.9,8,2022,"Animation, Short",2370,"2022-10-20","Amanda Forbis,Wendy Tilby"
tt5805752,7,2023-11-06,"Brigsby Bear","Brigsby Bear",https://www.imdb.com/title/tt5805752,Movie,7.3,97,2017,"Drama, Comedy",18928,"2017-09-21","Dave McCary"
tt1142977,7,2023-11-06,"Frankenweenie","Frankenweenie",https://www.imdb.com/title/tt1142977,Movie,6.9,87,2012,"Animation, Comedy, Family, Sci-Fi, Horror, Drama, Thriller, Fantasy",127277,"2012-10-05","Tim Burton"
tt15257160,6,2023-11-06,"Pain Hustlers","Pain Hustlers",https://www.imdb.com/title/tt15257160,Movie,6.6,123,2023,"Crime, Drama",56063,"2023-10-27","David Yates"
tt17663790,7,2023-11-05,"My Year of Dicks","My Year of Dicks",https://www.imdb.com/title/tt17663790,Short,7.1,24,2022,"Animation, Short, Comedy, Romance",3178,"2023-02-17","Sara Gunnarsdóttir"
tt0472205,7,2023-11-05,"Watching the Detectives","Watching the Detectives",https://www.imdb.com/title/tt0472205,Movie,6.2,91,2007,"Comedy, Romance",9725,"2008-09-11","Paul Soter"
tt18394190,6,2023-11-05,"Old Dads","Old Dads",https://www.imdb.com/title/tt18394190,Movie,6.2,104,2023,"Comedy",47864,"2023-10-20","Bill Burr"
tt11426232,6,2023-11-05,"Totally Killer","Totally Killer",https://www.imdb.com/title/tt11426232,Movie,6.5,106,2023,"Comedy, Horror, Sci-Fi, Mystery",70244,"2023-10-06","Nahnatchka Khan"
tt22687790,7,2023-11-04,"A Haunting in Venice","A Haunting in Venice",https://www.imdb.com/title/tt22687790,Movie,6.5,103,2023,"Thriller, Crime, Drama, Mystery, Horror",143113,"2023-09-15","Kenneth Branagh"
tt0142688,6,2023-11-01,"The Ninth Gate","The Ninth Gate",https://www.imdb.com/title/tt0142688,Movie,6.7,133,1999,"Mystery, Thriller",211489,"2000-03-10","Roman Polanski"
tt15567174,8,2023-11-01,"The Fall of the House of Usher","The Fall of the House of Usher",https://www.imdb.com/title/tt15567174,TV Mini Series,7.9,60,2023,"Drama, Horror, Mystery",136885,"2023-10-12",
tt28912758,7,2023-10-26,"The Swan","The Swan",https://www.imdb.com/title/tt28912758,Short,6.7,17,2023,"Short, Comedy, Drama",25456,"2023-09-28","Wes Anderson"
tt7599146,5,2023-10-25,"Sound of Freedom","Sound of Freedom",https://www.imdb.com/title/tt7599146,Movie,7.6,131,2023,"Drama, Thriller, Biography, History, Crime",138930,"2023-07-04","Alejandro Monteverde"
tt0100263,7,2023-10-24,"La Femme Nikita","Nikita",https://www.imdb.com/title/tt0100263,Movie,7.2,117,1990,"Action, Crime, Drama, Thriller",82113,"1991-04","Luc Besson"
tt2382298,8,2023-10-23,"Life Itself","Life Itself",https://www.imdb.com/title/tt2382298,Movie,7.8,121,2014,"Documentary, Biography",16790,"2014-07-04","Steve James"
tt13086266,6,2023-10-22,"Concrete Utopia","Konkeuriteu yutopia",https://www.imdb.com/title/tt13086266,Movie,6.6,130,2023,"Drama, Sci-Fi, Thriller, Adventure, Action",9440,"2023-12-15","Taehwa Um"
tt0265459,7,2023-10-21,"One Hour Photo","One Hour Photo",https://www.imdb.com/title/tt0265459,Movie,6.8,96,2002,"Drama, Thriller",140908,"2002-09-13","Mark Romanek"
tt25471950,8,2023-10-21,"Flora and Son","Flora and Son",https://www.imdb.com/title/tt25471950,Movie,7.0,97,2023,"Comedy, Music, Romance",17019,"2023-09-29","John Carney"
tt16304446,7,2023-10-20,"Fair Play","Fair Play",https://www.imdb.com/title/tt16304446,Movie,6.4,113,2023,"Drama, Thriller",47331,"2023-10-06","Chloe Domont"
tt19719862,8,2023-10-19,"The Worst Ones","Les pires",https://www.imdb.com/title/tt19719862,Movie,6.7,99,2022,"Drama, Comedy",1517,"2023-03-24","Lise Akoka,Romane Gueret"
tt0481256,9,2023-10-17,"Fighting Spirit","Hajime no Ippo",https://www.imdb.com/title/tt0481256,TV Series,8.8,30,2000,"Animation, Action, Comedy, Sport",19285,"2000-10-04",
tt0078902,8,2023-10-16,"Breaking Away","Breaking Away",https://www.imdb.com/title/tt0078902,Movie,7.7,101,1979,"Sport, Comedy, Drama",27771,"1979-07-20","Peter Yates"
tt17024450,6,2023-10-16,"The Equalizer 3","The Equalizer 3",https://www.imdb.com/title/tt17024450,Movie,6.8,109,2023,"Action, Crime, Thriller",164683,"2023-09-01","Antoine Fuqua"
tt15222080,8,2023-10-16,"Blue Lock","Burû Rokku",https://www.imdb.com/title/tt15222080,TV Series,8.1,22,2022,"Animation, Sport, Thriller",33848,"2022-10-08",
tt2935476,6,2023-10-15,"Far from the Madding Crowd","Far from the Madding Crowd",https://www.imdb.com/title/tt2935476,Movie,7.1,119,2015,"Drama, Romance",57954,"2015-05-22","Thomas Vinterberg"
tt13274016,6,2023-10-13,"Reptile","Reptile",https://www.imdb.com/title/tt13274016,Movie,6.8,134,2023,"Thriller, Crime, Drama, Mystery",111282,"2023-09-29","Grant Singer"
tt24146896,7,2023-10-11,"Rotting in the Sun","Rotting in the Sun",https://www.imdb.com/title/tt24146896,Movie,6.8,109,2023,"Comedy, Mystery, Thriller",5046,"2023-09-15","Sebastián Silva"
tt0094812,7,2023-10-11,"Bull Durham","Bull Durham",https://www.imdb.com/title/tt0094812,Movie,7.0,108,1988,"Sport, Romance, Comedy",63378,"1988-06-15","Ron Shelton"
tt28912858,7,2023-10-10,"The Rat Catcher","The Rat Catcher",https://www.imdb.com/title/tt28912858,Short,6.5,17,2023,"Short, Comedy",25872,"2023-09-29","Wes Anderson"
tt28912885,7,2023-10-10,"Poison","Poison",https://www.imdb.com/title/tt28912885,Short,6.8,17,2023,"Short, Comedy, Thriller, Drama",28948,"2023-09-30","Wes Anderson"
tt14524712,7,2023-10-10,"Beckham","Beckham",https://www.imdb.com/title/tt14524712,TV Mini Series,8.1,70,2023,"Documentary, Biography, Sport",40563,"2023-10-04",
tt15789472,5,2023-10-09,"Nowhere","Nowhere",https://www.imdb.com/title/tt15789472,Movie,6.3,109,2023,"Drama, Thriller",50115,"2023-09-29","Albert Pintó"
tt10801534,9,2023-10-08,"How to with John Wilson","How to with John Wilson",https://www.imdb.com/title/tt10801534,TV Series,8.7,30,2020,"Documentary, Comedy",17265,"2020-10-23",
tt0056663,7,2023-10-08,"My Life to Live","Vivre sa vie: film en douze tableaux",https://www.imdb.com/title/tt0056663,Movie,7.8,85,1962,"Drama",37948,"1962-09-20","Jean-Luc Godard"
tt14509110,5,2023-10-08,"No One Will Save You","No One Will Save You",https://www.imdb.com/title/tt14509110,Movie,6.2,93,2023,"Horror, Sci-Fi, Thriller, Mystery",80950,"2023-09-22","Brian Duffield"
tt0067023,8,2023-10-07,"Duel","Duel",https://www.imdb.com/title/tt0067023,TV Movie,7.6,90,1971,"Action, Thriller",86579,"1971-11-13","Steven Spielberg"
tt11858890,7,2023-10-07,"The Creator","The Creator",https://www.imdb.com/title/tt11858890,Movie,6.7,133,2023,"Action, Drama, Sci-Fi, Thriller, Adventure",203562,"2023-09-29","Gareth Edwards"
tt21440780,6,2023-10-04,"How to Blow Up a Pipeline","How to Blow Up a Pipeline",https://www.imdb.com/title/tt21440780,Movie,6.8,104,2022,"Drama, Thriller, Crime, Action",12636,"2023-04-07","Daniel Goldhaber"
tt0087781,7,2023-10-03,"The Natural","The Natural",https://www.imdb.com/title/tt0087781,Movie,7.4,138,1984,"Sport, Drama",58211,"1984-05-11","Barry Levinson"
tt17527468,5,2023-10-02,"Bottoms","Bottoms",https://www.imdb.com/title/tt17527468,Movie,6.7,91,2023,"Comedy",59318,"2024-02-14","Emma Seligman"
tt9048804,6,2023-10-02,"Birth/Rebirth","Birth/Rebirth",https://www.imdb.com/title/tt9048804,Movie,6.2,98,2023,"Horror, Thriller, Drama",10218,"2023-09-05","Lee Moss"
tt15428940,6,2023-10-01,"Jules","Jules",https://www.imdb.com/title/tt15428940,Movie,6.8,87,2023,"Drama, Comedy, Sci-Fi",19649,"2023-08-11","Marc Turtletaub"
tt0067992,7,2023-10-01,"Willy Wonka & the Chocolate Factory","Willy Wonka & the Chocolate Factory",https://www.imdb.com/title/tt0067992,Movie,7.8,100,1971,"Musical, Family, Adventure, Comedy, Fantasy",246150,"1971-06-30","Mel Stuart"
tt0275309,8,2023-09-29,"Dogtown and Z-Boys","Dogtown and Z-Boys",https://www.imdb.com/title/tt0275309,Movie,7.6,91,2001,"Documentary, Sport",13876,"2002-05-10","Stacy Peralta"
tt4495098,6,2023-09-28,"Gran Turismo","Gran Turismo",https://www.imdb.com/title/tt4495098,Movie,7.1,134,2023,"Action, Adventure, Drama, Sport",138002,"2023-08-25","Neill Blomkamp"
tt16968450,8,2023-09-28,"The Wonderful Story of Henry Sugar","The Wonderful Story of Henry Sugar",https://www.imdb.com/title/tt16968450,Short,7.4,40,2023,"Short, Adventure, Comedy, Drama",89959,"2023-09-27","Wes Anderson"
tt21113540,7,2023-09-26,"El Conde","El conde",https://www.imdb.com/title/tt21113540,Movie,6.3,110,2023,"Comedy, Fantasy, History, Horror",16593,"2023-09-15","Pablo Larraín"
tt12648266,7,2023-09-26,"Accused","Accused",https://www.imdb.com/title/tt12648266,Movie,6.3,88,2023,"Thriller",4089,"2023-09-22","Philip Barantini"
tt0349825,7,2023-09-25,"Miracle","Miracle",https://www.imdb.com/title/tt0349825,Movie,7.5,135,2004,"Sport, History, Biography, Drama",64191,"2004-02-06","Gavin O'Connor"
tt9362930,6,2023-09-24,"Blue Beetle","Blue Beetle",https://www.imdb.com/title/tt9362930,Movie,5.9,127,2023,"Sci-Fi, Action, Adventure, Thriller",118761,"2023-08-18","Ángel Manuel Soto"
tt10638522,7,2023-09-24,"Talk to Me","Talk to Me",https://www.imdb.com/title/tt10638522,Movie,7.1,95,2022,"Horror, Thriller",222599,"2023-07-28","Danny Philippou,Michael Philippou"
tt21940010,8,2023-09-24,"A Million Miles Away","A Million Miles Away",https://www.imdb.com/title/tt21940010,Movie,7.3,121,2023,"Drama, Biography",26782,"2023-09-15","Alejandra Márquez Abella"
tt0758794,7,2023-09-21,"We Are Marshall","We Are Marshall",https://www.imdb.com/title/tt0758794,Movie,7.1,131,2006,"Drama, Sport",68145,"2006-12-22","McG"
tt0103772,7,2023-09-20,"Basic Instinct","Basic Instinct",https://www.imdb.com/title/tt0103772,Movie,7.1,127,1992,"Mystery, Drama, Romance, Thriller",245954,"1992-03-20","Paul Verhoeven"
tt0110989,5,2023-09-20,"Richie Rich","Ri¢hie Ri¢h",https://www.imdb.com/title/tt0110989,Movie,5.5,95,1994,"Family, Comedy",79862,"1994-12-21","Donald Petrie"
tt0268995,7,2023-09-20,"The Majestic","The Majestic",https://www.imdb.com/title/tt0268995,Movie,6.9,152,2001,"Romance, Drama",61130,"2001-12-21","Frank Darabont"
tt0091217,8,2023-09-20,"Hoosiers","Hoosiers",https://www.imdb.com/title/tt0091217,Movie,7.4,114,1986,"Sport, Drama",57647,"1987-02-27","David Anspaugh"
tt0445934,6,2023-09-20,"Blades of Glory","Blades of Glory",https://www.imdb.com/title/tt0445934,Movie,6.3,93,2007,"Comedy, Sport",187199,"2007-03-30","Josh Gordon,Will Speck"
tt0107614,8,2023-09-20,"Mrs. Doubtfire","Mrs. Doubtfire",https://www.imdb.com/title/tt0107614,Movie,7.1,125,1993,"Family, Drama, Comedy",318975,"1993-11-24","Chris Columbus"
tt0108002,8,2023-09-20,"Rudy","Rudy",https://www.imdb.com/title/tt0108002,Movie,7.5,114,1993,"Sport, Biography, Drama",75264,"1993-10-22","David Anspaugh"
tt0105435,6,2023-09-19,"Sneakers","Sneakers",https://www.imdb.com/title/tt0105435,Movie,7.1,126,1992,"Mystery, Drama, Comedy, Crime, Thriller",67928,"1992-09-11","Phil Alden Robinson"
tt0388980,7,2023-09-19,"The Greatest Game Ever Played","The Greatest Game Ever Played",https://www.imdb.com/title/tt0388980,Movie,7.4,120,2005,"Drama, Sport, Biography",36346,"2005-09-30","Bill Paxton"
tt15318872,6,2023-09-15,"Werewolf by Night","Werewolf by Night",https://www.imdb.com/title/tt15318872,TV Movie,7.1,52,2022,"Horror, Action, Drama, Mystery, Thriller, Fantasy",80865,"2022-10-07","Michael Giacchino"
tt4154796,9,2023-09-15,"Avengers: Endgame","Avengers: Endgame",https://www.imdb.com/title/tt4154796,Movie,8.4,181,2019,"Action, Sci-Fi, Adventure",1474758,"2019-04-26","Anthony Russo,Joe Russo"
tt0287978,5,2023-09-15,"Daredevil","Daredevil",https://www.imdb.com/title/tt0287978,Movie,5.3,103,2003,"Crime, Sci-Fi, Drama, Action",241373,"2003-02-14","Mark Steven Johnson"
tt0280380,5,2023-09-15,"Trapped","Trapped",https://www.imdb.com/title/tt0280380,Movie,6.1,106,2002,"Crime, Drama, Action, Thriller",27317,"2002-09-20","Luis Mandoki"
tt14483774,7,2023-09-14,"Shortcomings","Shortcomings",https://www.imdb.com/title/tt14483774,Movie,6.4,92,2023,"Comedy, Drama, Romance",4561,"2023-08-04","Randall Park"
tt2415458,7,2023-09-12,"The Wolfpack","The Wolfpack",https://www.imdb.com/title/tt2415458,Movie,7.0,90,2015,"Documentary, Biography",13916,"2015-07-10","Crystal Moselle"
tt24132732,7,2023-09-11,"The Deepest Breath","The Deepest Breath",https://www.imdb.com/title/tt24132732,Movie,7.7,108,2023,"Documentary, Adventure, Sport",17533,"2023-07-19","Laura McGann"
tt0460989,8,2023-09-09,"The Wind That Shakes the Barley","The Wind That Shakes the Barley",https://www.imdb.com/title/tt0460989,Movie,7.5,127,2006,"Drama, War",59531,"2007-03-23","Ken Loach"
tt0070379,8,2023-09-09,"Mean Streets","Mean Streets",https://www.imdb.com/title/tt0070379,Movie,7.1,112,1973,"Thriller, Crime, Drama",129238,"1973-10-14","Martin Scorsese"
tt2872750,7,2023-09-09,"Shaun the Sheep Movie","Shaun the Sheep Movie",https://www.imdb.com/title/tt2872750,Movie,7.3,85,2015,"Animation, Adventure, Family, Comedy, Fantasy",47216,"2015-08-05","Mark Burton,Richard Starzak"
tt0062480,7,2023-09-07,"Weekend","Week end",https://www.imdb.com/title/tt0062480,Movie,6.9,105,1967,"Comedy, Adventure, Drama",16796,"1968-09-27","Jean-Luc Godard"
tt0097351,7,2023-09-07,"Field of Dreams","Field of Dreams",https://www.imdb.com/title/tt0097351,Movie,7.5,107,1989,"Sport, Family, Drama, Fantasy",141417,"1989-05-05","Phil Alden Robinson"
tt0210945,8,2023-09-07,"Remember the Titans","Remember the Titans",https://www.imdb.com/title/tt0210945,Movie,7.8,113,2000,"Sport, Biography, Comedy, Drama",252091,"2000-09-29","Boaz Yakin"
tt1118511,7,2023-09-07,"Wallace & Gromit: A Matter of Loaf and Death","A Matter of Loaf and Death",https://www.imdb.com/title/tt1118511,Short,7.6,29,2008,"Animation, Short, Comedy, Family, Crime, Mystery",21928,"2010-01-01","Nick Park"
tt0100935,6,2023-09-07,"Wild at Heart","Wild at Heart",https://www.imdb.com/title/tt0100935,Movie,7.2,125,1990,"Crime, Thriller, Drama",112540,"1990-08-17","David Lynch"
tt0312004,8,2023-09-07,"Wallace & Gromit: The Curse of the Were-Rabbit","The Curse of the Were-Rabbit",https://www.imdb.com/title/tt0312004,Movie,7.5,85,2005,"Animation, Comedy, Family, Mystery, Sci-Fi, Adventure, Fantasy",158320,"2005-10-07","Steve Box,Nick Park"
tt1517268,7,2023-09-05,"Barbie","Barbie",https://www.imdb.com/title/tt1517268,Movie,6.8,114,2023,"Comedy, Adventure, Fantasy",701759,"2023-07-21","Greta Gerwig"
tt15402976,7,2023-09-04,"Untold","Untold",https://www.imdb.com/title/tt15402976,TV Series,7.2,,2021,"Documentary, Biography, Sport, Crime",10104,"2021-08-10",
tt8589698,7,2023-09-04,"Teenage Mutant Ninja Turtles: Mutant Mayhem","Teenage Mutant Ninja Turtles: Mutant Mayhem",https://www.imdb.com/title/tt8589698,Movie,7.2,99,2023,"Animation, Adventure, Comedy, Crime, Sci-Fi, Family, Fantasy, Action",78946,"2023-08-02","Jeff Rowe,Kyler Spears"
tt0112691,8,2023-08-31,"Wallace & Gromit: A Close Shave","Wallace and Gromit in: A Close Shave",https://www.imdb.com/title/tt0112691,Short,8.1,31,1995,"Animation, Short, Crime, Mystery, Comedy, Family",48213,"1995-12-29","Nick Park"
tt1462764,5,2023-08-30,"Indiana Jones and the Dial of Destiny","Indiana Jones and the Dial of Destiny",https://www.imdb.com/title/tt1462764,Movie,6.5,154,2023,"Action, Adventure, Sci-Fi",235798,"2023-06-30","James Mangold"
tt0108598,8,2023-08-29,"Wallace & Gromit: The Wrong Trousers","The Wrong Trousers",https://www.imdb.com/title/tt0108598,Short,8.3,30,1993,"Animation, Short, Crime, Sci-Fi, Mystery, Comedy, Family",63999,"1993-12-17","Nick Park"
tt0099317,7,2023-08-27,"Creature Comforts","Creature Comforts",https://www.imdb.com/title/tt0099317,Short,7.7,5,1989,"Animation, Short, Family, Comedy",7277,"1990-11-16","Nick Park"
tt0099696,7,2023-08-27,"Cavallette","Cavallette",https://www.imdb.com/title/tt0099696,Short,7.1,9,1990,"Animation, Short, Comedy, History, War, Fantasy",698,"1991-08-30","Bruno Bozzetto"
tt0104361,8,2023-08-27,"Wallace & Gromit: A Grand Day Out","A Grand Day Out",https://www.imdb.com/title/tt0104361,Short,7.7,23,1989,"Animation, Short, Adventure, Sci-Fi, Comedy, Family",41878,"1990-05-18","Nick Park"
tt15671028,6,2023-08-24,"No Hard Feelings","No Hard Feelings",https://www.imdb.com/title/tt15671028,Movie,6.3,103,2023,"Comedy, Romance",220467,"2023-06-23","Gene Stupnitsky"
tt15482680,7,2023-08-22,"Superpowered: The DC Story","Superpowered: The DC Story",https://www.imdb.com/title/tt15482680,TV Mini Series,7.2,,2023,"Documentary, History",643,"2023-07-20",
tt0460829,7,2023-08-19,"Inland Empire","Inland Empire",https://www.imdb.com/title/tt0460829,Movie,6.8,180,2006,"Mystery, Drama, Thriller, Fantasy",69691,"2007-02-07","David Lynch"
tt1375670,5,2023-08-19,"Grown Ups","Grown Ups",https://www.imdb.com/title/tt1375670,Movie,6.0,102,2010,"Comedy",317577,"2010-06-25","Dennis Dugan"
tt0117398,7,2023-08-15,"The Promise","La promesse",https://www.imdb.com/title/tt0117398,Movie,7.7,90,1996,"Drama",9043,"1997-05-16","Jean-Pierre Dardenne,Luc Dardenne"
tt16227002,7,2023-08-15,"War Pony","War Pony",https://www.imdb.com/title/tt16227002,Movie,6.8,115,2022,"Drama",3087,"2023-07-28","Gina Gammell,Riley Keough"
tt15789038,6,2023-08-15,"Elemental","Elemental",https://www.imdb.com/title/tt15789038,Movie,7.0,101,2023,"Animation, Adventure, Fantasy, Comedy, Romance, Family",168159,"2023-06-16","Peter Sohn"
tt12338078,8,2023-08-15,"30 for 30: Lance Part 2","30 for 30: Lance Part 2",https://www.imdb.com/title/tt12338078,TV Episode,7.5,,2020,"Documentary, Sport, Biography, History",630,"2020-05-24","Marina Zenovich"
tt12338076,8,2023-08-15,"30 for 30: Lance Part 1","30 for 30: Lance Part 1",https://www.imdb.com/title/tt12338076,TV Episode,7.5,,2020,"Documentary, Sport, Biography, History",679,"2020-05-24","Marina Zenovich"
tt21805958,7,2023-08-14,"Untold: Johnny Football","Untold: Johnny Football",https://www.imdb.com/title/tt21805958,TV Episode,6.9,70,2023,"Documentary, Biography, Sport, Crime",3768,"2023-08-08","Ryan Duffy"
tt4875844,7,2023-08-14,"The 24 Hour War","The 24 Hour War",https://www.imdb.com/title/tt4875844,Movie,7.2,99,2016,"Documentary, History, Sport",2394,"2016-11-22","Nate Adams,Adam Carolla"
tt0404032,6,2023-08-14,"The Exorcism of Emily Rose","The Exorcism of Emily Rose",https://www.imdb.com/title/tt0404032,Movie,6.7,119,2005,"Drama, Horror, Thriller",150240,"2005-09-09","Scott Derrickson"
tt0369053,7,2023-08-14,"Separate Lies","Separate Lies",https://www.imdb.com/title/tt0369053,Movie,6.4,85,2005,"Drama, Romance, Thriller, Crime",5182,"2005-11-18","Julian Fellowes"
tt0985699,7,2023-08-14,"Valkyrie","Valkyrie",https://www.imdb.com/title/tt0985699,Movie,7.1,121,2008,"Thriller, War, Drama, History",276437,"2008-12-25","Bryan Singer"
tt1139328,7,2023-08-14,"The Ghost Writer","The Ghost Writer",https://www.imdb.com/title/tt1139328,Movie,7.2,128,2010,"Mystery, Thriller, Drama, Crime",177385,"2010-03-19","Roman Polanski"
tt9362722,9,2023-08-13,"Spider-Man: Across the Spider-Verse","Spider-Man: Across the Spider-Verse",https://www.imdb.com/title/tt9362722,Movie,8.5,140,2023,"Animation, Action, Adventure, Sci-Fi, Fantasy, Family",545037,"2023-06-02","Joaquim Dos Santos,Kemp Powers,Justin K. Thompson"
tt5971474,6,2023-08-12,"The Little Mermaid","The Little Mermaid",https://www.imdb.com/title/tt5971474,Movie,7.2,135,2023,"Musical, Family, Fantasy, Romance, Adventure",179841,"2023-05-26","Rob Marshall"
tt0863046,8,2023-08-10,"Flight of the Conchords","Flight of the Conchords",https://www.imdb.com/title/tt0863046,TV Series,8.5,30,2007,"Musical, Comedy, Music",70156,"2007-06-17",
tt0045274,8,2023-08-09,"Umberto D.","Umberto D.",https://www.imdb.com/title/tt0045274,Movie,8.1,89,1952,"Drama",30841,"1955-11-07","Vittorio De Sica"
tt14062858,8,2023-08-08,"Us Again","Us Again",https://www.imdb.com/title/tt14062858,Short,7.8,7,2021,"Animation, Musical, Short, Family, Drama",7893,"2021-03-05","Zach Parrish"
tt2388725,8,2023-08-08,"Paperman","Paperman",https://www.imdb.com/title/tt2388725,Short,8.2,7,2012,"Animation, Short, Comedy, Romance, Family, Fantasy",37136,"2012-11-02","John Kahrs"
tt0120762,8,2023-08-08,"Mulan","Mulan",https://www.imdb.com/title/tt0120762,Movie,7.7,87,1998,"Animation, Musical, War, Fantasy, Comedy, Adventure, Family",349746,"1998-06-19","Tony Bancroft,Barry Cook"
tt0397892,7,2023-08-08,"Bolt","Bolt",https://www.imdb.com/title/tt0397892,Movie,6.8,96,2008,"Animation, Family, Comedy, Adventure, Crime, Drama, Sci-Fi",250402,"2008-11-21","Byron Howard,Chris Williams"
tt0116583,7,2023-08-08,"The Hunchback of Notre Dame","The Hunchback of Notre Dame",https://www.imdb.com/title/tt0116583,Movie,7.0,91,1996,"Animation, Musical, Drama, Romance, Family",186026,"1996-06-21","Gary Trousdale,Kirk Wise"
tt0103639,9,2023-08-08,"Aladdin","Aladdin",https://www.imdb.com/title/tt0103639,Movie,8.0,90,1992,"Animation, Musical, Romance, Adventure, Comedy, Family, Fantasy",504155,"1992-11-25","Ron Clements,John Musker"
tt0120910,7,2023-08-08,"Fantasia 2000","Fantasia 2000",https://www.imdb.com/title/tt0120910,Movie,7.1,75,1999,"Animation, Music, Fantasy, Family",44257,"2000-06-16","James Algar,Gaëtan Brizzi,Paul Brizzi,Hendel Butoy,Francis Glebas,Eric Goldberg,Don Hahn,Pixote Hunt"
tt0097757,9,2023-08-08,"The Little Mermaid","The Little Mermaid",https://www.imdb.com/title/tt0097757,Movie,7.6,83,1989,"Animation, Musical, Fantasy, Adventure, Romance, Family",314473,"1989-11-17","Ron Clements,John Musker"
tt6214928,6,2023-08-07,"1922","1922",https://www.imdb.com/title/tt6214928,Movie,6.2,102,2017,"Crime, Drama, Mystery, Thriller, Horror",79306,"2017-10-20","Zak Hilditch"
tt9698442,7,2023-08-03,"Behind Her Eyes","Behind Her Eyes",https://www.imdb.com/title/tt9698442,TV Mini Series,7.2,50,2021,"Thriller, Drama, Mystery",95782,"2021-02-17",
tt14746834,6,2023-08-02,"After the Bite","After the Bite",https://www.imdb.com/title/tt14746834,Movie,6.1,88,2023,"Documentary",502,"2023-07-26","Ivy Meeropol"
tt0248912,8,2023-08-01,"Into the Arms of Strangers: Stories of the Kindertransport","Into the Arms of Strangers: Stories of the Kindertransport",https://www.imdb.com/title/tt0248912,Movie,7.7,122,2000,"Documentary, War, History",2074,"2000-11-24","Mark Jonathan Harris"
tt0276751,7,2023-08-01,"About a Boy","About a Boy",https://www.imdb.com/title/tt0276751,Movie,7.1,101,2002,"Romance, Drama, Comedy",199602,"2002-05-17","Chris Weitz,Paul Weitz"
tt7909970,7,2023-07-31,"Unbelievable","Unbelievable",https://www.imdb.com/title/tt7909970,TV Mini Series,8.3,48,2019,"Drama, Crime",138600,"2019-09-13",
tt15268244,7,2023-07-30,"Joy Ride","Joy Ride",https://www.imdb.com/title/tt15268244,Movie,6.4,95,2023,"Comedy",31452,"2023-07-07","Adele Lim"
tt15210256,7,2023-07-29,"Stephen Curry: Underrated","Stephen Curry: Underrated",https://www.imdb.com/title/tt15210256,Movie,7.3,110,2023,"Documentary, Sport, Biography",5203,"2023-07-21","Peter Nicks"
tt7493974,8,2023-07-27,"Bodyguard","Bodyguard",https://www.imdb.com/title/tt7493974,TV Mini Series,8.0,60,2018,"Thriller, Crime, Drama, Mystery",172327,"2018-10-24",
tt15171996,7,2023-07-27,"Baking Impossible","Baking Impossible",https://www.imdb.com/title/tt15171996,TV Series,7.0,,2021,"Game-Show, Reality-TV",1726,"2021-10-06",
tt27837442,6,2023-07-24,"Unknown: Killer Robots","Unknown: Killer Robots",https://www.imdb.com/title/tt27837442,Movie,6.4,68,2023,"Documentary",1469,"2023-07-10","Jesse Sweet"
tt9873892,7,2023-07-24,"They Cloned Tyrone","They Cloned Tyrone",https://www.imdb.com/title/tt9873892,Movie,6.7,122,2023,"Comedy, Sci-Fi, Mystery, Thriller",48740,"2023-07-21","Juel Taylor"
tt0479884,6,2023-07-23,"Crank","Crank",https://www.imdb.com/title/tt0479884,Movie,6.9,88,2006,"Action, Crime, Thriller",279031,"2006-09-01","Mark Neveldine,Brian Taylor"
tt10275534,6,2023-07-21,"To Catch a Killer","To Catch a Killer",https://www.imdb.com/title/tt10275534,Movie,6.6,119,2023,"Drama, Crime, Mystery, Thriller, Action",57677,"2023-08-19","Damián Szifron"
tt0116905,7,2023-07-20,"Lone Star","Lone Star",https://www.imdb.com/title/tt0116905,Movie,7.4,135,1996,"Western, Drama, Mystery",36116,"1996-06-21","John Sayles"
tt0420609,7,2023-07-20,"Infamous","Infamous",https://www.imdb.com/title/tt0420609,Movie,7.0,110,2006,"Drama, Biography, Crime",18964,"2006-11-16","Douglas McGrath"
tt1078188,8,2023-07-20,"Boy A","Boy A",https://www.imdb.com/title/tt1078188,Movie,7.5,106,2007,"Drama",40179,"2008-09-04","John Crowley"
tt0317919,8,2023-07-17,"Mission: Impossible III","Mission: Impossible III",https://www.imdb.com/title/tt0317919,Movie,6.9,126,2006,"Action, Adventure, Thriller",427633,"2006-05-05","J.J. Abrams"
tt0454921,8,2023-07-17,"The Pursuit of Happyness","The Pursuit of Happyness",https://www.imdb.com/title/tt0454921,Movie,8.0,117,2006,"Drama, Biography",628183,"2006-12-15","Gabriele Muccino"
tt14230388,7,2023-07-17,"Asteroid City","Asteroid City",https://www.imdb.com/title/tt14230388,Movie,6.4,105,2023,"Comedy, Romance, Drama, Sci-Fi",146451,"2023-06-23","Wes Anderson"
tt16428256,8,2023-07-16,"Suzume","Suzume no Tojimari",https://www.imdb.com/title/tt16428256,Movie,7.6,122,2022,"Animation, Adventure, Fantasy, Drama",65101,"2023-04-14","Makoto Shinkai"
tt5090568,6,2023-07-16,"Transformers: Rise of the Beasts","Transformers: Rise of the Beasts",https://www.imdb.com/title/tt5090568,Movie,6.0,127,2023,"Action, Adventure, Sci-Fi",133186,"2023-06-09","Steven Caple Jr."
tt15172154,8,2023-07-16,"School of Chocolate","School of Chocolate",https://www.imdb.com/title/tt15172154,TV Series,7.6,,2021,"Game-Show, Reality-TV",2817,"2021-11-26",
tt13521006,5,2023-07-12,"Beau Is Afraid","Beau Is Afraid",https://www.imdb.com/title/tt13521006,Movie,6.6,179,2023,"Drama, Comedy, Thriller, Horror",79874,"2023-04-21","Ari Aster"
tt11225228,7,2023-07-11,"Titina","Titina",https://www.imdb.com/title/tt11225228,Movie,7.0,91,2022,"Animation, Adventure, Family, Fantasy",684,"2022-10-21","Kajsa Næss"
tt0070290,7,2023-07-11,"The Last Detail","The Last Detail",https://www.imdb.com/title/tt0070290,Movie,7.5,104,1973,"Drama, Comedy",31347,"1974-02-15","Hal Ashby"
tt6791350,8,2023-07-11,"Guardians of the Galaxy Vol. 3","Guardians of the Galaxy Vol. 3",https://www.imdb.com/title/tt6791350,Movie,7.9,150,2023,"Action, Adventure, Sci-Fi, Comedy, Fantasy",482377,"2023-05-05","James Gunn"
tt9495224,7,2023-07-11,"Black Mirror: Bandersnatch","Black Mirror: Bandersnatch",https://www.imdb.com/title/tt9495224,Movie,7.1,90,2018,"Drama, Thriller, Mystery, Sci-Fi, Fantasy",143717,"2018-12-28","David Slade"
tt13271734,8,2023-07-10,"Lost Ollie","Lost Ollie",https://www.imdb.com/title/tt13271734,TV Mini Series,7.7,45,2022,"Animation, Adventure, Drama, Family, Fantasy, Thriller",2236,"2022-08-24",
tt0443649,5,2023-07-10,"10,000 BC","10,000 BC",https://www.imdb.com/title/tt0443649,Movie,5.2,109,2008,"Adventure, Fantasy, Action, Drama, History",139948,"2008-03-07","Roland Emmerich"
tt1190080,5,2023-07-10,"2012","2012",https://www.imdb.com/title/tt1190080,Movie,5.9,158,2009,"Action, Sci-Fi, Adventure",425195,"2009-11-13","Roland Emmerich"
tt1628841,4,2023-07-10,"Independence Day: Resurgence","Independence Day: Resurgence",https://www.imdb.com/title/tt1628841,Movie,5.2,120,2016,"Action, Sci-Fi, Adventure",201380,"2016-06-24","Roland Emmerich"
tt11703244,5,2023-07-10,"The Blackening","The Blackening",https://www.imdb.com/title/tt11703244,Movie,6.0,97,2022,"Comedy, Horror, Thriller, Mystery",27627,"2023-06-16","Tim Story"
tt0303714,6,2023-07-10,"Barbershop","Barbershop",https://www.imdb.com/title/tt0303714,Movie,6.4,102,2002,"Drama, Comedy",36049,"2002-09-13","Tim Story"
tt3793686,8,2023-07-08,"30 for 30: Slaying the Badger","30 for 30: Slaying the Badger",https://www.imdb.com/title/tt3793686,TV Episode,7.6,79,2014,"Documentary, Sport, Biography, History",968,"2014-07-22","John Dower"
tt18314214,6,2023-07-07,"Is It Cake?","Is It Cake?",https://www.imdb.com/title/tt18314214,TV Series,6.1,40,2022,"Animation, Game-Show, Reality-TV, Comedy",4914,"2022-03-18",
tt26773666,7,2023-07-07,"Close to Vermeer","Dicht bij Vermeer",https://www.imdb.com/title/tt26773666,Movie,7.3,79,2023,"Documentary",558,"2023-03-09","Suzanne Raes"
tt6341832,6,2023-07-06,"Oxygen","Oxygène",https://www.imdb.com/title/tt6341832,Movie,6.5,100,2021,"Sci-Fi, Thriller, Drama, Fantasy",48810,"2021-05-12","Alexandre Aja"
tt0091480,8,2023-07-05,"Manon of the Spring","Manon des sources",https://www.imdb.com/title/tt0091480,Movie,8.0,113,1986,"Drama",25965,"1987-12-04","Claude Berri"
tt0106918,8,2023-07-05,"The Firm","The Firm",https://www.imdb.com/title/tt0106918,Movie,6.9,154,1993,"Thriller, Mystery, Crime, Drama",163238,"1993-06-30","Sydney Pollack"
tt26520932,7,2023-07-04,"Wild Life","Wild Life",https://www.imdb.com/title/tt26520932,Movie,7.1,93,2023,"Documentary",891,"2023-05-26","Jimmy Chin,Elizabeth Chai Vasarhelyi"
tt0351167,6,2023-07-04,"The Cathedral","Katedra",https://www.imdb.com/title/tt0351167,Short,7.2,7,2002,"Animation, Short, Sci-Fi",5112,"2002-03-24","Tomasz Bagiński"
tt6528290,4,2023-07-04,"Knights of the Zodiac","Knights of the Zodiac",https://www.imdb.com/title/tt6528290,Movie,4.4,112,2023,"Action, Adventure, Sci-Fi, Drama, Fantasy",18569,"2023-05-12","Tomasz Bagiński"
tt0186151,7,2023-07-04,"Frequency","Frequency",https://www.imdb.com/title/tt0186151,Movie,7.4,118,2000,"Sci-Fi, Crime, Mystery, Drama, Thriller",124617,"2000-04-28","Gregory Hoblit"
tt27837387,7,2023-07-03,"Unknown: The Lost Pyramid","Unknown: The Lost Pyramid",https://www.imdb.com/title/tt27837387,Movie,6.6,83,2023,"Documentary, History",4054,"2023-07-03","Max Salomon"
tt0190332,9,2023-07-03,"Crouching Tiger, Hidden Dragon","Wo hu cang long",https://www.imdb.com/title/tt0190332,Movie,7.8,120,2000,"Action, Romance, Adventure, Drama, Fantasy",296639,"2001-01-12","Ang Lee"
tt0073341,7,2023-07-02,"The Man Who Would Be King","The Man Who Would Be King",https://www.imdb.com/title/tt0073341,Movie,7.7,129,1975,"War, Drama, Adventure",55817,"1975-12-19","John Huston"
tt7387408,6,2023-07-02,"2048: Nowhere to Run","Blade Runner: 2048 Nowhere to Run",https://www.imdb.com/title/tt7387408,Short,6.8,5,2017,"Short, Action, Sci-Fi, Thriller",8530,"2017-09-14","Luke Scott"
tt7326248,7,2023-07-02,"2036: Nexus Dawn","Blade Runner: 2036 Nexus Dawn",https://www.imdb.com/title/tt7326248,Short,6.9,6,2017,"Short, Sci-Fi, Thriller",9643,"2017-08-30","Luke Scott"
tt7428594,7,2023-07-02,"Blade Runner: Black Out 2022","Burêdo rannâ: Burakku auto 2022",https://www.imdb.com/title/tt7428594,Video,7.3,15,2017,"Animation, Short, Sci-Fi, Action",10918,"2017-09-26","Shin'ichirō Watanabe"
tt8364368,6,2023-07-01,"Crawl","Crawl",https://www.imdb.com/title/tt8364368,Movie,6.1,87,2019,"Horror, Action, Thriller",103822,"2019-07-12","Alexandre Aja"
tt19500164,7,2023-07-01,"Nimona","Nimona",https://www.imdb.com/title/tt19500164,Movie,7.5,101,2023,"Animation, Fantasy, Adventure, Family, Sci-Fi, Action, Comedy, Drama, Thriller",63123,"2023-06-30","Nick Bruno,Troy Quane"
tt25363184,6,2023-06-29,"Stan Lee","Stan Lee",https://www.imdb.com/title/tt25363184,Movie,6.9,86,2023,"Documentary, Biography",3101,"2023-06-16","David Gelb"
tt15364972,6,2023-06-29,"Sanctuary","Sanctuary",https://www.imdb.com/title/tt15364972,Movie,6.2,96,2022,"Drama, Thriller, Romance",13323,"2023-05-19","Zachary Wigon"
tt27731671,7,2023-06-28,"Black Mirror: Demon 79","Black Mirror: Demon 79",https://www.imdb.com/title/tt27731671,TV Episode,6.7,74,2023,"Drama, Thriller, Sci-Fi, Mystery, Crime",29947,"2023-06-15","Toby Haynes"
tt27731663,5,2023-06-28,"Black Mirror: Mazey Day","Black Mirror: Mazey Day",https://www.imdb.com/title/tt27731663,TV Episode,5.3,43,2023,"Drama, Thriller, Sci-Fi, Mystery, Crime",32821,"2023-06-15","Uta Briesewitz"
tt27731623,6,2023-06-28,"Black Mirror: Beyond the Sea","Black Mirror: Beyond the Sea",https://www.imdb.com/title/tt27731623,TV Episode,7.4,79,2023,"Drama, Thriller, Sci-Fi, Mystery, Crime",41974,"2023-06-15","John Crowley"
tt27731608,7,2023-06-28,"Black Mirror: Loch Henry","Black Mirror: Loch Henry",https://www.imdb.com/title/tt27731608,TV Episode,7.3,56,2023,"Drama, Thriller, Sci-Fi, Mystery, Crime",40876,"2023-06-15","Sam Miller"
tt20247352,8,2023-06-28,"Black Mirror: Joan Is Awful","Black Mirror: Joan Is Awful",https://www.imdb.com/title/tt20247352,TV Episode,7.4,58,2023,"Drama, Thriller, Sci-Fi, Mystery, Crime",47280,"2023-06-15","Ally Pankiw"
tt28155718,7,2023-06-27,"That Peter Crouch Film","That Peter Crouch Film",https://www.imdb.com/title/tt28155718,Movie,7.1,85,2023,"Documentary, Biography, Sport",1406,"2023-06-22","Benjamin Hirsch"
tt0364343,6,2023-06-27,"The Final Cut","The Final Cut",https://www.imdb.com/title/tt0364343,Movie,6.1,95,2004,"Sci-Fi, Thriller, Drama",36100,"2004-11-11","Omar Naim"
tt2265534,5,2023-06-27,"The Lifeguard","The Lifeguard",https://www.imdb.com/title/tt2265534,Movie,5.6,98,2013,"Drama, Romance",15643,"2013-07-30","Liz W. Garcia"
tt9054192,6,2023-06-27,"Queenpins","Queenpins",https://www.imdb.com/title/tt9054192,Movie,6.4,110,2021,"Comedy, Crime",29947,"2021-09-10","Aron Gaudet,Gita Pullapilly"
tt8637336,7,2023-06-26,"Burden of Proof","Burden of Proof",https://www.imdb.com/title/tt8637336,TV Mini Series,6.7,229,2023,"Documentary, Thriller, Crime",1449,"2023-06-06",
tt2442560,9,2023-06-25,"Peaky Blinders","Peaky Blinders",https://www.imdb.com/title/tt2442560,TV Series,8.7,60,2013,"Drama, Crime",788078,"2014-09-30",
tt5348176,8,2023-06-25,"Barry","Barry",https://www.imdb.com/title/tt5348176,TV Series,8.3,30,2018,"Comedy, Crime, Drama, Action",144960,"2018-03-25",
tt0439572,7,2023-06-25,"The Flash","The Flash",https://www.imdb.com/title/tt0439572,Movie,6.6,144,2023,"Action, Adventure, Fantasy, Sci-Fi",250835,"2023-06-16","Andy Muschietti"
tt0080661,7,2023-06-23,"Dressed to Kill","Dressed to Kill",https://www.imdb.com/title/tt0080661,Movie,7.0,104,1980,"Crime, Drama, Mystery, Thriller",56011,"1980-07-25","Brian De Palma"
tt15255876,7,2023-06-22,"Emily the Criminal","Emily the Criminal",https://www.imdb.com/title/tt15255876,Movie,6.7,97,2022,"Drama, Crime, Thriller",67916,"2022-08-12","John Patton Ford"
tt17660740,6,2023-06-21,"The Pez Outlaw","The Pez Outlaw",https://www.imdb.com/title/tt17660740,Movie,6.9,85,2022,"Documentary, Comedy, Family, Romance",3311,"2023-06-02","Amy Bandlien Storkel,Bryan Storkel"
tt15462640,7,2023-06-21,"Icahn: The Restless Billionaire","Icahn: The Restless Billionaire",https://www.imdb.com/title/tt15462640,Movie,7.0,101,2022,"Documentary, Biography",1121,"2022-02-15","Bruce David Klein"
tt0180726,7,2023-06-21,"Lifestories: Families in Crisis: Gunplay: The Last Day in the Life of Brian Darling","Lifestories: Families in Crisis: Gunplay: The Last Day in the Life of Brian Darling",https://www.imdb.com/title/tt0180726,TV Episode,7.3,30,1992,"Family, Thriller, Drama",37,"1992-09-19","Daniel Taplitz"
tt18257464,6,2023-06-21,"Polite Society","Polite Society",https://www.imdb.com/title/tt18257464,Movie,6.6,104,2023,"Comedy, Action",13171,"2023-04-28","Nida Manzoor"
tt12263384,7,2023-06-20,"Extraction II","Extraction 2",https://www.imdb.com/title/tt12263384,Movie,7.0,122,2023,"Action, Thriller, Crime",175504,"2023-06-16","Sam Hargrave"
tt4272866,7,2023-06-18,"The Boy and the Beast","Bakemono no ko",https://www.imdb.com/title/tt4272866,Movie,7.6,119,2015,"Animation, Action, Adventure, Fantasy, Drama",30225,"2015-07-11","Mamoru Hosoda"
tt13923216,5,2023-06-17,"Showing Up","Showing Up",https://www.imdb.com/title/tt13923216,Movie,6.3,107,2022,"Comedy, Drama",7506,"2023-05-03","Kelly Reichardt"
tt0083806,7,2023-06-17,"Deathtrap","Deathtrap",https://www.imdb.com/title/tt0083806,Movie,7.0,116,1982,"Crime, Thriller, Drama, Mystery, Comedy",18055,"1982-03-19","Sidney Lumet"
tt2699128,8,2023-06-16,"The Leftovers","The Leftovers",https://www.imdb.com/title/tt2699128,TV Series,8.3,60,2014,"Drama, Fantasy, Mystery, Thriller",133280,"2014-06-29",
tt0072308,7,2023-06-14,"The Towering Inferno","The Towering Inferno",https://www.imdb.com/title/tt0072308,Movie,7.0,165,1974,"Drama, Thriller, Action",53320,"1974-12-14","John Guillermin"
tt0071360,8,2023-06-14,"The Conversation","The Conversation",https://www.imdb.com/title/tt0071360,Movie,7.7,113,1974,"Drama, Thriller, Mystery",137054,"1974-04-12","Francis Ford Coppola"
tt9185206,7,2023-06-13,"Are You There God? It's Me, Margaret.","Are You There God? It's Me, Margaret.",https://www.imdb.com/title/tt9185206,Movie,7.3,106,2023,"Drama, Comedy, Family",38996,"2023-04-28","Kelly Fremon Craig"
tt13456340,8,2023-06-11,"Riceboy Sleeps","Riceboy Sleeps",https://www.imdb.com/title/tt13456340,Movie,7.6,117,2022,"Drama, Family, History, Romance",2488,"2023-03-17","Anthony Shim"
tt21867434,7,2023-06-11,"BlackBerry","BlackBerry",https://www.imdb.com/title/tt21867434,Movie,7.3,120,2023,"Biography, History, Drama, Comedy",71978,"2023-11-13","Matt Johnson"
tt0088128,7,2023-06-11,"Sixteen Candles","Sixteen Candles",https://www.imdb.com/title/tt0088128,Movie,7.0,93,1984,"Romance, Comedy",136148,"1984-05-04","John Hughes"
tt5433140,5,2023-06-11,"Fast X","Fast X",https://www.imdb.com/title/tt5433140,Movie,5.7,141,2023,"Action, Crime, Thriller, Mystery, Adventure",148880,"2023-05-19","Louis Leterrier"
tt0086617,7,2023-06-07,"The Year of Living Dangerously","The Year of Living Dangerously",https://www.imdb.com/title/tt0086617,Movie,7.1,115,1982,"War, Romance, Drama",25029,"1983-02-18","Peter Weir"
tt1772398,7,2023-06-05,"The Strange Thing About the Johnsons","The Strange Thing About the Johnsons",https://www.imdb.com/title/tt1772398,Short,7.0,29,2011,"Short, Drama, Thriller, Horror",13221,"2011-01-22","Ari Aster"
tt8164750,7,2023-06-03,"Other Side of the Box","Other Side of the Box",https://www.imdb.com/title/tt8164750,Short,7.2,15,2018,"Short, Horror, Thriller",4539,"2018-09-01","Caleb Phillips"
tt15120844,6,2023-06-03,"The Ballerina","The Ballerina",https://www.imdb.com/title/tt15120844,Short,6.3,8,2021,"Short, Horror",510,"2021-04-07","Aaron Fradkin"
tt10110418,6,2023-06-03,"Snake Dick","Snake Dick",https://www.imdb.com/title/tt10110418,Short,5.9,8,2020,"Short, Fantasy, Horror",2079,"2020-10-08","David Mahmoudieh"
tt7253316,8,2023-06-03,"The Dollmaker","The Dollmaker",https://www.imdb.com/title/tt7253316,Short,7.3,10,2017,"Short, Horror, Mystery, Thriller",1267,"2017-02-01","Al Lougher"
tt10366206,8,2023-06-01,"John Wick: Chapter 4","John Wick: Chapter 4",https://www.imdb.com/title/tt10366206,Movie,7.6,169,2023,"Action, Crime, Thriller",417439,"2023-03-24","Chad Stahelski"
tt0396171,8,2023-06-01,"Perfume: The Story of a Murderer","Perfume: The Story of a Murderer",https://www.imdb.com/title/tt0396171,Movie,7.5,147,2006,"Drama, Crime, Fantasy",280418,"2007-01-05","Tom Tykwer"
tt0375912,7,2023-06-01,"Layer Cake","Layer Cake",https://www.imdb.com/title/tt0375912,Movie,7.2,105,2004,"Thriller, Crime, Drama",208961,"2005-06-03","Matthew Vaughn"
tt0368794,7,2023-06-01,"I'm Not There","I'm Not There",https://www.imdb.com/title/tt0368794,Movie,6.8,135,2007,"Drama, Music, Biography",63679,"2007-12-07","Todd Haynes"
tt0107692,8,2023-06-01,"Ninja Scroll","Jûbê ninpûchô",https://www.imdb.com/title/tt0107692,Movie,7.8,94,1993,"Animation, Thriller, Fantasy, Action, Drama, Adventure",45131,"1993-06-05","Yoshiaki Kawajiri"
tt0311519,7,2023-05-31,"The Man Without a Past","Mies vailla menneisyyttä",https://www.imdb.com/title/tt0311519,Movie,7.6,97,2002,"Romance, Drama, Comedy",29208,"2002-03-01","Aki Kaurismäki"
tt3322312,7,2023-05-31,"Daredevil","Daredevil",https://www.imdb.com/title/tt3322312,TV Series,8.6,60,2015,"Action, Crime, Drama, Thriller, Sci-Fi",538890,"2015-04-10",
tt14641542,8,2023-05-31,"The Eight Mountains","Le otto montagne",https://www.imdb.com/title/tt14641542,Movie,7.7,147,2022,"Drama",19870,"2022-12-14","Felix van Groeningen,Charlotte Vandermeersch"
tt0086637,7,2023-05-30,"Zelig","Zelig",https://www.imdb.com/title/tt0086637,Movie,7.6,79,1983,"Comedy",46240,"1983-08-25","Woody Allen"
tt1245112,6,2023-05-29,"[Rec]²","(Rec)²",https://www.imdb.com/title/tt1245112,Movie,6.5,85,2009,"Horror, Thriller",85341,"2009-10-02","Jaume Balagueró,Paco Plaza"
tt1038988,7,2023-05-29,"REC","[Rec]",https://www.imdb.com/title/tt1038988,Movie,7.4,78,2007,"Horror, Thriller, Mystery",219317,"2007-11-23","Jaume Balagueró,Paco Plaza"
tt1121794,7,2023-05-25,"Sword of the Stranger","Sutorenjia: Mukô hadan",https://www.imdb.com/title/tt1121794,Movie,7.7,103,2007,"Animation, Action, Adventure",20058,"2009-02-05","Masahiro Andô"
tt13146488,8,2023-05-24,"Peacemaker","Peacemaker",https://www.imdb.com/title/tt13146488,TV Series,8.2,40,2022,"Action, Comedy, Adventure, Sci-Fi, Crime, Fantasy, Drama",197379,"2022-01-13",
tt0175142,5,2023-05-23,"Scary Movie","Scary Movie",https://www.imdb.com/title/tt0175142,Movie,6.3,88,2000,"Comedy",333351,"2000-07-07","Keenen Ivory Wayans"
tt19853258,7,2023-05-21,"Still: A Michael J. Fox Movie","Still",https://www.imdb.com/title/tt19853258,Movie,8.1,95,2023,"Documentary, Biography",18187,"2023-05-12","Davis Guggenheim"
tt1759761,8,2023-05-21,"Veep","Veep",https://www.imdb.com/title/tt1759761,TV Series,8.4,30,2012,"Comedy",72376,"2012-04-22",
tt13345606,6,2023-05-19,"Evil Dead Rise","Evil Dead Rise",https://www.imdb.com/title/tt13345606,Movie,6.5,96,2023,"Horror",175581,"2023-04-21","Lee Cronin"
tt14079374,6,2023-05-18,"14 Peaks: Nothing Is Impossible","14 Peaks: Nothing Is Impossible",https://www.imdb.com/title/tt14079374,Movie,7.7,101,2021,"Documentary, Adventure, Sport, Biography",34686,"2021-11-29","Torquil Jones"
tt0071562,10,2023-05-16,"The Godfather Part II","The Godfather Part II",https://www.imdb.com/title/tt0071562,Movie,9.0,202,1974,"Crime, Drama",1507281,"1974-12-18","Francis Ford Coppola"
tt0816692,10,2023-05-16,"Interstellar","Interstellar",https://www.imdb.com/title/tt0816692,Movie,8.7,169,2014,"Sci-Fi, Adventure, Drama",2587383,"2014-11-07","Christopher Nolan"
tt16419074,7,2023-05-15,"Air","Air",https://www.imdb.com/title/tt16419074,Movie,7.4,111,2023,"Drama, Sport",197732,"2023-04-05","Ben Affleck"
tt1228953,6,2023-05-15,"Big Fan","Big Fan",https://www.imdb.com/title/tt1228953,Movie,6.6,88,2009,"Comedy, Drama, Crime, Sport",10250,"2021-09-18","Robert Siegel"
tt13483866,7,2023-05-15,"Linoleum","Linoleum",https://www.imdb.com/title/tt13483866,Movie,6.5,101,2022,"Drama, Sci-Fi",4498,"2023-06-24","Colin West"
tt6718170,7,2023-05-14,"The Super Mario Bros. Movie","The Super Mario Bros. Movie",https://www.imdb.com/title/tt6718170,Movie,7.0,92,2023,"Animation, Adventure, Family, Comedy, Fantasy",300780,"2023-04-05","Aaron Horvath,Michael Jelenic,Pierre Leduc,Fabien Polack"
tt0364569,9,2023-05-14,"Oldboy","Oldeuboi",https://www.imdb.com/title/tt0364569,Movie,8.3,120,2003,"Mystery, Thriller, Action, Drama",728372,"2003-11-21","Park Chan-wook"
tt19719836,8,2023-05-14,"Return to Seoul","Retour à Séoul",https://www.imdb.com/title/tt19719836,Movie,6.9,119,2022,"Drama",10797,"2022-11-18","Davy Chou"
tt0093010,7,2023-05-14,"Fatal Attraction","Fatal Attraction",https://www.imdb.com/title/tt0093010,Movie,6.9,119,1987,"Drama, Thriller",112521,"1987-09-18","Adrian Lyne"
tt0111470,7,2023-05-12,"Trading Mom","Trading Mom",https://www.imdb.com/title/tt0111470,Movie,5.5,82,1994,"Family, Fantasy, Comedy",2401,"1994-05-13","Tia Brelis"
tt0102492,7,2023-05-12,"My Girl","My Girl",https://www.imdb.com/title/tt0102492,Movie,6.9,102,1991,"Family, Comedy, Romance, Drama",98969,"1991-11-27","Howard Zieff"
tt4873118,7,2023-05-12,"The Covenant","The Covenant",https://www.imdb.com/title/tt4873118,Movie,7.5,123,2023,"Action, Thriller, War, Drama",214346,"2023-04-21","Guy Ritchie"
tt6335734,7,2023-05-11,"The Night Is Short, Walk on Girl","Yoru wa Mijikashi Aruke yo Otome",https://www.imdb.com/title/tt6335734,Movie,7.5,92,2017,"Animation, Comedy, Romance, Adventure, Family, Fantasy",7502,"2017-04-07","Masaaki Yuasa"
tt11358390,6,2023-05-11,"Renfield","Renfield",https://www.imdb.com/title/tt11358390,Movie,6.4,93,2023,"Comedy, Horror, Fantasy, Action",121059,"2023-04-14","Chris McKay"
tt0448011,5,2023-05-10,"Knowing","Knowing",https://www.imdb.com/title/tt0448011,Movie,6.2,121,2009,"Thriller, Sci-Fi, Mystery",263497,"2009-03-20","Alex Proyas"
tt0450385,7,2023-05-10,"1408","1408",https://www.imdb.com/title/tt0450385,Movie,6.8,104,2007,"Horror, Mystery, Fantasy",316474,"2007-06-22","Mikael Håfström"
tt0044741,8,2023-05-07,"Ikiru","Ikiru",https://www.imdb.com/title/tt0044741,Movie,8.3,143,1952,"Drama",103471,"1956-03-25","Akira Kurosawa"
tt2906216,7,2023-05-07,"Dungeons & Dragons: Honor Among Thieves","Dungeons & Dragons: Honor Among Thieves",https://www.imdb.com/title/tt2906216,Movie,7.2,134,2023,"Adventure, Fantasy, Action, Comedy",276832,"2023-03-31","John Francis Daley,Jonathan Goldstein"
tt17663992,6,2023-05-01,"Scream VI","Scream VI",https://www.imdb.com/title/tt17663992,Movie,6.4,122,2023,"Horror, Mystery, Thriller",154808,"2023-03-10","Matt Bettinelli-Olpin,Tyler Gillett"
tt12427158,7,2023-04-27,"A Thousand and One","A Thousand and One",https://www.imdb.com/title/tt12427158,Movie,6.9,117,2023,"Crime, Drama",9364,"2023-03-31","A.V. Rockwell"
tt6823890,7,2023-04-26,"Kaiser: The Greatest Footballer Never to Play Football","Kaiser: The Greatest Footballer Never to Play Football",https://www.imdb.com/title/tt6823890,Movie,7.0,97,2018,"Documentary, Biography, Sport",693,"2018-04-21","Louis Myles"
tt11394296,6,2023-04-26,"Into the Deep","Into the Deep",https://www.imdb.com/title/tt11394296,Movie,6.5,90,2020,"Documentary, Biography, Crime, Mystery",4959,"2022-09-30","Emma Sullivan"
tt14153080,7,2023-04-24,"A Good Person","A Good Person",https://www.imdb.com/title/tt14153080,Movie,7.1,128,2023,"Drama",29593,"2023-03-24","Zach Braff"
tt4955642,8,2023-04-24,"The Good Place","The Good Place",https://www.imdb.com/title/tt4955642,TV Series,8.2,22,2016,"Comedy, Fantasy, Romance, Drama, Mystery",223781,"2016-09-19",
tt0055852,7,2023-04-23,"Cleo from 5 to 7","Cléo de 5 à 7",https://www.imdb.com/title/tt0055852,Movie,7.8,90,1962,"Comedy, Music, Drama",32080,"1962-04-11","Agnès Varda"
tt0109508,7,2023-04-23,"Crumb","Crumb",https://www.imdb.com/title/tt0109508,Movie,8.0,119,1994,"Documentary, Biography, Comedy, Drama",23150,"1995-04-28","Terry Zwigoff"
tt10954600,6,2023-04-23,"Ant-Man and the Wasp: Quantumania","Ant-Man and the Wasp: Quantumania",https://www.imdb.com/title/tt10954600,Movie,6.0,124,2023,"Action, Adventure, Comedy, Sci-Fi",275991,"2023-02-17","Peyton Reed"
tt0108358,8,2023-04-22,"Tombstone","Tombstone",https://www.imdb.com/title/tt0108358,Movie,7.8,130,1993,"History, Biography, Drama, Western",194343,"1993-12-25","George P. Cosmatos"
tt0434706,9,2023-04-20,"Monster","Monster",https://www.imdb.com/title/tt0434706,TV Series,8.8,24,2004,"Animation, Drama, Mystery, Thriller, Crime",73753,"2004-04-06",
tt0399295,8,2023-04-19,"Lord of War","Lord of War",https://www.imdb.com/title/tt0399295,Movie,7.6,122,2005,"Crime, Drama",361720,"2005-09-16","Andrew Niccol"
tt1068646,7,2023-04-17,"The Class","Entre les murs",https://www.imdb.com/title/tt1068646,Movie,7.5,128,2008,"Drama",37601,"2009-03-13","Laurent Cantet"
tt14781036,5,2023-04-10,"Inside","Inside",https://www.imdb.com/title/tt14781036,Movie,5.5,105,2023,"Drama, Thriller",24684,"2023-09-12","Vasilis Katsoupis"
tt10151854,5,2023-04-10,"Shazam! Fury of the Gods","Shazam! Fury of the Gods",https://www.imdb.com/title/tt10151854,Movie,5.9,130,2023,"Adventure, Comedy, Fantasy, Sci-Fi, Action",147355,"2023-03-17","David F. Sandberg"
tt10365998,7,2023-04-09,"Infinity Pool","Infinity Pool",https://www.imdb.com/title/tt10365998,Movie,6.0,117,2023,"Sci-Fi, Thriller, Horror, Mystery, Crime",74859,"2023-01-27","Brandon Cronenberg"
tt1630029,8,2023-04-09,"Avatar: The Way of Water","Avatar: The Way of Water",https://www.imdb.com/title/tt1630029,Movie,7.5,192,2022,"Action, Adventure, Sci-Fi, Fantasy",644451,"2022-12-16","James Cameron"
tt15893750,7,2023-04-08,"Rye Lane","Rye Lane",https://www.imdb.com/title/tt15893750,Movie,7.2,82,2023,"Drama, Comedy, Romance",16530,"2023-03-31","Raine Allen-Miller"
tt12758060,7,2023-04-03,"Tetris","Tetris",https://www.imdb.com/title/tt12758060,Movie,7.4,118,2023,"Biography, Thriller, Drama, History",109709,"2023-03-31","Jon S. Baird"
tt22667880,6,2023-04-01,"The Boy, the Mole, the Fox and the Horse","The Boy, the Mole, the Fox and the Horse",https://www.imdb.com/title/tt22667880,Short,7.8,32,2022,"Animation, Short, Family, Adventure, Comedy, Drama, Fantasy",23186,"2022-12-25","Peter Baynton,Charlie Mackesy"
tt11145118,7,2023-04-01,"Creed III","Creed III",https://www.imdb.com/title/tt11145118,Movie,6.7,116,2023,"Drama, Sport, Action",110096,"2023-03-03","Michael B. Jordan"
tt14625872,7,2023-03-29,"An Irish Goodbye","An Irish Goodbye",https://www.imdb.com/title/tt14625872,Short,7.2,23,2022,"Short, Comedy, Drama",4312,"2022-03-04","Tom Berkeley,Ross White"
tt13365876,7,2023-03-25,"Pinball: The Man Who Saved the Game","Pinball: The Man Who Saved the Game",https://www.imdb.com/title/tt13365876,Movie,7.0,95,2022,"Comedy, Drama, Biography",5482,"2023-03-17","Austin Bragg,Meredith Bragg"
tt16953666,6,2023-03-25,"The Night of the 12th","La nuit du 12",https://www.imdb.com/title/tt16953666,Movie,7.0,115,2022,"Crime, Mystery, Thriller, Drama",13482,"2022-07-13","Dominik Moll"
tt3155298,7,2023-03-22,"Luther: The Fallen Sun","Luther: The Fallen Sun",https://www.imdb.com/title/tt3155298,Movie,6.4,129,2023,"Drama, Crime, Mystery, Thriller, Action",73197,"2023-03-10","Jamie Payne"
tt10954984,8,2023-03-19,"Nope","Nope",https://www.imdb.com/title/tt10954984,Movie,6.8,130,2022,"Horror, Sci-Fi, Mystery, Thriller",321379,"2022-07-22","Jordan Peele"
tt19770238,9,2023-03-19,"Aftersun","Aftersun",https://www.imdb.com/title/tt19770238,Movie,7.6,102,2022,"Drama",131917,"2022-11-18","Charlotte Wells"
tt0083284,6,2023-03-19,"Victory","Victory",https://www.imdb.com/title/tt0083284,Movie,6.7,116,1981,"War, Sport, Drama",36193,"1981-07-31","John Huston"
tt0089927,7,2023-03-19,"Rocky IV","Rocky IV",https://www.imdb.com/title/tt0089927,Movie,6.9,91,1985,"Sport, Drama",248309,"1985-11-27","Sylvester Stallone"
tt0084602,7,2023-03-19,"Rocky III","Rocky III",https://www.imdb.com/title/tt0084602,Movie,6.9,99,1982,"Sport, Drama",231396,"1982-05-28","Sylvester Stallone"
tt0079817,7,2023-03-19,"Rocky II","Rocky II",https://www.imdb.com/title/tt0079817,Movie,7.3,119,1979,"Sport, Drama",253068,"1979-06-15","Sylvester Stallone"
tt0106582,6,2023-03-19,"Cliffhanger","Cliffhanger",https://www.imdb.com/title/tt0106582,Movie,6.5,113,1993,"Adventure, Thriller, Action",149361,"1993-05-28","Renny Harlin"
tt0112401,7,2023-03-19,"Assassins","Assassins",https://www.imdb.com/title/tt0112401,Movie,6.3,133,1995,"Crime, Thriller, Action",92918,"1995-10-06","Richard Donner"
tt0113492,5,2023-03-19,"Judge Dredd","Judge Dredd",https://www.imdb.com/title/tt0113492,Movie,5.6,96,1995,"Thriller, Sci-Fi, Crime, Action",132797,"1995-06-30","Danny Cannon"
tt0132245,4,2023-03-19,"Driven","Driven",https://www.imdb.com/title/tt0132245,Movie,4.6,116,2001,"Sport, Drama, Action",45411,"2001-04-27","Renny Harlin"
tt0479143,7,2023-03-19,"Rocky Balboa","Rocky Balboa",https://www.imdb.com/title/tt0479143,Movie,7.1,102,2006,"Sport, Drama",244970,"2006-12-20","Sylvester Stallone"
tt1206885,5,2023-03-19,"Rambo: Last Blood","Rambo: Last Blood",https://www.imdb.com/title/tt1206885,Movie,6.1,89,2019,"Action, Thriller, Crime",120760,"2019-09-20","Adrian Grunberg"
tt13229894,7,2023-03-18,"God's Crooked Lines","Los renglones torcidos de Dios",https://www.imdb.com/title/tt13229894,Movie,7.1,154,2022,"Mystery, Drama, Thriller",30136,"2022-12-09","Oriol Paulo"
tt12262116,8,2023-03-18,"Thirteen Lives","Thirteen Lives",https://www.imdb.com/title/tt12262116,Movie,7.8,147,2022,"Biography, Drama, Thriller",80727,"2022-08-05","Ron Howard"
tt21374850,7,2023-03-18,"All the Beauty and the Bloodshed","All the Beauty and the Bloodshed",https://www.imdb.com/title/tt21374850,Movie,7.5,113,2022,"Documentary, History, Biography",9393,"2023-02-28","Laura Poitras"
tt10262648,7,2023-03-18,"Compartment Number 6","Hytti nro 6",https://www.imdb.com/title/tt10262648,Movie,7.2,107,2021,"Drama, Romance",18692,"2021-10-29","Juho Kuosmanen"
tt9198364,6,2023-03-17,"Three Thousand Years of Longing","Three Thousand Years of Longing",https://www.imdb.com/title/tt9198364,Movie,6.7,108,2022,"Drama, Fantasy, Romance",73534,"2022-08-26","George Miller"
tt11128440,6,2023-03-17,"Clerks III","Clerks III",https://www.imdb.com/title/tt11128440,Movie,6.2,100,2022,"Comedy, Drama",22331,"2022-09-13","Kevin Smith"
tt14209916,5,2023-03-17,"Cocaine Bear","Cocaine Bear",https://www.imdb.com/title/tt14209916,Movie,5.9,95,2023,"Thriller, Comedy, Crime",128027,"2023-02-24","Elizabeth Banks"
tt7985704,7,2023-03-16,"Operation Fortune: Ruse de Guerre","Operation Fortune: Ruse de Guerre",https://www.imdb.com/title/tt7985704,Movie,6.3,114,2023,"Action, Thriller, Comedy, Adventure",112611,"2023-03-03","Guy Ritchie"
tt0365376,6,2023-03-15,"A Tale of Two Sisters","Janghwa, Hongryeon",https://www.imdb.com/title/tt0365376,Movie,7.1,114,2003,"Horror, Drama, Thriller, Mystery",74971,"2003-06-13","Kim Jee-woon"
tt0375173,6,2023-03-15,"Alfie","Alfie",https://www.imdb.com/title/tt0375173,Movie,6.2,103,2004,"Comedy, Drama, Romance",56758,"2004-11-05","Charles Shyer"
tt10855768,7,2023-03-15,"Missing","Missing",https://www.imdb.com/title/tt10855768,Movie,7.1,111,2023,"Drama, Thriller, Mystery",72712,"2023-01-20","Nicholas D. Johnson,Will Merrick"
tt7272266,5,2023-03-14,"Ten-Cent Daisy","Ten-Cent Daisy",https://www.imdb.com/title/tt7272266,Movie,6.4,90,2021,"Drama",34,"2022-10-28","Lisbon Okafor"
tt19652910,7,2023-03-13,"EO","Eo",https://www.imdb.com/title/tt19652910,Movie,6.7,88,2022,"Drama",17256,"2023-01-21","Jerzy Skolimowski"
tt11212572,6,2023-03-12,"Nocebo","Nocebo",https://www.imdb.com/title/tt11212572,Movie,5.8,96,2022,"Thriller, Horror",9192,"2022-11-22","Lorcan Finnegan"
tt15109082,8,2023-03-12,"The Quiet Girl","An Cailín Ciúin",https://www.imdb.com/title/tt15109082,Movie,7.7,95,2022,"Drama",29578,"2022-05-13","Colm Bairéad"
tt9660502,8,2023-03-12,"Close","Close",https://www.imdb.com/title/tt9660502,Movie,7.8,104,2022,"Drama",48871,"2022-11-01","Lukas Dhont"
tt13833688,8,2023-03-12,"The Whale","The Whale",https://www.imdb.com/title/tt13833688,Movie,7.6,117,2022,"Drama",308620,"2022-12-21","Darren Aronofsky"
tt13669038,7,2023-03-09,"Women Talking","Women Talking",https://www.imdb.com/title/tt13669038,Movie,6.9,104,2022,"Drama",85600,"2023-01-27","Sarah Polley"
tt9051908,8,2023-03-09,"Living","Living",https://www.imdb.com/title/tt9051908,Movie,7.2,102,2022,"Drama",40310,"2022-11-04","Oliver Hermanus"
tt15679400,6,2023-03-02,"Knock at the Cabin","Knock at the Cabin",https://www.imdb.com/title/tt15679400,Movie,6.1,100,2023,"Thriller, Horror, Mystery",142808,"2023-02-03","M. Night Shyamalan"
tt0472458,7,2023-03-01,"Dumplings","Gau ji",https://www.imdb.com/title/tt0472458,Movie,6.7,91,2004,"Drama, Horror",11286,"2004-08-19","Fruit Chan"
tt26160190,7,2023-02-24,"Unlocked","Seumateuponeul tteoreotteuryeosseul ppuninde",https://www.imdb.com/title/tt26160190,Movie,6.5,117,2023,"Crime, Thriller, Drama, Mystery",14532,"2023-02-17","Kim Tae-joon"
tt1084950,6,2023-02-22,"Rachel Getting Married","Rachel Getting Married",https://www.imdb.com/title/tt1084950,Movie,6.6,113,2008,"Drama, Romance",54504,"2008-10-31","Jonathan Demme"
tt12477480,8,2023-02-22,"Decision to Leave","He-eo-jil gyeol-sim",https://www.imdb.com/title/tt12477480,Movie,7.3,139,2022,"Drama, Crime, Mystery, Romance, Thriller",70827,"2022-10-21","Park Chan-wook"
tt0065214,8,2023-02-21,"The Wild Bunch","The Wild Bunch",https://www.imdb.com/title/tt0065214,Movie,7.9,135,1969,"Adventure, Action, Drama, Western",94571,"1969-06-19","Sam Peckinpah"
tt16377862,7,2023-02-16,"All That Breathes","All That Breathes",https://www.imdb.com/title/tt16377862,Movie,7.0,97,2022,"Documentary",5484,"2023-02-07","Shaunak Sen"
tt5884796,6,2023-02-16,"Plane","Plane",https://www.imdb.com/title/tt5884796,Movie,6.5,107,2023,"Action, Thriller, Adventure, Drama",104981,"2023-01-13","Jean-François Richet"
tt15376894,7,2023-02-16,"Saint Omer","Saint Omer",https://www.imdb.com/title/tt15376894,Movie,6.7,122,2022,"Drama",6429,"2022-11-23","Alice Diop"
tt18271440,8,2023-02-14,"Bill Russell: Legend","Bill Russell: Legend",https://www.imdb.com/title/tt18271440,TV Series,7.8,200,2023,"Documentary, Biography, Sport",1854,"2023-02-08",
tt10640346,7,2023-02-12,"Babylon","Babylon",https://www.imdb.com/title/tt10640346,Movie,7.1,189,2022,"Drama, Comedy",209023,"2022-12-23","Damien Chazelle"
tt2948372,8,2023-02-12,"Soul","Soul",https://www.imdb.com/title/tt2948372,Movie,8.0,100,2020,"Animation, Family, Adventure, Fantasy, Music, Comedy, Drama",455569,"2020-12-25","Pete Docter,Kemp Powers"
tt7569576,7,2023-02-12,"The Flight Attendant","The Flight Attendant",https://www.imdb.com/title/tt7569576,TV Series,7.0,,2020,"Thriller, Drama, Mystery, Comedy",67463,"2020-11-18",
tt0374463,7,2023-02-12,"The Pacific","The Pacific",https://www.imdb.com/title/tt0374463,TV Mini Series,8.3,60,2010,"Drama, War, History, Action, Adventure",145087,"2010-03-14",
tt0129387,7,2023-02-08,"There's Something About Mary","There's Something About Mary",https://www.imdb.com/title/tt0129387,Movie,7.1,119,1998,"Romance, Comedy",350369,"1998-07-15","Bobby Farrelly,Peter Farrelly"
tt16377816,7,2023-02-07,"Mars One","Marte Um",https://www.imdb.com/title/tt16377816,Movie,7.4,115,2022,"Drama",2663,"2023-01-05","Gabriel Martins"
tt8760708,6,2023-02-07,"M3GAN","M3GAN",https://www.imdb.com/title/tt8760708,Movie,6.3,102,2022,"Horror, Thriller, Sci-Fi",184005,"2023-01-06","Gerard Johnstone"
tt9114286,6,2023-02-05,"Black Panther: Wakanda Forever","Black Panther: Wakanda Forever",https://www.imdb.com/title/tt9114286,Movie,6.6,161,2022,"Action, Adventure, Sci-Fi, Drama",398101,"2022-11-11","Ryan Coogler"
tt11015214,7,2023-01-31,"Class Action Park","Class Action Park",https://www.imdb.com/title/tt11015214,Movie,7.0,90,2020,"Documentary, Crime",9265,"2020-08-27","Seth Porges,Chris Charles Scott III"
tt15575470,6,2023-01-30,"Project Wolf Hunting","Neukdaesanyang",https://www.imdb.com/title/tt15575470,Movie,6.1,122,2022,"Action, Horror, Crime, Sci-Fi",9620,"2023-05","Hongsun Kim"
tt0348150,6,2023-01-30,"Superman Returns","Superman Returns",https://www.imdb.com/title/tt0348150,Movie,6.1,154,2006,"Sci-Fi, Adventure, Action",304393,"2006-06-30","Bryan Singer"
tt17041964,8,2023-01-29,"Navalny","Navalny",https://www.imdb.com/title/tt17041964,Movie,7.8,99,2022,"Documentary, Biography",69524,"2022-04-11","Daniel Roher"
tt1109624,7,2023-01-27,"Paddington","Paddington",https://www.imdb.com/title/tt1109624,Movie,7.3,95,2014,"Comedy, Family, Fantasy, Adventure",158177,"2015-01-16","Paul King"
tt10332508,9,2023-01-24,"Primal","Primal",https://www.imdb.com/title/tt10332508,TV Series,8.6,22,2019,"Animation, Action, Adventure, Drama, Horror, Fantasy",30644,"2019-10-07",
tt11847410,7,2023-01-23,"The Fallout","The Fallout",https://www.imdb.com/title/tt11847410,Movie,7.0,96,2021,"Drama",43761,"2022-01-27","Megan Park"
tt14176542,7,2023-01-23,"Bardo: False Chronicle of a Handful of Truths","Bardo, falsa crónica de unas cuantas verdades",https://www.imdb.com/title/tt14176542,Movie,6.7,159,2022,"Drama, Comedy",16648,"2022-12-16","Alejandro G. Iñárritu"
tt13622956,7,2023-01-22,"Zootopia+","Zootopia+",https://www.imdb.com/title/tt13622956,TV Series,6.8,8,2022,"Animation, Musical, Short, Adventure, Comedy, Family, Crime, Romance",7444,"2022-11-09",
tt6160448,6,2023-01-19,"White Noise","White Noise",https://www.imdb.com/title/tt6160448,Movie,5.7,136,2022,"Mystery, Drama, Comedy, Horror",48005,"2022-12-30","Noah Baumbach"
tt9764362,8,2023-01-19,"The Menu","The Menu",https://www.imdb.com/title/tt9764362,Movie,7.1,107,2022,"Horror, Thriller, Comedy",510904,"2022-11-18","Mark Mylod"
tt13443470,8,2023-01-17,"Wednesday","Wednesday",https://www.imdb.com/title/tt13443470,TV Series,8.0,45,2022,"Comedy, Fantasy, Mystery, Crime, Horror",505916,"2022-11-23",
tt21816824,7,2023-01-17,"Sr.","Sr.",https://www.imdb.com/title/tt21816824,Movie,7.2,89,2022,"Documentary, Biography",3926,"2022-12-02","Chris Smith"
tt10795658,7,2023-01-15,"Alice in Borderland","Imawa no Kuni no Arisu",https://www.imdb.com/title/tt10795658,TV Series,7.8,50,2020,"Drama, Sci-Fi, Thriller, Mystery, Horror, Action",150997,"2020-12-10",
tt3915174,7,2023-01-13,"Puss in Boots: The Last Wish","Puss in Boots: The Last Wish",https://www.imdb.com/title/tt3915174,Movie,7.9,102,2022,"Animation, Action, Comedy, Fantasy, Adventure, Family, Western",229729,"2022-12-21","Joel Crawford,Januel Mercado"
tt14208870,8,2023-01-12,"The Fabelmans","The Fabelmans",https://www.imdb.com/title/tt14208870,Movie,7.5,151,2022,"Drama, Biography",136550,"2022-11-23","Steven Spielberg"
tt11198810,7,2023-01-12,"She Said","She Said",https://www.imdb.com/title/tt11198810,Movie,7.3,129,2022,"Drama, History, Crime",50080,"2022-11-18","Maria Schrader"
tt13648224,5,2023-01-10,"We're All Going to the World's Fair","We're All Going to the World's Fair",https://www.imdb.com/title/tt13648224,Movie,5.5,86,2021,"Drama, Horror, Fantasy, Mystery",9202,"2022-04-22","Valeria Santiago,Jane Schoenbrun"
tt4384088,7,2023-01-09,"Rage","Ikari",https://www.imdb.com/title/tt4384088,Movie,7.0,142,2016,"Drama, Mystery, Thriller",3722,"2016-09-17","Sang-il Lee"
tt10756184,6,2023-01-09,"Saloum","Saloum",https://www.imdb.com/title/tt10756184,Movie,6.1,84,2021,"Horror, Thriller, Action",3612,"2022-09-08","Jean Luc Herbulot"
tt12003946,6,2023-01-09,"Violent Night","Violent Night",https://www.imdb.com/title/tt12003946,Movie,6.7,112,2022,"Thriller, Action, Comedy",122230,"2022-12-02","Tommy Wirkola"
tt14138650,6,2023-01-09,"The Pale Blue Eye","The Pale Blue Eye",https://www.imdb.com/title/tt14138650,Movie,6.6,128,2022,"Crime, Mystery, Horror, Thriller",142787,"2023-01-06","Scott Cooper"
tt11564570,8,2023-01-08,"Glass Onion","Glass Onion",https://www.imdb.com/title/tt11564570,Movie,7.1,139,2022,"Crime, Thriller, Drama, Mystery, Comedy",530775,"2022-12-23","Rian Johnson"
tt8946378,9,2023-01-08,"Knives Out","Knives Out",https://www.imdb.com/title/tt8946378,Movie,7.9,130,2019,"Crime, Mystery, Thriller, Drama, Comedy",886786,"2019-11-27","Rian Johnson"
tt14895716,7,2023-01-06,"Something in the Dirt","Something in the Dirt",https://www.imdb.com/title/tt14895716,Movie,5.8,116,2022,"Horror, Sci-Fi, Comedy, Mystery",6611,"2022-11-22","Justin Benson,Aaron Moorhead"
tt1322385,7,2023-01-06,"Submarino","Submarino",https://www.imdb.com/title/tt1322385,Movie,7.5,105,2010,"Drama",12571,"2011-09-01","Thomas Vinterberg"
tt15006566,8,2023-01-04,"The Beasts","As bestas",https://www.imdb.com/title/tt15006566,Movie,7.5,137,2022,"Thriller, Drama",26249,"2022-07-20","Rodrigo Sorogoyen"
tt20215392,5,2023-01-03,"Le pupille","Le pupille",https://www.imdb.com/title/tt20215392,Short,6.8,39,2022,"Short, Comedy, Drama",4339,"2022-12-16","Alice Rohrwacher"
tt13872248,6,2023-01-02,"The Sadness","Ku bei",https://www.imdb.com/title/tt13872248,Movie,6.5,99,2021,"Horror, Thriller",27480,"2022-05-12","Rob Jabbaz"
tt0308379,7,2023-01-02,"Dark Water","Honogurai mizu no soko kara",https://www.imdb.com/title/tt0308379,Movie,6.7,101,2002,"Drama, Thriller, Mystery, Horror",37763,"2002-01-19","Hideo Nakata"
tt11535228,7,2023-01-02,"Emergency Declaration","Bisang seoneon",https://www.imdb.com/title/tt11535228,Movie,6.8,141,2021,"Action, Drama, Thriller",12495,"2022-08-03","Han Jae-rim"
tt14444726,8,2023-01-01,"Tár","Tár",https://www.imdb.com/title/tt14444726,Movie,7.4,158,2022,"Drama, Music",110636,"2022-10-28","Todd Field"
tt9214832,6,2022-12-31,"Emma.","Emma.",https://www.imdb.com/title/tt9214832,Movie,6.7,124,2020,"Comedy, Drama, Romance",72796,"2020-03-06","Autumn de Wilde"
tt12590266,9,2022-12-30,"Cyberpunk: Edgerunners","Cyberpunk: Edgerunners",https://www.imdb.com/title/tt12590266,TV Series,8.3,24,2022,"Animation, Sci-Fi, Action, Crime, Adventure, Thriller, Drama",132860,"2022-09-13",
tt12974232,6,2022-12-30,"Wood and Water","Wood and Water",https://www.imdb.com/title/tt12974232,Movie,6.2,79,2021,"Drama",414,"2021-05-01","Jonas Bak"
tt0066769,7,2022-12-29,"The Andromeda Strain","The Andromeda Strain",https://www.imdb.com/title/tt0066769,Movie,7.2,131,1971,"Thriller, Mystery, Sci-Fi",44612,"1971-03-12","Robert Wise"
tt10168670,7,2022-12-29,"Bones and All","Bones and All",https://www.imdb.com/title/tt10168670,Movie,6.8,131,2022,"Horror, Romance, Drama",75207,"2022-11-23","Luca Guadagnino"
tt0117008,8,2022-12-29,"Matilda","Matilda",https://www.imdb.com/title/tt0117008,Movie,7.0,98,1996,"Family, Comedy, Fantasy",198058,"1996-08-02","Danny DeVito"
tt3447590,7,2022-12-29,"Matilda: The Musical","Matilda: The Musical",https://www.imdb.com/title/tt3447590,Movie,7.0,117,2022,"Musical, Comedy, Drama, Family, Fantasy, Music",33716,"2022-12-25","Matthew Warchus"
tt15838850,7,2022-12-28,"The Roundup","Beomjoidosi 2",https://www.imdb.com/title/tt15838850,Movie,7.0,106,2022,"Crime, Thriller, Action",15843,"2022-05-18","Lee Sang-yong"
tt15301048,8,2022-12-28,"Argentina, 1985","Argentina, 1985",https://www.imdb.com/title/tt15301048,Movie,7.6,140,2022,"Drama, Crime, History, Biography",36764,"2022-10-21","Santiago Mitre"
tt16227014,8,2022-12-27,"Fire of Love","Fire of Love",https://www.imdb.com/title/tt16227014,Movie,7.6,98,2022,"Documentary, Biography",16859,"2022-11-11","Sara Dosa"
tt11813216,8,2022-12-27,"The Banshees of Inisherin","The Banshees of Inisherin",https://www.imdb.com/title/tt11813216,Movie,7.6,114,2022,"Drama, Comedy",298844,"2022-11-04","Martin McDonagh"
tt0145681,6,2022-12-26,"The Bone Collector","The Bone Collector",https://www.imdb.com/title/tt0145681,Movie,6.7,118,1999,"Crime, Drama, Thriller, Mystery",201964,"1999-11-05","Phillip Noyce"
tt21819228,7,2022-12-26,"Stutz","Stutz",https://www.imdb.com/title/tt21819228,Movie,7.7,96,2022,"Documentary",19335,"2022-11-14","Jonah Hill"
tt9288822,7,2022-12-26,"The Wonder","The Wonder",https://www.imdb.com/title/tt9288822,Movie,6.6,108,2022,"Thriller, Drama, Mystery",50130,"2022-11-16","Sebastián Lelio"
tt13327038,6,2022-12-26,"Do Revenge","Do Revenge",https://www.imdb.com/title/tt13327038,Movie,6.3,118,2022,"Comedy, Romance, Drama, Thriller",57788,"2022-09-16","Jennifer Kaytin Robinson"
tt1488589,8,2022-12-26,"Guillermo del Toro's Pinocchio","Guillermo del Toro's Pinocchio",https://www.imdb.com/title/tt1488589,Movie,7.6,117,2022,"Animation, Musical, Fantasy, Drama, Family, Adventure",166522,"2022-12-09","Guillermo del Toro,Mark Gustafson"
tt13056052,7,2022-12-26,"Broker","Beurokeo",https://www.imdb.com/title/tt13056052,Movie,7.1,129,2022,"Drama, Comedy, Crime",20981,"2022-06-08","Hirokazu Koreeda"
tt19595494,6,2022-12-24,"Next Exit","Next Exit",https://www.imdb.com/title/tt19595494,Movie,5.7,106,2022,"Mystery, Romance, Sci-Fi, Comedy",2263,"2023-05-11","Mali Elfman"
tt18550140,7,2022-12-24,"Holy Spider","Holy Spider",https://www.imdb.com/title/tt18550140,Movie,7.3,118,2022,"Drama, Crime, Thriller",32429,"2023-01-13","Ali Abbasi"
tt14500584,7,2022-12-24,"Beyond the Infinite Two Minutes","Dorosute no hate de bokura",https://www.imdb.com/title/tt14500584,Movie,7.2,70,2020,"Comedy, Sci-Fi",11222,"2020-06-05","Junta Yamaguchi"
tt13874422,6,2022-12-23,"The Eternal Daughter","The Eternal Daughter",https://www.imdb.com/title/tt13874422,Movie,5.9,96,2022,"Drama, Mystery, Thriller",7776,"2022-12-02","Joanna Hogg"
tt15474916,6,2022-12-23,"Smile","Smile",https://www.imdb.com/title/tt15474916,Movie,6.5,115,2022,"Horror, Mystery, Thriller",246775,"2022-09-30","Parker Finn"
tt10574236,8,2022-12-22,"Station Eleven","Station Eleven",https://www.imdb.com/title/tt10574236,TV Mini Series,7.5,51,2021,"Sci-Fi, Drama, Mystery, Thriller, Adventure, Fantasy",43806,"2021-12-16",
tt0032551,8,2022-12-13,"The Grapes of Wrath","The Grapes of Wrath",https://www.imdb.com/title/tt0032551,Movie,8.1,129,1940,"Drama",107435,"1940-03-15","John Ford"
tt8415836,6,2022-12-12,"Guillermo del Toro's Cabinet of Curiosities","Guillermo del Toro's Cabinet of Curiosities",https://www.imdb.com/title/tt8415836,TV Series,7.0,60,2022,"Horror, Mystery, Drama, Thriller",65440,"2022-10-25",
tt11204260,8,2022-12-12,"I May Destroy You","I May Destroy You",https://www.imdb.com/title/tt11204260,TV Series,8.0,30,2020,"Drama",28605,"2020-06-07",
tt7322224,7,2022-12-11,"Triangle of Sadness","Triangle of Sadness",https://www.imdb.com/title/tt7322224,Movie,7.2,147,2022,"Drama, Comedy",219201,"2022-09-18","Ruben Östlund"
tt12682218,8,2022-12-10,"Scenes from a Marriage","Scenes from a Marriage",https://www.imdb.com/title/tt12682218,TV Mini Series,8.0,60,2021,"Drama",34505,"2021-09-12",
tt18925334,7,2022-12-09,"Pearl","Pearl",https://www.imdb.com/title/tt18925334,Movie,7.0,103,2022,"Horror, Drama, Thriller",162975,"2022-09-16","Ti West"
tt0057729,8,2022-12-07,"The Addams Family","The Addams Family",https://www.imdb.com/title/tt0057729,TV Series,8.0,30,1964,"Family, Horror, Comedy",24403,"1964-09-18",
tt9883832,7,2022-12-05,"Moonage Daydream","Moonage Daydream",https://www.imdb.com/title/tt9883832,Movie,7.6,135,2022,"Documentary, Music, Biography",16586,"2023-04-29","Brett Morgen"
tt4700598,1,2022-12-04,"Taboo: Episode #1.8","Taboo: Episode #1.8",https://www.imdb.com/title/tt4700598,TV Episode,9.0,59,2017,"Drama, Thriller, Mystery",5257,"2017-02-28","Anders Engström"
tt14148074,1,2022-12-04,"Beastars: A Revolutionary Feast","Beastars: A Revolutionary Feast",https://www.imdb.com/title/tt14148074,TV Episode,7.3,23,2021,"Animation, Drama, Fantasy, Mystery, Thriller, Crime, Romance",542,"2021-03-25","Shin'ichi Matsumi"
tt11563912,1,2022-12-04,"The Handmaid's Tale: The Wilderness","The Handmaid's Tale: The Wilderness",https://www.imdb.com/title/tt11563912,TV Episode,8.6,58,2021,"Drama, Thriller, Sci-Fi",4748,"2021-06-16","Liz Garbus"
tt5229638,1,2022-12-04,"Westworld: The Bicameral Mind","Westworld: The Bicameral Mind",https://www.imdb.com/title/tt5229638,TV Episode,9.7,90,2016,"Sci-Fi, Drama, Mystery",33444,"2016-12-04","Jonathan Nolan"
tt22656762,7,2022-12-04,"Dive","La caída",https://www.imdb.com/title/tt22656762,Movie,6.9,95,2022,"Drama, Sport",2648,"2022-11-11","Lucía Puenzo"
tt23022276,6,2022-12-01,"Pepsi, Where's My Jet?","Pepsi, Where's My Jet?",https://www.imdb.com/title/tt23022276,TV Mini Series,7.0,40,2022,"Documentary, History",13714,"2022-11-17",
tt14253846,8,2022-11-30,"Speak No Evil","Speak No Evil",https://www.imdb.com/title/tt14253846,Movie,6.7,97,2022,"Horror, Thriller, Drama, Mystery",65302,"2022-03-17","Christian Tafdrup"
tt0116324,6,2022-11-29,"Flirting with Disaster","Flirting with Disaster",https://www.imdb.com/title/tt0116324,Movie,6.7,92,1996,"Comedy",21108,"1996-04-12","David O. Russell"
tt0181984,7,2022-11-28,"Boiler Room","Boiler Room",https://www.imdb.com/title/tt0181984,Movie,7.0,120,2000,"Crime, Drama, Thriller",60675,"2000-02-18","Ben Younger"
tt13623136,6,2022-11-28,"The Guardians of the Galaxy Holiday Special","The Guardians of the Galaxy Holiday Special",https://www.imdb.com/title/tt13623136,TV Special,6.9,42,2022,"Action, Adventure, Comedy, Sci-Fi",110524,"2022-11-25","James Gunn"
tt0090357,6,2022-11-27,"Young Sherlock Holmes","Young Sherlock Holmes",https://www.imdb.com/title/tt0090357,Movie,6.8,109,1985,"Adventure, Fantasy, Thriller, Mystery",25448,"1985-12-04","Barry Levinson"
tt0435625,7,2022-11-26,"The Descent","The Descent",https://www.imdb.com/title/tt0435625,Movie,7.2,99,2005,"Horror, Adventure, Thriller",275821,"2006-08-04","Neil Marshall"
tt14549466,6,2022-11-26,"Crimes of the Future","Crimes of the Future",https://www.imdb.com/title/tt14549466,Movie,5.8,107,2022,"Horror, Sci-Fi, Drama, Thriller",47416,"2022-05-25","David Cronenberg"
tt10343028,7,2022-11-25,"Armageddon Time","Armageddon Time",https://www.imdb.com/title/tt10343028,Movie,6.4,114,2022,"Drama",18193,"2022-11-04","James Gray"
tt6443346,6,2022-11-24,"Black Adam","Black Adam",https://www.imdb.com/title/tt6443346,Movie,6.1,125,2022,"Action, Sci-Fi, Fantasy, Adventure",307145,"2022-10-21","Jaume Collet-Serra"
tt4273800,7,2022-11-20,"The Good Nurse","The Good Nurse",https://www.imdb.com/title/tt4273800,Movie,6.8,121,2022,"Thriller, Biography, Crime, Drama, Mystery",91780,"2022-10-26","Tobias Lindholm"
tt12374656,8,2022-11-20,"Emily","Emily",https://www.imdb.com/title/tt12374656,Movie,6.8,130,2022,"Drama, Biography, Romance, History",10457,"2022-10-14","Frances O'Connor"
tt1016150,7,2022-11-20,"All Quiet on the Western Front","Im Westen nichts Neues",https://www.imdb.com/title/tt1016150,Movie,7.8,148,2022,"Drama, History, War",343967,"2022-10-28","Edward Berger"
tt10304142,5,2022-11-20,"Amsterdam","Amsterdam",https://www.imdb.com/title/tt10304142,Movie,6.2,134,2022,"Drama, History, Comedy, Mystery, Thriller, Romance",108470,"2022-10-07","David O. Russell"
tt8595016,7,2022-11-18,"My Old School","My Old School",https://www.imdb.com/title/tt8595016,Movie,7.1,104,2022,"Documentary, Biography",1996,"2022-07-29","Jono McLeod"
tt0059742,8,2022-11-17,"The Sound of Music","The Sound of Music",https://www.imdb.com/title/tt0059742,Movie,8.1,174,1965,"Musical, Drama, Biography, Romance, Family",293900,"1965-04-01","Robert Wise"
tt17076046,7,2022-11-17,"Weird: The Al Yankovic Story","Weird: The Al Yankovic Story",https://www.imdb.com/title/tt17076046,Movie,6.8,108,2022,"Musical, Comedy, Music, Crime, Biography, Action",49787,"2022-11-04","Eric Appel"
tt9411972,7,2022-11-17,"Where the Crawdads Sing","Where the Crawdads Sing",https://www.imdb.com/title/tt9411972,Movie,7.2,125,2022,"Drama, Mystery, Thriller, Romance",160366,"2022-07-15","Olivia Newman"
tt4150494,6,2022-11-16,"The Here After","Efterskalv",https://www.imdb.com/title/tt4150494,Movie,6.5,102,2015,"Drama",2185,"2015-10-09","Magnus von Horn"
tt23626160,6,2022-11-16,"Zen: Grogu and Dust Bunnies","Zen: Grogu and Dust Bunnies",https://www.imdb.com/title/tt23626160,Short,5.5,3,2022,"Animation, Short, Sci-Fi",2145,"2022-11-12","Katsuya Kondô"
tt15791034,7,2022-11-15,"Barbarian","Barbarian",https://www.imdb.com/title/tt15791034,Movie,7.0,102,2022,"Thriller, Horror, Mystery",267812,"2022-09-09","Zach Cregger"
tt9140560,8,2022-11-14,"WandaVision","WandaVision",https://www.imdb.com/title/tt9140560,TV Mini Series,7.9,40,2021,"Action, Sci-Fi, Fantasy, Comedy, Mystery, Drama, Romance",421690,"2021-01-15",
tt10160804,7,2022-11-14,"Hawkeye","Hawkeye",https://www.imdb.com/title/tt10160804,TV Mini Series,7.4,60,2021,"Action, Adventure, Crime, Mystery, Sci-Fi, Drama",246974,"2021-11-24",
tt10234724,7,2022-11-14,"Moon Knight","Moon Knight",https://www.imdb.com/title/tt10234724,TV Mini Series,7.3,50,2022,"Action, Adventure, Fantasy",317028,"2022-03-30",
tt10168312,6,2022-11-14,"What If...?","What If...?",https://www.imdb.com/title/tt10168312,TV Series,7.3,32,2021,"Animation, Action, Adventure, Sci-Fi",162256,"2021-08-11",
tt0035446,7,2022-11-14,"To Be or Not to Be","To Be or Not to Be",https://www.imdb.com/title/tt0035446,Movie,8.1,99,1942,"Romance, War, Comedy",50214,"1942-03-06","Ernst Lubitsch"
tt13352968,7,2022-11-13,"Good Luck to You, Leo Grande","Good Luck to You, Leo Grande",https://www.imdb.com/title/tt13352968,Movie,7.2,97,2022,"Comedy, Drama",45117,"2022-06-17","Sophie Hyde"
tt0116908,6,2022-11-13,"The Long Kiss Goodnight","The Long Kiss Goodnight",https://www.imdb.com/title/tt0116908,Movie,6.8,121,1996,"Drama, Crime, Mystery, Thriller, Action",93555,"1996-10-11","Renny Harlin"
tt10192406,7,2022-11-12,"Causeway","Causeway",https://www.imdb.com/title/tt10192406,Movie,6.6,94,2022,"Drama",27366,"2022-11-04","Lila Neugebauer"
tt0123755,7,2022-11-07,"Cube","Cube",https://www.imdb.com/title/tt0123755,Movie,7.1,90,1997,"Horror, Mystery, Sci-Fi",263207,"1997-12-10","Vincenzo Natali"
tt1655389,6,2022-11-07,"Blonde","Blonde",https://www.imdb.com/title/tt1655389,Movie,5.4,167,2022,"Drama, History, Biography",79134,"2022-09-28","Andrew Dominik"
tt7147158,5,2022-11-06,"MK Ultra","MK Ultra",https://www.imdb.com/title/tt7147158,Movie,5.0,98,2022,"Thriller",8596,"2022-10-07","Joseph Sorrentino"
tt0058450,8,2022-11-05,"The Umbrellas of Cherbourg","Les parapluies de Cherbourg",https://www.imdb.com/title/tt0058450,Movie,7.8,91,1964,"Musical, Romance, Drama",35450,"1964-12-16","Jacques Demy"
tt15353964,6,2022-11-05,"Significant Other","Significant Other",https://www.imdb.com/title/tt15353964,Movie,5.7,84,2022,"Sci-Fi, Thriller, Drama, Mystery, Horror",19616,"2022-10-07","Dan Berk,Robert Olsen"
tt0093509,7,2022-11-05,"Matewan","Matewan",https://www.imdb.com/title/tt0093509,Movie,7.9,135,1987,"History, Drama",10659,"1987-08-28","John Sayles"
tt14641788,6,2022-11-05,"Enola Holmes 2","Enola Holmes 2",https://www.imdb.com/title/tt14641788,Movie,6.8,129,2022,"Action, Adventure, Crime, Drama, Mystery",125560,"2022-11-04","Harry Bradbeer"
tt0266987,6,2022-11-03,"Spy Game","Spy Game",https://www.imdb.com/title/tt0266987,Movie,7.1,126,2001,"Crime, Thriller, Action",177955,"2001-11-21","Tony Scott"
tt0073802,7,2022-11-03,"Three Days of the Condor","Three Days of the Condor",https://www.imdb.com/title/tt0073802,Movie,7.4,117,1975,"Mystery, Crime, Thriller",69779,"1975-09-25","Sydney Pollack"
tt0059749,8,2022-11-03,"The Spy Who Came in from the Cold","The Spy Who Came in from the Cold",https://www.imdb.com/title/tt0059749,Movie,7.5,112,1965,"Drama, Thriller",20881,"1965-12-16","Martin Ritt"
tt10857160,5,2022-10-31,"She Hulk: Attorney at Law","She-Hulk: Attorney at Law",https://www.imdb.com/title/tt10857160,TV Mini Series,5.2,35,2022,"Action, Adventure, Comedy, Sci-Fi",211747,"2022-08-18",
tt0062310,6,2022-10-30,"The Stranger","Lo straniero",https://www.imdb.com/title/tt0062310,Movie,7.1,104,1967,"Drama",3741,"1967-12-18","Luchino Visconti"
tt0089175,5,2022-10-30,"Fright Night","Fright Night",https://www.imdb.com/title/tt0089175,Movie,7.1,106,1985,"Horror",88848,"1985-08-02","Tom Holland"
tt0088850,6,2022-10-28,"Brewster's Millions","Brewster's Millions",https://www.imdb.com/title/tt0088850,Movie,6.5,102,1985,"Comedy",47489,"1985-05-22","Walter Hill"
tt0025316,7,2022-10-27,"It Happened One Night","It Happened One Night",https://www.imdb.com/title/tt0025316,Movie,8.1,105,1934,"Romance, Comedy",120344,"1934-02-22","Frank Capra"
tt16376494,6,2022-10-26,"Descendant","Descendant",https://www.imdb.com/title/tt16376494,Movie,7.1,109,2022,"Documentary, History",1594,"2022-10-21","Margaret Brown"
tt0375233,7,2022-10-24,"Innocence","Innocence",https://www.imdb.com/title/tt0375233,Movie,6.8,122,2004,"Drama, Mystery",7029,"2005-01-12","Lucile Hadzihalilovic"
tt15325794,6,2022-10-19,"Fall","Fall",https://www.imdb.com/title/tt15325794,Movie,6.4,107,2022,"Thriller, Action",142790,"2022-08-12","Scott Mann"
tt0395169,8,2022-10-18,"Hotel Rwanda","Hotel Rwanda",https://www.imdb.com/title/tt0395169,Movie,8.1,121,2004,"Drama, War, History, Biography",394046,"2005-02-04","Terry George"
tt12908110,6,2022-10-18,"Mr. Harrigan's Phone","Mr. Harrigan's Phone",https://www.imdb.com/title/tt12908110,Movie,6.0,104,2022,"Horror, Drama, Mystery",44880,"2022-10-05","John Lee Hancock"
tt0443295,5,2022-10-17,"Yours, Mine & Ours","Yours, Mine & Ours",https://www.imdb.com/title/tt0443295,Movie,5.5,88,2005,"Comedy, Romance, Family",32740,"2005-11-23","Raja Gosnell"
tt1023111,5,2022-10-17,"Never Back Down","Never Back Down",https://www.imdb.com/title/tt1023111,Movie,6.6,113,2008,"Action, Drama, Sport",112111,"2008-03-14","Jeff Wadlow"
tt0204993,7,2022-10-14,"Dark Angel","Dark Angel",https://www.imdb.com/title/tt0204993,TV Series,7.4,60,2000,"Action, Drama, Mystery, Sci-Fi",36438,"2000-10-03",
tt20225374,6,2022-10-13,"Vesper","Vesper",https://www.imdb.com/title/tt20225374,Movie,6.0,114,2022,"Drama, Sci-Fi, Adventure, Thriller",27396,"2022-09-30","Kristina Buozyte,Bruno Samper"
tt8110652,7,2022-10-12,"Bodies Bodies Bodies","Bodies Bodies Bodies",https://www.imdb.com/title/tt8110652,Movie,6.1,94,2022,"Horror, Comedy, Thriller, Mystery",91489,"2022-08-12","Halina Reijn"
tt0444682,5,2022-10-11,"The Reaping","The Reaping",https://www.imdb.com/title/tt0444682,Movie,5.6,99,2007,"Horror, Thriller",46289,"2007-04-05","Stephen Hopkins"
tt0979432,9,2022-10-10,"Boardwalk Empire","Boardwalk Empire",https://www.imdb.com/title/tt0979432,TV Series,8.5,60,2010,"Drama, Crime",219425,"2010-09-19",
tt10687116,7,2022-10-09,"Entergalactic","Entergalactic",https://www.imdb.com/title/tt10687116,Movie,7.4,93,2022,"Animation, Music, Comedy, Romance",21273,"2022-09-30","Fletcher Moules"
tt2279864,6,2022-10-09,"Clear History","Clear History",https://www.imdb.com/title/tt2279864,TV Movie,6.4,101,2013,"Comedy",20817,"2013-08-10","Greg Mottola"
tt0497116,7,2022-10-08,"An Inconvenient Truth","An Inconvenient Truth",https://www.imdb.com/title/tt0497116,Movie,7.4,96,2006,"Documentary",87118,"2006-06-30","Davis Guggenheim"
tt0420223,8,2022-10-06,"Stranger Than Fiction","Stranger Than Fiction",https://www.imdb.com/title/tt0420223,Movie,7.5,113,2006,"Fantasy, Drama, Romance, Comedy",246448,"2006-11-10","Marc Forster"
tt0449089,5,2022-10-06,"RV","RV",https://www.imdb.com/title/tt0449089,Movie,5.6,99,2006,"Adventure, Comedy, Family",67759,"2006-04-28","Barry Sonnenfeld"
tt11909878,6,2022-10-06,"Hocus Pocus 2","Hocus Pocus 2",https://www.imdb.com/title/tt11909878,Movie,6.0,103,2022,"Comedy, Fantasy, Family",59717,"2022-09-30","Anne Fletcher"
tt0107120,7,2022-10-05,"Hocus Pocus","Hocus Pocus",https://www.imdb.com/title/tt0107120,Movie,6.9,96,1993,"Fantasy, Family, Comedy",173521,"1993-07-16","Kenny Ortega"
tt0178868,7,2022-10-05,"Ringu","Ringu",https://www.imdb.com/title/tt0178868,Movie,7.2,96,1998,"Mystery, Horror",86920,"1998-01-31","Hideo Nakata"
tt12593682,6,2022-10-05,"Bullet Train","Bullet Train",https://www.imdb.com/title/tt12593682,Movie,7.3,127,2022,"Action, Thriller, Comedy",544458,"2022-08-05","David Leitch"
tt16116174,7,2022-10-04,"Harry Potter 20th Anniversary: Return to Hogwarts","Harry Potter 20th Anniversary: Return to Hogwarts",https://www.imdb.com/title/tt16116174,TV Special,8.0,102,2022,"Documentary, Family",50440,"2022-01-01","Casey Patterson,Joe Pearlman,Eran Creevy,Giorgio Testi"
tt20782578,8,2022-10-03,"Mind Over Murder","Mind Over Murder",https://www.imdb.com/title/tt20782578,TV Mini Series,7.2,60,2022,"Documentary, Crime, Mystery, Biography",2472,"2022-06-20",
tt3718778,8,2022-10-02,"Over the Garden Wall","Over the Garden Wall",https://www.imdb.com/title/tt3718778,TV Mini Series,8.7,11,2014,"Animation, Short, Fantasy, Adventure, Drama, Family, Horror, Mystery, Comedy, Music",91353,"2014-11-03",
tt15445056,7,2022-10-02,"Athena","Athena",https://www.imdb.com/title/tt15445056,Movie,6.8,99,2022,"Drama, Action, Thriller",25976,"2022-09-23","Romain Gavras"
tt1453405,7,2022-09-28,"Monsters University","Monsters University",https://www.imdb.com/title/tt1453405,Movie,7.2,104,2013,"Animation, Comedy, Adventure, Family, Fantasy",429454,"2013-06-21","Dan Scanlon"
tt0380389,5,2022-09-28,"Goal! The Dream Begins","Goal!",https://www.imdb.com/title/tt0380389,Movie,6.7,118,2005,"Drama, Sport, Romance",69189,"2006-05-12","Danny Cannon"
tt13406094,8,2022-09-27,"The White Lotus","The White Lotus",https://www.imdb.com/title/tt13406094,TV Series,8.0,60,2021,"Comedy, Drama, Mystery",331432,"2021-07-11",
tt14126234,8,2022-09-26,"100 Foot Wave","100 Foot Wave",https://www.imdb.com/title/tt14126234,TV Series,8.1,60,2021,"Documentary, Sport",3612,"2021-07-18",
tt0280249,9,2022-09-26,"Dragon Ball","Dragon Ball",https://www.imdb.com/title/tt0280249,TV Series,8.5,24,1995,"Animation, Action, Adventure, Fantasy, Thriller, Sci-Fi",76815,"2001-08-20",
tt0475784,8,2022-09-26,"Westworld","Westworld",https://www.imdb.com/title/tt0475784,TV Series,8.4,60,2016,"Sci-Fi, Drama, Mystery",560081,"2016-10-02",
tt1606375,10,2022-09-26,"Downton Abbey","Downton Abbey",https://www.imdb.com/title/tt1606375,TV Series,8.7,60,2010,"Drama, Romance",248118,"2011-01-09",
tt8420184,9,2022-09-26,"The Last Dance","The Last Dance",https://www.imdb.com/title/tt8420184,TV Mini Series,9.0,50,2020,"Documentary, Biography, History, Sport",183069,"2020-04-19",
tt1492030,8,2022-09-25,"Mildred Pierce","Mildred Pierce",https://www.imdb.com/title/tt1492030,TV Mini Series,7.6,60,2011,"Drama, Crime, Mystery",26386,"2011-03-27",
tt5052448,8,2022-09-25,"Get Out","Get Out",https://www.imdb.com/title/tt5052448,Movie,7.8,104,2017,"Horror, Mystery, Thriller",832405,"2017-02-24","Jordan Peele"
tt10155688,8,2022-09-23,"Mare of Easttown","Mare of Easttown",https://www.imdb.com/title/tt10155688,TV Mini Series,8.4,60,2021,"Drama, Crime, Mystery",225626,"2021-04-18",
tt5973626,7,2022-09-22,"Batman: Return of the Caped Crusaders","Batman: Return of the Caped Crusaders",https://www.imdb.com/title/tt5973626,Movie,6.7,78,2016,"Animation, Action, Adventure, Comedy, Crime, Sci-Fi, Family",7069,"2016-10-11","Rick Morales"
tt17632322,7,2022-09-21,"Guillermo Pérez Roldán confidencial","Guillermo Pérez Roldán confidencial",https://www.imdb.com/title/tt17632322,TV Series,7.9,,2022,"Documentary",74,"2022-08-24",
tt4508902,9,2022-09-21,"One Punch Man","One Punch Man: Wanpanman",https://www.imdb.com/title/tt4508902,TV Series,8.6,24,2015,"Animation, Action, Comedy, Sci-Fi, Fantasy",228728,"2015-10-05",
tt7366338,9,2022-09-20,"Chernobyl","Chernobyl",https://www.imdb.com/title/tt7366338,TV Mini Series,9.3,60,2019,"Drama, History, Thriller",1056666,"2019-05-06",
tt13223398,5,2022-09-15,"Beast","Beast",https://www.imdb.com/title/tt13223398,Movie,5.6,93,2022,"Thriller, Adventure, Drama, Horror, Action",49074,"2022-08-19","Baltasar Kormákur"
tt0244244,5,2022-09-15,"Swordfish","Swordfish",https://www.imdb.com/title/tt0244244,Movie,6.5,99,2001,"Crime, Thriller, Action",204266,"2001-06-08","Dominic Sena"
tt3032476,10,2022-09-14,"Better Call Saul","Better Call Saul",https://www.imdb.com/title/tt3032476,TV Series,9.0,45,2015,"Crime, Drama",855568,"2015-02-08",
tt13650600,6,2022-09-14,"Emergency","Emergency",https://www.imdb.com/title/tt13650600,Movie,6.2,105,2022,"Comedy, Drama, Thriller",10873,"2022-05-27","Carey Williams"
tt6856242,6,2022-09-12,"The King's Man","The King's Man",https://www.imdb.com/title/tt6856242,Movie,6.3,131,2021,"Action, Adventure, Thriller, War",197972,"2021-12-22","Matthew Vaughn"
tt11540726,5,2022-09-11,"Resurrection","Resurrection",https://www.imdb.com/title/tt11540726,Movie,5.9,103,2022,"Thriller, Horror, Crime, Drama, Mystery",14024,"2022-08-05","Andrew Semans"
tt15339456,8,2022-09-11,"Marcel the Shell with Shoes On","Marcel the Shell with Shoes On",https://www.imdb.com/title/tt15339456,Movie,7.6,90,2021,"Animation, Comedy, Family, Fantasy, Drama",34282,"2022-07-15","Dean Fleischer Camp"
tt11697844,8,2022-09-11,"There Is No Evil","Sheytan vojood nadarad",https://www.imdb.com/title/tt11697844,Movie,7.5,151,2020,"Drama",8061,"2021-05-14","Mohammad Rasoulof"
tt10648342,6,2022-09-09,"Thor: Love and Thunder","Thor: Love and Thunder",https://www.imdb.com/title/tt10648342,Movie,6.1,118,2022,"Adventure, Romance, Sci-Fi, Comedy, Action",470143,"2022-07-08","Taika Waititi"
tt0139809,7,2022-09-08,"The Thirteenth Floor","The Thirteenth Floor",https://www.imdb.com/title/tt0139809,Movie,7.0,100,1999,"Sci-Fi, Thriller, Mystery",83688,"1999-05-28","Josef Rusnak"
tt8912936,7,2022-09-08,"DC League of Super-Pets","DC League of Super-Pets",https://www.imdb.com/title/tt8912936,Movie,6.8,105,2022,"Animation, Action, Comedy, Family, Adventure, Fantasy, Sci-Fi, Crime",80641,"2022-07-29","Jared Stern,Samuel J. Levine"
tt11138512,8,2022-09-06,"The Northman","The Northman",https://www.imdb.com/title/tt11138512,Movie,7.0,137,2022,"Drama, Adventure, Thriller, Action, History, Fantasy",304599,"2022-04-22","Robert Eggers"
tt8296030,6,2022-09-05,"You Won't Be Alone","You Won't Be Alone",https://www.imdb.com/title/tt8296030,Movie,6.4,108,2022,"Horror, Drama, Fantasy",14075,"2022-05-16","Goran Stolevski"
tt8976576,5,2022-09-05,"Vampires vs. the Bronx","Vampires vs. the Bronx",https://www.imdb.com/title/tt8976576,Movie,5.7,85,2020,"Comedy, Horror",12101,"2020-10-02","Oz Rodriguez"
tt21448508,6,2022-09-05,"Untold: Operation Flagrant Foul","Untold: Operation Flagrant Foul",https://www.imdb.com/title/tt21448508,TV Episode,6.8,76,2022,"Documentary, Biography, Sport, Crime",2837,"2022-08-30","David Terry Fine"
tt0104691,8,2022-08-30,"The Last of the Mohicans","The Last of the Mohicans",https://www.imdb.com/title/tt0104691,Movie,7.6,112,1992,"Adventure, Action, Drama, Romance, War",208842,"1992-09-25","Michael Mann"
tt0093105,7,2022-08-29,"Good Morning, Vietnam","Good Morning, Vietnam",https://www.imdb.com/title/tt0093105,Movie,7.3,121,1987,"Biography, Drama, War, Comedy",166925,"1988-01-15","Barry Levinson"
tt13623148,6,2022-08-29,"I Am Groot","I Am Groot",https://www.imdb.com/title/tt13623148,TV Series,6.7,4,2022,"Animation, Short, Action, Adventure, Comedy, Fantasy, Sci-Fi",47356,"2022-08-10",
tt0066473,7,2022-08-29,"Tora! Tora! Tora!","Tora! Tora! Tora!",https://www.imdb.com/title/tt0066473,Movie,7.5,144,1970,"History, Action, Drama, War",40106,"1970-09-23","Richard Fleischer,Kinji Fukasaku,Toshio Masuda,Akira Kurosawa"
tt11703050,7,2022-08-28,"The House","The House",https://www.imdb.com/title/tt11703050,Movie,6.8,97,2022,"Animation, Comedy, Drama, Mystery, Thriller, Fantasy, Horror",26261,"2022-01-14","Paloma Baeza,Emma De Swaef,Niki Lindroth von Bahr,Marc James Roels"
tt9208876,6,2022-08-28,"The Falcon and the Winter Soldier","The Falcon and the Winter Soldier",https://www.imdb.com/title/tt9208876,TV Mini Series,7.1,50,2021,"Action, Adventure, Sci-Fi, Drama",284429,"2021-03-19",
tt13270424,6,2022-08-27,"Brian and Charles","Brian and Charles",https://www.imdb.com/title/tt13270424,Movie,6.7,90,2022,"Comedy, Drama, Sci-Fi",10424,"2022-09-30","Jim Archer"
tt13328800,7,2022-08-27,"Girl Picture","Tytöt tytöt tytöt",https://www.imdb.com/title/tt13328800,Movie,6.9,100,2022,"Romance, Drama",3671,"2022-08-12","Alli Haapasalo"
tt11976532,7,2022-08-25,"Vengeance","Vengeance",https://www.imdb.com/title/tt11976532,Movie,6.8,107,2022,"Thriller, Comedy, Mystery, Music",42049,"2022-07-29","B.J. Novak"
tt21388560,6,2022-08-24,"Untold: The Rise and Fall of AND1","Untold: The Rise and Fall of AND1",https://www.imdb.com/title/tt21388560,TV Episode,6.8,68,2022,"Documentary, Biography, Sport, Crime",3177,"2022-08-23","Kevin Wilson Jr."
tt0310793,8,2022-08-24,"Bowling for Columbine","Bowling for Columbine",https://www.imdb.com/title/tt0310793,Movie,7.9,120,2002,"Documentary, Crime, Drama",152549,"2002-11-15","Michael Moore"
tt0100234,7,2022-08-23,"Close-Up","Nema-ye nazdik",https://www.imdb.com/title/tt0100234,Movie,8.2,98,1990,"Biography, Crime, Drama",27238,"1991-10-30","Abbas Kiarostami"
tt12004038,6,2022-08-23,"Watcher","Watcher",https://www.imdb.com/title/tt12004038,Movie,6.3,96,2022,"Thriller, Drama, Horror, Mystery",62355,"2022-06-03","Chloe Okuno"
tt8178634,8,2022-08-21,"RRR","RRR (Rise Roar Revolt)",https://www.imdb.com/title/tt8178634,Movie,7.8,187,2022,"Action, Drama, Adventure",226263,"2022-03-25","S.S. Rajamouli"
tt0831887,4,2022-08-21,"The Spirit","The Spirit",https://www.imdb.com/title/tt0831887,Movie,4.8,103,2008,"Action, Fantasy, Thriller, Crime",64449,"2008-12-25","Frank Miller"
tt0206275,5,2022-08-19,"Save the Last Dance","Save the Last Dance",https://www.imdb.com/title/tt0206275,Movie,6.2,112,2001,"Music, Romance, Drama",69332,"2001-01-12","Thomas Carter"
tt0147800,7,2022-08-19,"10 Things I Hate About You","10 Things I Hate About You",https://www.imdb.com/title/tt0147800,Movie,7.4,97,1999,"Drama, Romance, Comedy",458156,"1999-03-31","Gil Junger"
tt5113044,6,2022-08-16,"Minions: The Rise of Gru","Minions: The Rise of Gru",https://www.imdb.com/title/tt5113044,Movie,6.5,87,2022,"Animation, Adventure, Comedy, Family, Sci-Fi, Crime",108448,"2022-07-01","Kyle Balda,Brad Ableson,Jonathan del Val"
tt2293640,6,2022-08-16,"Minions","Minions",https://www.imdb.com/title/tt2293640,Movie,6.4,91,2015,"Animation, Comedy, Family, Adventure, Sci-Fi, Crime",288941,"2015-07-10","Kyle Balda,Pierre Coffin"
tt7214954,6,2022-08-16,"Luck","Luck",https://www.imdb.com/title/tt7214954,Movie,6.5,105,2022,"Animation, Adventure, Comedy, Family, Fantasy",36132,"2022-08-05","Peggy Holmes,Javier Abad"
tt13668894,5,2022-08-12,"The Book of Boba Fett","The Book of Boba Fett",https://www.imdb.com/title/tt13668894,TV Mini Series,7.1,50,2021,"Action, Adventure, Sci-Fi",212278,"2021-12-29",
tt13841850,6,2022-08-09,"Men","Men",https://www.imdb.com/title/tt13841850,Movie,6.0,100,2022,"Drama, Horror, Fantasy, Thriller",80315,"2022-05-20","Alex Garland"
tt9412098,7,2022-08-09,"Fyre","Fyre",https://www.imdb.com/title/tt9412098,Movie,7.2,97,2019,"Documentary, Music, Crime",54841,"2019-01-18","Chris Smith"
tt14152756,8,2022-08-08,"Seaspiracy","Seaspiracy",https://www.imdb.com/title/tt14152756,Movie,8.1,89,2021,"Documentary, Adventure",35815,"2021-03-24","Ali Tabrizi"
tt3748512,7,2022-08-08,"Hitchcock/Truffaut","Hitchcock/Truffaut",https://www.imdb.com/title/tt3748512,Movie,7.3,79,2015,"Documentary",7649,"2016-03-31","Kent Jones"
tt21217912,7,2022-08-08,"Trainwreck: Woodstock '99","Trainwreck: Woodstock '99",https://www.imdb.com/title/tt21217912,TV Mini Series,7.4,45,2022,"Documentary, History, Music",25128,"2022-08-02",
tt1263670,7,2022-08-08,"Crazy Heart","Crazy Heart",https://www.imdb.com/title/tt1263670,Movie,7.2,112,2009,"Drama, Music, Romance",99555,"2010-02-05","Scott Cooper"
tt11866324,7,2022-08-08,"Prey","Prey",https://www.imdb.com/title/tt11866324,Movie,7.1,100,2022,"Sci-Fi, Thriller, Action, Adventure, Horror",276214,"2022-08-05","Dan Trachtenberg"
tt0356150,6,2022-08-07,"EuroTrip","EuroTrip",https://www.imdb.com/title/tt0356150,Movie,6.6,92,2004,"Comedy",246588,"2004-02-20","Jeff Schaffer,Alec Berg,David Mandel"
tt0141369,4,2022-08-07,"Inspector Gadget","Inspector Gadget",https://www.imdb.com/title/tt0141369,Movie,4.2,78,1999,"Sci-Fi, Crime, Comedy, Adventure, Family, Action",54213,"1999-07-23","David Kellogg"
tt0116493,6,2022-08-07,"Harriet the Spy","Harriet the Spy",https://www.imdb.com/title/tt0116493,Movie,6.0,100,1996,"Drama, Comedy, Family",12279,"1996-07-10","Bronwen Hughes"
tt19896784,9,2022-08-07,"Light & Magic","Light & Magic",https://www.imdb.com/title/tt19896784,TV Mini Series,8.7,60,2022,"Documentary, History",4314,"2022-07-27",
tt0105415,7,2022-08-05,"Singles","Singles",https://www.imdb.com/title/tt0105415,Movie,6.8,99,1992,"Drama, Music, Romance, Comedy",35692,"1992-09-18","Cameron Crowe"
tt0119738,6,2022-08-05,"My Best Friend's Wedding","My Best Friend's Wedding",https://www.imdb.com/title/tt0119738,Movie,6.4,105,1997,"Drama, Romance, Comedy",168199,"1997-06-20","P.J. Hogan"
tt0429589,6,2022-08-05,"The Ant Bully","The Ant Bully",https://www.imdb.com/title/tt0429589,Movie,5.8,88,2006,"Animation, Adventure, Family, Comedy, Fantasy",44648,"2006-07-28","John A. Davis"
tt0375063,8,2022-08-05,"Sideways","Sideways",https://www.imdb.com/title/tt0375063,Movie,7.5,127,2004,"Comedy, Drama, Romance",218132,"2004-10-22","Alexander Payne"
tt0358082,6,2022-08-05,"Robots","Robots",https://www.imdb.com/title/tt0358082,Movie,6.4,91,2005,"Animation, Family, Sci-Fi, Adventure, Romance, Comedy",176547,"2005-03-27","Chris Wedge,Carlos Saldanha"
tt14376344,7,2022-08-05,"Cha Cha Real Smooth","Cha Cha Real Smooth",https://www.imdb.com/title/tt14376344,Movie,7.3,107,2022,"Drama, Comedy",31854,"2022-06-17","Cooper Raiff"
tt11703710,8,2022-08-05,"Downton Abbey: A New Era","Downton Abbey: A New Era",https://www.imdb.com/title/tt11703710,Movie,7.4,124,2022,"Drama, Romance",39219,"2022-05-20","Simon Curtis"
tt4123432,4,2022-08-04,"Fantastic Beasts: The Secrets of Dumbledore","Fantastic Beasts: The Secrets of Dumbledore",https://www.imdb.com/title/tt4123432,Movie,6.2,142,2022,"Fantasy, Adventure",194691,"2022-04-15","David Yates"
tt0091474,7,2022-08-04,"Manhunter","Manhunter",https://www.imdb.com/title/tt0091474,Movie,7.2,120,1986,"Crime, Mystery, Thriller",92943,"1986-08-15","Michael Mann"
tt11291274,7,2022-08-03,"The Unbearable Weight of Massive Talent","The Unbearable Weight of Massive Talent",https://www.imdb.com/title/tt11291274,Movie,7.0,107,2022,"Comedy, Action, Crime, Thriller",180891,"2022-04-22","Tom Gormican"
tt9005184,6,2022-08-02,"Dual","Dual",https://www.imdb.com/title/tt9005184,Movie,5.8,94,2022,"Sci-Fi, Thriller, Comedy, Drama",14850,"2022-05-20","Riley Stearns"
tt2348803,9,2022-08-02,"Kuroko's Basketball","Kuroko No Basket",https://www.imdb.com/title/tt2348803,TV Series,8.2,24,2012,"Animation, Sport, Comedy",16454,"2012-04-07",
tt11639414,6,2022-08-01,"The Midnight Gospel","The Midnight Gospel",https://www.imdb.com/title/tt11639414,TV Series,8.2,23,2020,"Animation, Comedy, Adventure, Fantasy, Sci-Fi",30246,"2020-04-20",
tt10298810,6,2022-07-31,"Lightyear","Lightyear",https://www.imdb.com/title/tt10298810,Movie,6.1,106,2022,"Animation, Adventure, Sci-Fi, Action, Comedy, Family",138111,"2022-06-17","Angus MacLane"
tt9288046,7,2022-07-31,"The Sea Beast","The Sea Beast",https://www.imdb.com/title/tt9288046,Movie,7.0,115,2022,"Animation, Adventure, Fantasy, Comedy, Family, Action, Thriller",66212,"2022-07-08","Chris Williams"
tt1649418,5,2022-07-27,"The Gray Man","The Gray Man",https://www.imdb.com/title/tt1649418,Movie,6.5,122,2022,"Thriller, Mystery, Action",277215,"2022-07-22","Joe Russo,Anthony Russo"
tt12826940,7,2022-07-26,"Wyrm","Wyrm",https://www.imdb.com/title/tt12826940,Movie,6.5,97,2019,"Comedy",1253,"2022-06-10","Christopher Winterbauer"
tt0107290,9,2022-07-26,"Jurassic Park","Jurassic Park",https://www.imdb.com/title/tt0107290,Movie,8.2,127,1993,"Sci-Fi, Adventure",1193459,"1993-06-11","Steven Spielberg"
tt0163025,6,2022-07-26,"Jurassic Park III","Jurassic Park III",https://www.imdb.com/title/tt0163025,Movie,6.0,92,2001,"Action, Sci-Fi, Thriller, Adventure",374544,"2001-07-18","Joe Johnston"
tt8041270,6,2022-07-26,"Jurassic World: Dominion","Jurassic World: Dominion",https://www.imdb.com/title/tt8041270,Movie,5.6,147,2022,"Adventure, Sci-Fi, Action, Thriller",249972,"2022-06-10","Colin Trevorrow"
tt8466564,6,2022-07-24,"Obi-Wan Kenobi","Obi-Wan Kenobi",https://www.imdb.com/title/tt8466564,TV Mini Series,7.0,45,2022,"Sci-Fi, Action, Adventure",265825,"2022-05-27",
tt0758758,8,2022-07-21,"Into the Wild","Into the Wild",https://www.imdb.com/title/tt0758758,Movie,8.0,148,2007,"Drama, Adventure, Biography",698381,"2007-10-19","Sean Penn"
tt0382932,9,2022-07-21,"Ratatouille","Ratatouille",https://www.imdb.com/title/tt0382932,Movie,8.1,111,2007,"Animation, Comedy, Family, Fantasy, Adventure",960300,"2007-06-29","Brad Bird,Jan Pinkava"
tt0070047,8,2022-07-21,"The Exorcist","The Exorcist",https://www.imdb.com/title/tt0070047,Movie,8.1,122,1973,"Horror",502688,"1973-12-26","William Friedkin"
tt13622958,7,2022-07-21,"Baymax!","Baymax!",https://www.imdb.com/title/tt13622958,TV Mini Series,7.2,12,2022,"Animation, Short, Action, Adventure, Comedy, Family, Sci-Fi",9680,"2022-06-29",
tt7144666,7,2022-07-21,"The Black Phone","The Black Phone",https://www.imdb.com/title/tt7144666,Movie,6.9,103,2021,"Horror, Thriller, Mystery",269888,"2022-06-24","Scott Derrickson"
tt0111301,4,2022-07-11,"Street Fighter","Street Fighter",https://www.imdb.com/title/tt0111301,Movie,4.2,102,1994,"Adventure, Comedy, Action, Thriller",79930,"1994-12-23","Steven E. de Souza"
tt8111088,7,2022-07-11,"The Mandalorian","The Mandalorian",https://www.imdb.com/title/tt8111088,TV Series,8.6,40,2019,"Sci-Fi, Adventure, Fantasy, Action",663198,"2019-11-12",
tt1139797,8,2022-07-10,"Let the Right One In","Låt den rätte komma in",https://www.imdb.com/title/tt1139797,Movie,7.8,114,2008,"Drama, Horror, Romance, Fantasy",241234,"2008-12-12","Tomas Alfredson"
tt16360006,7,2022-07-09,"Bubble","Baburu",https://www.imdb.com/title/tt16360006,Movie,6.4,100,2022,"Animation, Adventure, Drama, Fantasy, Romance, Action, Sport, Sci-Fi",10008,"2022-04-28","Tetsurō Araki"
tt1852189,8,2022-07-08,"ESPN Films: The Fab Five","ESPN Films: The Fab Five",https://www.imdb.com/title/tt1852189,TV Episode,8.0,95,2011,"Documentary",1308,"2011-03-13","Jason Hehir"
tt5598194,7,2022-07-08,"30 for 30: This Magic Moment","30 for 30: This Magic Moment",https://www.imdb.com/title/tt5598194,TV Episode,7.7,101,2016,"Documentary, Sport, Biography, History",1389,"2016-04-14","Gentry Kirby,Erin Leyden"
tt1790864,5,2022-07-06,"The Maze Runner","The Maze Runner",https://www.imdb.com/title/tt1790864,Movie,6.8,113,2014,"Sci-Fi, Mystery, Thriller, Action",569588,"2014-09-19","Wes Ball"
tt13873302,6,2022-07-06,"Against the Ice","Against the Ice",https://www.imdb.com/title/tt13873302,Movie,6.5,102,2022,"Adventure, Drama, History",32127,"2022-03-02","Peter Flinth"
tt7979142,5,2022-07-06,"The Night Clerk","The Night Clerk",https://www.imdb.com/title/tt7979142,Movie,5.6,90,2020,"Crime, Drama, Mystery, Romance, Thriller",22152,"2020-02-21","Michael Cristofer"
tt0877057,7,2022-07-01,"Death Note","Death Note: Desu nôto",https://www.imdb.com/title/tt0877057,TV Series,8.9,24,2006,"Animation, Mystery, Crime, Thriller, Fantasy, Drama",494024,"2007-10-20",
tt14128670,5,2022-06-29,"Kimi","Kimi",https://www.imdb.com/title/tt14128670,Movie,6.3,89,2022,"Thriller, Crime, Drama, Mystery",43841,"2022-02-10","Steven Soderbergh"
tt11242162,6,2022-06-28,"Rise","Rise",https://www.imdb.com/title/tt11242162,Movie,7.0,113,2022,"Biography, Drama, Sport",9288,"2022-06-24","Akin Omotoso"
tt9419884,7,2022-06-27,"Doctor Strange in the Multiverse of Madness","Doctor Strange in the Multiverse of Madness",https://www.imdb.com/title/tt9419884,Movie,6.8,126,2022,"Action, Fantasy, Adventure, Sci-Fi",554990,"2022-05-06","Sam Raimi"
tt1440129,5,2022-06-23,"Battleship","Battleship",https://www.imdb.com/title/tt1440129,Movie,5.8,131,2012,"Action, Sci-Fi, Thriller, Adventure",271187,"2012-05-18","Peter Berg"
tt9783600,5,2022-06-17,"Spiderhead","Spiderhead",https://www.imdb.com/title/tt9783600,Movie,5.5,106,2022,"Action, Drama, Sci-Fi, Thriller, Crime",74052,"2022-06-17","Joseph Kosinski"
tt8009428,7,2022-06-11,"Hustle","Hustle",https://www.imdb.com/title/tt8009428,Movie,7.3,117,2022,"Sport, Comedy, Drama",166479,"2022-06-08","Jeremiah Zagar"
tt3513500,7,2022-06-07,"Chip 'n Dale: Rescue Rangers","Chip 'n Dale: Rescue Rangers",https://www.imdb.com/title/tt3513500,Movie,6.9,97,2022,"Animation, Comedy, Adventure, Family, Mystery, Crime, Fantasy, Action, Sci-Fi",51303,"2022-05-20","Akiva Schaffer"
tt0109446,7,2022-06-06,"The Client","The Client",https://www.imdb.com/title/tt0109446,Movie,6.7,119,1994,"Drama, Crime, Thriller, Mystery",87199,"1994-07-20","Joel Schumacher"
tt3031654,9,2022-06-06,"Ennio","Ennio",https://www.imdb.com/title/tt3031654,Movie,8.2,150,2021,"Documentary, Biography, Music, History",7668,"2022-02-17","Giuseppe Tornatore"
tt0043014,8,2022-06-06,"Sunset Boulevard","Sunset Blvd.",https://www.imdb.com/title/tt0043014,Movie,8.4,110,1950,"Drama, Film-Noir",263076,"1950-08-04","Billy Wilder"
tt10872600,7,2022-06-05,"Spider-Man: No Way Home","Spider-Man: No Way Home",https://www.imdb.com/title/tt10872600,Movie,8.1,148,2021,"Action, Adventure, Sci-Fi, Fantasy",1058859,"2021-12-17","Jon Watts"
tt9032400,5,2022-06-05,"Eternals","Eternals",https://www.imdb.com/title/tt9032400,Movie,6.2,156,2021,"Action, Fantasy, Sci-Fi, Adventure",433635,"2021-11-05","Chloé Zhao"
tt3480822,7,2022-06-05,"Black Widow","Black Widow",https://www.imdb.com/title/tt3480822,Movie,6.6,134,2021,"Action, Adventure, Sci-Fi",485419,"2021-07-09","Cate Shortland"
tt2250912,7,2022-06-05,"Spider-Man: Homecoming","Spider-Man: Homecoming",https://www.imdb.com/title/tt2250912,Movie,7.4,133,2017,"Action, Sci-Fi, Adventure",825516,"2017-07-07","Jon Watts"
tt2395427,7,2022-06-05,"Avengers: Age of Ultron","Avengers: Age of Ultron",https://www.imdb.com/title/tt2395427,Movie,7.3,141,2015,"Action, Adventure, Sci-Fi",1014842,"2015-05-01","Joss Whedon"
tt0458339,7,2022-06-05,"Captain America: The First Avenger","Captain America: The First Avenger",https://www.imdb.com/title/tt0458339,Movie,6.9,124,2011,"Action, Adventure, Sci-Fi",980678,"2011-07-22","Joe Johnston"
tt1228705,6,2022-06-05,"Iron Man 2","Iron Man 2",https://www.imdb.com/title/tt1228705,Movie,6.9,124,2010,"Action, Sci-Fi",951163,"2010-05-07","Jon Favreau"
tt0486576,5,2022-06-05,"Fantastic Four: Rise of the Silver Surfer","4: Rise of the Silver Surfer",https://www.imdb.com/title/tt0486576,Movie,5.6,92,2007,"Fantasy, Adventure, Action, Sci-Fi",301689,"2007-06-15","Tim Story"
tt0413300,6,2022-06-05,"Spider-Man 3","Spider-Man 3",https://www.imdb.com/title/tt0413300,Movie,6.3,139,2007,"Action, Sci-Fi, Adventure",713818,"2007-05-04","Sam Raimi"
tt0120667,5,2022-06-05,"Fantastic Four","Fantastic Four",https://www.imdb.com/title/tt0120667,Movie,5.7,106,2005,"Adventure, Fantasy, Sci-Fi, Action",377288,"2005-07-08","Tim Story"
tt0359013,5,2022-06-05,"Blade: Trinity","Blade: Trinity",https://www.imdb.com/title/tt0359013,Movie,5.8,113,2004,"Horror, Sci-Fi, Action",202697,"2004-12-08","David S. Goyer"
tt0316654,7,2022-06-05,"Spider-Man 2","Spider-Man 2",https://www.imdb.com/title/tt0316654,Movie,7.5,127,2004,"Sci-Fi, Adventure, Action",801484,"2004-06-30","Sam Raimi"
tt0187738,6,2022-06-05,"Blade II","Blade II",https://www.imdb.com/title/tt0187738,Movie,6.7,117,2002,"Horror, Sci-Fi, Thriller, Action",254414,"2002-03-22","Guillermo del Toro"
tt0120611,6,2022-06-05,"Blade","Blade",https://www.imdb.com/title/tt0120611,Movie,7.1,120,1998,"Horror, Sci-Fi, Action",334106,"1998-08-21","Stephen Norrington"
tt1588170,7,2022-06-05,"I Saw the Devil","Angmareul boatda",https://www.imdb.com/title/tt1588170,Movie,7.8,144,2010,"Thriller, Action",167892,"2010-08-12","Kim Jee-woon"
tt0238380,8,2022-06-05,"Equilibrium","Equilibrium",https://www.imdb.com/title/tt0238380,Movie,7.3,107,2002,"Drama, Sci-Fi, Thriller, Action",364172,"2002-12-06","Kurt Wimmer"
tt7476810,6,2022-06-02,"Dead Pigs","Dead Pigs",https://www.imdb.com/title/tt7476810,Movie,6.7,122,2018,"Comedy, Drama",1909,"2021-02-12","Cathy Yan"
tt0071129,7,2022-06-01,"Amarcord","Amarcord",https://www.imdb.com/title/tt0071129,Movie,7.8,123,1973,"Drama, Comedy",51758,"1974-09-19","Federico Fellini"
tt11361714,6,2022-05-31,"Persona non grata","Hvor kragerne vender",https://www.imdb.com/title/tt11361714,Movie,6.4,91,2021,"Drama",1510,"2021-07-22","Lisa Jespersen"
tt0338564,8,2022-05-30,"Infernal Affairs","Mou gaan dou",https://www.imdb.com/title/tt0338564,Movie,8.0,101,2002,"Thriller, Mystery, Drama, Crime",139022,"2002-12-12","Wai Keung Lau,Alan Mak"
tt7772582,8,2022-05-30,"Never Rarely Sometimes Always","Never Rarely Sometimes Always",https://www.imdb.com/title/tt7772582,Movie,7.3,101,2020,"Drama",29916,"2020-04-03","Eliza Hittman"
tt0491747,7,2022-05-29,"Away from Her","Away from Her",https://www.imdb.com/title/tt0491747,Movie,7.5,110,2006,"Drama",23861,"2007-05-25","Sarah Polley"
tt0183649,6,2022-05-29,"Phone Booth","Phone Booth",https://www.imdb.com/title/tt0183649,Movie,7.1,81,2002,"Crime, Thriller",303343,"2003-04-04","Joel Schumacher"
tt0099582,7,2022-05-29,"Flatliners","Flatliners",https://www.imdb.com/title/tt0099582,Movie,6.6,115,1990,"Sci-Fi, Drama, Horror, Thriller",98869,"1990-08-10","Joel Schumacher"
tt11389868,7,2022-05-29,"Marvelous and the Black Hole","Marvelous and the Black Hole",https://www.imdb.com/title/tt11389868,Movie,6.2,81,2021,"Comedy, Drama",2533,"2021-01-31","Kate Tsang"
tt19885626,8,2022-05-28,"Ricky Gervais: SuperNature","Ricky Gervais: SuperNature",https://www.imdb.com/title/tt19885626,TV Special,7.6,64,2022,"Comedy",25234,"2022-05-24","John L. Spencer"
tt0240510,6,2022-05-25,"The Four Feathers","The Four Feathers",https://www.imdb.com/title/tt0240510,Movie,6.5,132,2002,"Romance, Drama, War, Adventure",36705,"2002-09-20","Shekhar Kapur"
tt1204340,7,2022-05-24,"Tyrannosaur","Tyrannosaur",https://www.imdb.com/title/tt1204340,Movie,7.5,92,2011,"Drama",35580,"2011-10-07","Paddy Considine"
tt11937680,8,2022-05-23,"The Velvet Queen","La panthère des neiges",https://www.imdb.com/title/tt11937680,Movie,7.8,92,2021,"Documentary",3515,"2021-12-15","Marie Amiguet,Vincent Munier"
tt0974015,6,2022-05-23,"Justice League","Justice League",https://www.imdb.com/title/tt0974015,Movie,6.0,120,2017,"Sci-Fi",508361,"2017-11-17","Zack Snyder"
tt1972571,7,2022-05-23,"A Most Wanted Man","A Most Wanted Man",https://www.imdb.com/title/tt1972571,Movie,6.7,122,2014,"Thriller, Crime, Drama",85162,"2014-08-01","Anton Corbijn"
tt0120768,7,2022-05-22,"The Negotiator","The Negotiator",https://www.imdb.com/title/tt0120768,Movie,7.3,140,1998,"Crime, Mystery, Action, Drama, Thriller",169876,"1998-07-29","F. Gary Gray"
tt0292506,6,2022-05-22,"The Recruit","The Recruit",https://www.imdb.com/title/tt0292506,Movie,6.6,115,2003,"Action, Thriller",147959,"2003-01-31","Roger Donaldson"
tt1291580,7,2022-05-22,"Behind the Candelabra","Behind the Candelabra",https://www.imdb.com/title/tt1291580,Movie,7.0,118,2013,"Biography, Drama, Romance, Music",47566,"2013-05-26","Steven Soderbergh"
tt0118971,8,2022-05-21,"The Devil's Advocate","The Devil's Advocate",https://www.imdb.com/title/tt0118971,Movie,7.5,144,1997,"Thriller, Mystery, Fantasy, Drama",450231,"1997-10-17","Taylor Hackford"
tt2965412,7,2022-05-21,"Comet","Comet",https://www.imdb.com/title/tt2965412,Movie,6.7,91,2014,"Comedy, Drama, Romance, Sci-Fi",20430,"2014-12-05","Sam Esmail"
tt0093605,7,2022-05-21,"Near Dark","Near Dark",https://www.imdb.com/title/tt0093605,Movie,6.9,94,1987,"Horror",50022,"1988-01-08","Kathryn Bigelow"
tt0046912,8,2022-05-21,"Dial M for Murder","Dial M for Murder",https://www.imdb.com/title/tt0046912,Movie,8.1,105,1954,"Crime, Mystery, Drama, Thriller",206361,"1954-05-29","Alfred Hitchcock"
tt0116483,8,2022-05-21,"Happy Gilmore","Happy Gilmore",https://www.imdb.com/title/tt0116483,Movie,7.0,92,1996,"Sport, Comedy",311081,"1996-02-16","Dennis Dugan"
tt0092099,7,2022-05-21,"Top Gun","Top Gun",https://www.imdb.com/title/tt0092099,Movie,7.0,109,1986,"Drama, Action",558995,"1986-05-16","Tony Scott"
tt13320622,6,2022-05-21,"The Lost City","The Lost City",https://www.imdb.com/title/tt13320622,Movie,6.1,112,2022,"Action, Comedy, Romance, Adventure",178700,"2022-03-25","Aaron Nee,Adam Nee"
tt11160650,7,2022-05-20,"On the Count of Three","On the Count of Three",https://www.imdb.com/title/tt11160650,Movie,7.0,86,2021,"Drama, Comedy, Crime",10561,"2022-05-13","Jerrod Carmichael"
tt12412888,6,2022-05-20,"Sonic the Hedgehog 2","Sonic the Hedgehog 2",https://www.imdb.com/title/tt12412888,Movie,6.5,122,2022,"Action, Adventure, Comedy, Sci-Fi, Family, Fantasy",118728,"2022-04-08","Jeff Fowler"
tt0118531,6,2022-05-20,"One Eight Seven","One Eight Seven",https://www.imdb.com/title/tt0118531,Movie,6.6,119,1997,"Thriller, Drama",27200,"1997-07-30","Kevin Reynolds"
tt5108870,5,2022-05-18,"Morbius","Morbius",https://www.imdb.com/title/tt5108870,Movie,5.1,104,2022,"Action, Horror, Thriller, Sci-Fi, Adventure",173792,"2022-04-01","Daniel Espinosa"
tt6710474,9,2022-05-18,"Everything Everywhere All at Once","Everything Everywhere All at Once",https://www.imdb.com/title/tt6710474,Movie,7.7,139,2022,"Sci-Fi, Adventure, Comedy, Fantasy, Action, Drama",658197,"2022-04-08","Daniel Kwan,Daniel Scheinert"
tt1440345,6,2022-05-16,"This Must Be the Place","This Must Be the Place",https://www.imdb.com/title/tt1440345,Movie,6.7,118,2011,"Drama, Comedy, Adventure",38998,"2011-08-24","Paolo Sorrentino"
tt0489664,7,2022-05-16,"Shattered","Butterfly on a Wheel",https://www.imdb.com/title/tt0489664,Movie,6.6,95,2007,"Crime, Drama, Thriller",35219,"2007-08-23","Mike Barker"
tt0097239,8,2022-05-13,"Driving Miss Daisy","Driving Miss Daisy",https://www.imdb.com/title/tt0097239,Movie,7.3,99,1989,"Comedy, Drama",124250,"1990-01-26","Bruce Beresford"
tt0062229,8,2022-05-11,"Le Samouraï","Le Samouraï",https://www.imdb.com/title/tt0062229,Movie,8.0,101,1967,"Crime, Drama, Thriller",66895,"1967-10-25","Jean-Pierre Melville"
tt0212720,8,2022-05-08,"A.I. Artificial Intelligence","A.I. Artificial Intelligence",https://www.imdb.com/title/tt0212720,Movie,7.2,146,2001,"Drama, Adventure, Sci-Fi",341811,"2001-06-29","Steven Spielberg"
tt0088936,7,2022-05-07,"Code of Silence","Code of Silence",https://www.imdb.com/title/tt0088936,Movie,6.1,100,1985,"Drama, Crime, Thriller, Action",11455,"1985-05-03","Andrew Davis"
tt13622130,6,2022-05-07,"Fathom","Fathom",https://www.imdb.com/title/tt13622130,Movie,5.6,86,2021,"Documentary",757,"2021-06-25","Drew Xanthopoulos"
tt0219699,6,2022-05-05,"The Gift","The Gift",https://www.imdb.com/title/tt0219699,Movie,6.7,111,2000,"Drama, Horror, Fantasy, Mystery",82056,"2001-01-19","Sam Raimi"
tt0081633,7,2022-05-05,"Time Bandits","Time Bandits",https://www.imdb.com/title/tt0081633,Movie,6.9,110,1981,"Sci-Fi, Comedy, Adventure, Fantasy",74699,"1981-11-06","Terry Gilliam"
tt1270262,7,2022-05-05,"The Devil's Double","The Devil's Double",https://www.imdb.com/title/tt1270262,Movie,7.0,109,2011,"Drama, Thriller, Biography",65570,"2011-09-08","Lee Tamahori"
tt1440292,7,2022-05-05,"Submarine","Submarine",https://www.imdb.com/title/tt1440292,Movie,7.3,97,2010,"Comedy, Drama, Romance",101537,"2011-03-18","Richard Ayoade"
tt0082869,7,2022-05-05,"Outland","Outland",https://www.imdb.com/title/tt0082869,Movie,6.6,109,1981,"Western, Sci-Fi, Crime, Thriller, Action",35864,"1981-05-22","Peter Hyams"
tt0093260,7,2022-05-04,"Innerspace","Innerspace",https://www.imdb.com/title/tt0093260,Movie,6.9,120,1987,"Action, Thriller, Sci-Fi, Comedy, Adventure",70600,"1987-07-01","Joe Dante"
tt0387877,5,2022-05-03,"The Black Dahlia","The Black Dahlia",https://www.imdb.com/title/tt0387877,Movie,5.6,121,2006,"Crime, Drama, Mystery, Thriller",80205,"2006-09-15","Brian De Palma"
tt0398017,6,2022-05-03,"Derailed","Derailed",https://www.imdb.com/title/tt0398017,Movie,6.6,108,2005,"Drama, Thriller, Crime",79277,"2005-11-11","Mikael Håfström"
tt8115900,6,2022-05-03,"The Bad Guys","The Bad Guys",https://www.imdb.com/title/tt8115900,Movie,6.9,100,2022,"Animation, Adventure, Comedy, Crime, Family",82022,"2022-04-22","Pierre Perifel"
tt0082340,7,2022-05-03,"Escape from New York","Escape from New York",https://www.imdb.com/title/tt0082340,Movie,7.1,99,1981,"Adventure, Sci-Fi, Action",174711,"1981-07-10","John Carpenter"
tt9378672,7,2022-05-02,"Brian Wilson: Long Promised Road","Brian Wilson: Long Promised Road",https://www.imdb.com/title/tt9378672,Movie,7.3,93,2021,"Documentary, Music, Biography, History",1374,"2021-11-17","Brent Wilson"
tt0093773,8,2022-05-02,"Predator","Predator",https://www.imdb.com/title/tt0093773,Movie,7.8,107,1987,"Horror, Adventure, Sci-Fi, Action",504958,"1987-06-12","John McTiernan"
tt0112864,8,2022-05-02,"Die Hard with a Vengeance","Die Hard with a Vengeance",https://www.imdb.com/title/tt0112864,Movie,7.6,128,1995,"Adventure, Thriller, Action",432450,"1995-05-19","John McTiernan"
tt2771372,6,2022-04-30,"Veronica Mars","Veronica Mars",https://www.imdb.com/title/tt2771372,Movie,6.7,107,2014,"Drama, Crime, Thriller, Mystery",57151,"2014-03-13","Rob Thomas"
tt0106489,8,2022-04-30,"A Bronx Tale","A Bronx Tale",https://www.imdb.com/title/tt0106489,Movie,7.8,121,1993,"Crime, Drama",188645,"1993-10-01","Robert De Niro"
tt1464335,5,2022-04-30,"Uncharted","Uncharted",https://www.imdb.com/title/tt1464335,Movie,6.3,116,2022,"Action, Adventure",305761,"2022-02-18","Ruben Fleischer"
tt0450278,6,2022-04-28,"Hostel","Hostel",https://www.imdb.com/title/tt0450278,Movie,5.9,94,2005,"Horror",205782,"2006-01-06","Eli Roth"
tt0498353,5,2022-04-28,"Hostel: Part II","Hostel: Part II",https://www.imdb.com/title/tt0498353,Movie,5.5,94,2007,"Horror",102731,"2007-06-08","Eli Roth"
tt11525644,6,2022-04-28,"No Sudden Move","No Sudden Move",https://www.imdb.com/title/tt11525644,Movie,6.4,115,2021,"Crime, Drama, Thriller, Mystery",45822,"2021-07-01","Steven Soderbergh"
tt0067900,7,2022-04-27,"A Cop","Un flic",https://www.imdb.com/title/tt0067900,Movie,7.0,98,1972,"Thriller, Crime",12379,"1972-10-25","Jean-Pierre Melville"
tt0093793,8,2022-04-27,"Project X","Project X",https://www.imdb.com/title/tt0093793,Movie,6.2,108,1987,"Sci-Fi, Drama, Thriller, Comedy",12319,"1987-04-17","Jonathan Kaplan"
tt1045778,4,2022-04-27,"Year One","Year One",https://www.imdb.com/title/tt1045778,Movie,5.0,97,2009,"Comedy",109305,"2009-06-19","Harold Ramis"
tt0960731,5,2022-04-27,"Bedtime Stories","Bedtime Stories",https://www.imdb.com/title/tt0960731,Movie,6.0,99,2008,"Comedy, Family, Fantasy, Romance, Adventure, Sci-Fi",106937,"2008-12-25","Adam Shankman"
tt4998632,6,2022-04-27,"Ambulance","Ambulance",https://www.imdb.com/title/tt4998632,Movie,6.1,136,2022,"Action, Drama, Thriller, Crime, Adventure",114354,"2022-04-08","Michael Bay"
tt0103247,7,2022-04-26,"White Fang","White Fang",https://www.imdb.com/title/tt0103247,Movie,6.7,107,1991,"Drama, Family, Adventure",24397,"1991-01-18","Randal Kleiser"
tt0077631,7,2022-04-26,"Grease","Grease",https://www.imdb.com/title/tt0077631,Movie,7.2,110,1978,"Musical, Comedy, Romance",328782,"1978-06-16","Randal Kleiser"
tt0090728,6,2022-04-26,"Big Trouble in Little China","Big Trouble in Little China",https://www.imdb.com/title/tt0090728,Movie,7.2,99,1986,"Comedy, Adventure, Fantasy, Action",168876,"1986-07-02","John Carpenter"
tt0091059,7,2022-04-26,"Flight of the Navigator","Flight of the Navigator",https://www.imdb.com/title/tt0091059,Movie,6.9,90,1986,"Comedy, Sci-Fi, Family, Adventure",55839,"1986-08-01","Randal Kleiser"
tt0093870,8,2022-04-26,"RoboCop","RoboCop",https://www.imdb.com/title/tt0093870,Movie,7.6,102,1987,"Action, Crime, Thriller, Sci-Fi",311149,"1987-07-17","Paul Verhoeven"
tt0462504,7,2022-04-25,"Rescue Dawn","Rescue Dawn",https://www.imdb.com/title/tt0462504,Movie,7.2,125,2006,"War, Biography, Adventure",117181,"2007-07-27","Werner Herzog"
tt0097889,7,2022-04-25,"Miracle Mile","Miracle Mile",https://www.imdb.com/title/tt0097889,Movie,7.0,87,1988,"Romance, Action, Thriller, Drama",15280,"1989-05-19","Steve De Jarnatt"
tt0097257,6,2022-04-24,"Earth Girls Are Easy","Earth Girls Are Easy",https://www.imdb.com/title/tt0097257,Movie,5.5,100,1988,"Musical, Romance, Sci-Fi, Comedy",26275,"1989-05-12","Julien Temple"
tt11127680,8,2022-04-24,"Boiling Point","Boiling Point",https://www.imdb.com/title/tt11127680,Movie,7.5,92,2021,"Drama, Thriller",57503,"2022-01-07","Philip Barantini"
tt0090192,6,2022-04-23,"Trancers","Trancers",https://www.imdb.com/title/tt0090192,Movie,6.0,76,1984,"Sci-Fi, Action",9112,"1984-11-07","Charles Band"
tt13560574,7,2022-04-20,"X","X",https://www.imdb.com/title/tt13560574,Movie,6.5,105,2022,"Horror, Thriller, Mystery",227199,"2022-03-18","Ti West"
tt0430922,6,2022-04-20,"Role Models","Role Models",https://www.imdb.com/title/tt0430922,Movie,6.8,99,2008,"Comedy",253064,"2008-11-07","David Wain"
tt11466222,6,2022-04-19,"Jackass Forever","Jackass Forever",https://www.imdb.com/title/tt11466222,Movie,6.8,96,2022,"Documentary, Comedy",55938,"2022-02-04","Jeff Tremaine"
tt0805564,7,2022-04-19,"Lars and the Real Girl","Lars and the Real Girl",https://www.imdb.com/title/tt0805564,Movie,7.3,106,2007,"Comedy, Drama, Romance",169926,"2007-11-02","Craig Gillespie"
tt10443794,7,2022-04-18,"The United Way","The United Way",https://www.imdb.com/title/tt10443794,Movie,7.2,90,2021,"Documentary, History, Sport",1501,"2021-05-10","Mat Hodgson"
tt0473705,7,2022-04-18,"State of Play","State of Play",https://www.imdb.com/title/tt0473705,Movie,7.1,127,2009,"Drama, Mystery, Thriller, Crime",167109,"2009-04-17","Kevin Macdonald"
tt0272152,7,2022-04-16,"K-PAX","K-PAX",https://www.imdb.com/title/tt0272152,Movie,7.4,120,2001,"Mystery, Sci-Fi, Drama",203744,"2001-10-26","Iain Softley"
tt14757872,6,2022-04-16,"Midnight","Mideunaiteu",https://www.imdb.com/title/tt14757872,Movie,6.5,103,2021,"Thriller, Crime",10800,"2022-04-05","Kwon Oh-seung"
tt0103644,6,2022-04-16,"Alien³","Alien³",https://www.imdb.com/title/tt0103644,Movie,6.4,114,1992,"Action, Horror, Sci-Fi",354778,"1992-05-22","David Fincher"
tt0089114,7,2022-04-16,"Explorers","Explorers",https://www.imdb.com/title/tt0089114,Movie,6.4,109,1985,"Adventure, Family, Comedy, Romance, Sci-Fi",25769,"1985-07-12","Joe Dante"
tt0139134,7,2022-04-16,"Cruel Intentions","Cruel Intentions",https://www.imdb.com/title/tt0139134,Movie,6.8,97,1999,"Romance, Drama",221953,"1999-03-05","Roger Kumble"
tt14114802,7,2022-04-16,"The Outfit","The Outfit",https://www.imdb.com/title/tt14114802,Movie,7.2,105,2022,"Crime, Drama, Thriller, Mystery",87678,"2022-03-18","Graham Moore"
tt16118722,8,2022-04-15,"Tony Hawk: Until the Wheels Fall Off","Tony Hawk: Until the Wheels Fall Off",https://www.imdb.com/title/tt16118722,Movie,8.0,135,2022,"Documentary, Biography, Sport",5441,"2022-04-05","Sam Jones"
tt14060232,6,2022-04-15,"Infinite Storm","Infinite Storm",https://www.imdb.com/title/tt14060232,Movie,5.3,97,2022,"Drama, Thriller",12898,"2022-03-25","Malgorzata Szumowska,Michal Englert"
tt13651628,7,2022-04-15,"Belle","Ryû to sobakasu no hime",https://www.imdb.com/title/tt13651628,Movie,7.0,121,2021,"Animation, Musical, Adventure, Fantasy, Sci-Fi, Drama, Music, Family",20816,"2022-01-14","Mamoru Hosoda"
tt0099653,7,2022-04-14,"Ghost","Ghost",https://www.imdb.com/title/tt0099653,Movie,7.1,126,1990,"Drama, Fantasy, Romance, Thriller",258535,"1990-07-13","Jerry Zucker"
tt7978758,8,2022-04-13,"Apollo 10½: A Space Age Childhood","Apollo 10 1/2: A Space Age Adventure",https://www.imdb.com/title/tt7978758,Movie,7.2,97,2022,"Animation, Adventure, Drama, History",13639,"2022-04-01","Richard Linklater"
tt12141112,6,2022-04-13,"Metal Lords","Metal Lords",https://www.imdb.com/title/tt12141112,Movie,6.7,97,2022,"Music, Comedy",37310,"2022-04-08","Peter Sollett"
tt0212338,7,2022-04-09,"Meet the Parents","Meet the Parents",https://www.imdb.com/title/tt0212338,Movie,7.0,108,2000,"Romance, Comedy",381063,"2000-10-06","Jay Roach"
tt0449467,8,2022-04-09,"Babel","Babel",https://www.imdb.com/title/tt0449467,Movie,7.4,143,2006,"Drama",330442,"2006-11-10","Alejandro G. Iñárritu"
tt0088847,8,2022-04-07,"The Breakfast Club","The Breakfast Club",https://www.imdb.com/title/tt0088847,Movie,7.8,97,1985,"Comedy, Drama",475953,"1985-02-15","John Hughes"
tt1068680,7,2022-04-07,"Yes Man","Yes Man",https://www.imdb.com/title/tt1068680,Movie,6.8,104,2008,"Comedy, Romance",407414,"2008-12-19","Peyton Reed"
tt0298203,8,2022-04-06,"8 Mile","8 Mile",https://www.imdb.com/title/tt0298203,Movie,7.2,110,2002,"Music, Drama",354216,"2002-11-08","Curtis Hanson"
tt0215129,7,2022-04-06,"Road Trip","Road Trip",https://www.imdb.com/title/tt0215129,Movie,6.5,93,2000,"Comedy",189954,"2000-05-19","Todd Phillips"
tt0302886,7,2022-04-06,"Old School","Old School",https://www.imdb.com/title/tt0302886,Movie,7.0,88,2003,"Comedy",257696,"2003-02-21","Todd Phillips"
tt13610562,4,2022-04-04,"The Bubble","The Bubble",https://www.imdb.com/title/tt13610562,Movie,4.7,126,2022,"Comedy",30652,"2022-04-01","Judd Apatow"
tt12618926,8,2022-04-04,"Parallel Mothers","Madres paralelas",https://www.imdb.com/title/tt12618926,Movie,7.1,123,2021,"Drama",40738,"2021-10-08","Pedro Almodóvar"
tt13403046,7,2022-04-03,"Fresh","Fresh",https://www.imdb.com/title/tt13403046,Movie,6.7,114,2022,"Thriller, Horror, Comedy, Romance",94644,"2022-03-04","Mimi Cave"
tt11417886,5,2022-04-03,"The Intruder","El prófugo",https://www.imdb.com/title/tt11417886,Movie,6.0,90,2020,"Thriller, Horror",1339,"2021-10-01","Natalia Meta"
tt1510938,7,2022-04-01,"The Sunset Limited","The Sunset Limited",https://www.imdb.com/title/tt1510938,TV Movie,7.3,91,2011,"Drama",33979,"2011-02-12","Tommy Lee Jones"
tt7657566,7,2022-03-31,"Death on the Nile","Death on the Nile",https://www.imdb.com/title/tt7657566,Movie,6.3,127,2022,"Drama, Crime, Mystery",214177,"2022-02-11","Kenneth Branagh"
tt11332850,6,2022-03-30,"Robin Robin","Robin Robin",https://www.imdb.com/title/tt11332850,Short,7.1,32,2021,"Animation, Musical, Short, Adventure, Comedy, Family",7898,"2021-11-24","Daniel Ojari,Michael Please"
tt11383280,7,2022-03-30,"Please Hold","Please Hold",https://www.imdb.com/title/tt11383280,Short,7.2,19,2020,"Short, Comedy, Sci-Fi, Drama",2355,"2022-03-17","K.D. Dávila"
tt0453467,7,2022-03-30,"Deja Vu","Deja Vu",https://www.imdb.com/title/tt0453467,Movie,7.1,126,2006,"Action, Thriller, Sci-Fi, Crime",347468,"2006-11-22","Tony Scott"
tt9464038,7,2022-03-28,"The Windshield Wiper","The Windshield Wiper",https://www.imdb.com/title/tt9464038,Short,6.9,15,2021,"Animation, Short, Romance, Fantasy, Drama",3411,"2022-02-25","Alberto Mielgo"
tt11924384,6,2022-03-28,"The Long Goodbye","The Long Goodbye",https://www.imdb.com/title/tt11924384,Short,7.2,13,2020,"Short, Drama, Mystery, Thriller",3684,"2020-03-06","Aneil Karia"
tt6823148,7,2022-03-25,"Benedetta","Benedetta",https://www.imdb.com/title/tt6823148,Movie,6.7,131,2021,"Biography, Drama, Romance",30459,"2021-12-03","Paul Verhoeven"
tt4340556,8,2022-03-24,"30 for 30: Of Miracles and Men","30 for 30: Of Miracles and Men",https://www.imdb.com/title/tt4340556,TV Episode,8.2,103,2015,"Documentary, Sport, Biography, History",1206,"2015-02-08","Jonathan Hock"
tt12510860,7,2022-03-23,"30 for 30: Be Water","30 for 30: Be Water",https://www.imdb.com/title/tt12510860,TV Episode,7.0,,2020,"Documentary, Sport, Biography, History",426,"2020-06-07","Bao Nguyen"
tt9689138,6,2022-03-23,"30 for 30: Deion's Double Play","30 for 30: Deion's Double Play",https://www.imdb.com/title/tt9689138,TV Episode,6.7,50,2019,"Documentary, Sport, Biography, History",718,"2019-01-31","Erik Powers,Ken Rodgers"
tt5302330,8,2022-03-23,"30 for 30: The Four Falls of Buffalo","30 for 30: The Four Falls of Buffalo",https://www.imdb.com/title/tt5302330,TV Episode,8.1,102,2015,"Documentary, Sport, Biography, History",1636,"2015-12-12","Ken Rodgers"
tt4300028,8,2022-03-23,"30 for 30: I Hate Christian Laettner","30 for 30: I Hate Christian Laettner",https://www.imdb.com/title/tt4300028,TV Episode,7.7,90,2015,"Documentary, Sport, Biography, History",1940,"2015-03-15","Rory Karpf"
tt3682160,8,2022-03-23,"30 for 30: Bad Boys","30 for 30: Bad Boys",https://www.imdb.com/title/tt3682160,TV Episode,8.2,103,2014,"Documentary, Sport, Biography, History",2131,"2014-04-17","Zak Levitt"
tt3311418,7,2022-03-23,"30 for 30: Big Shot","30 for 30: Big Shot",https://www.imdb.com/title/tt3311418,TV Episode,7.2,79,2013,"Documentary, Sport, Biography, History",808,"2013-10-22","Kevin Connolly"
tt1738398,9,2022-03-23,"30 for 30: Once Brothers","30 for 30: Once Brothers",https://www.imdb.com/title/tt1738398,TV Episode,8.5,79,2010,"Documentary, Sport, Biography, History",3586,"2010-10-12","Michael Tolajian"
tt1717745,6,2022-03-23,"30 for 30: Little Big Men","30 for 30: Little Big Men",https://www.imdb.com/title/tt1717745,TV Episode,6.4,53,2010,"Documentary, Sport, Biography, History",663,"2010-08-31","Al Szymanski"
tt1509849,8,2022-03-23,"30 for 30: June 17th, 1994","30 for 30: June 17th, 1994",https://www.imdb.com/title/tt1509849,TV Episode,7.7,53,2010,"Documentary, Sport, Biography, History",1820,"2010-06-16","Brett Morgen"
tt1617301,8,2022-03-23,"30 for 30: The 16th Man","30 for 30: The 16th Man",https://www.imdb.com/title/tt1617301,TV Episode,7.6,52,2010,"Documentary, Sport, Biography, History",804,"2010-05-04","Cliff Bestall"
tt1493940,6,2022-03-23,"30 for 30: Silly Little Game","30 for 30: Silly Little Game",https://www.imdb.com/title/tt1493940,TV Episode,6.4,51,2010,"Documentary, Sport, Biography, History",902,"2010-04-20","Lucas Jansen,Adam Kurland"
tt1199479,8,2022-03-23,"30 for 30: The U","30 for 30: The U",https://www.imdb.com/title/tt1199479,TV Episode,7.9,106,2009,"Documentary, Sport, Biography, History",2003,"2009-12-12","Billy Corben"
tt11087960,8,2022-03-23,"Playground","Un monde",https://www.imdb.com/title/tt11087960,Movie,7.3,72,2021,"Drama",5262,"2022-02-11","Laura Wandel"
tt7014378,8,2022-03-23,"The Summit of the Gods","Le sommet des dieux",https://www.imdb.com/title/tt7014378,Movie,7.5,95,2021,"Animation, Adventure, Drama, Mystery, Sport",11586,"2021-11-30","Patrick Imbert"
tt11271038,9,2022-03-21,"Licorice Pizza","Licorice Pizza",https://www.imdb.com/title/tt11271038,Movie,7.1,133,2021,"Drama, Comedy, Romance",162624,"2021-12-25","Paul Thomas Anderson"
tt14039582,8,2022-03-21,"Drive My Car","Doraibu mai kâ",https://www.imdb.com/title/tt14039582,Movie,7.5,179,2021,"Drama",77653,"2021-08-20","Ryūsuke Hamaguchi"
tt10772662,6,2022-03-19,"The Boy Behind the Door","The Boy Behind the Door",https://www.imdb.com/title/tt10772662,Movie,5.7,88,2020,"Horror, Mystery, Thriller",6680,"2021-07-29","David Charbonier,Justin Douglas Powell"
tt1877830,9,2022-03-19,"The Batman","The Batman",https://www.imdb.com/title/tt1877830,Movie,7.8,176,2022,"Crime, Mystery, Action, Drama",942767,"2022-03-04","Matt Reeves"
tt7520568,6,2022-03-17,"The Hyperions","The Hyperions",https://www.imdb.com/title/tt7520568,Movie,5.2,90,2022,"Action, Comedy",2297,"2022-03-10","Jon McDonald"
tt0055630,9,2022-03-17,"Yojimbo","Yôjinbô",https://www.imdb.com/title/tt0055630,Movie,8.2,110,1961,"Drama, Action, Thriller",144229,"1961-09-13","Akira Kurosawa"
tt0455590,8,2022-03-16,"The Last King of Scotland","The Last King of Scotland",https://www.imdb.com/title/tt0455590,Movie,7.6,123,2006,"Drama, Biography, History, Thriller",206802,"2007-01-19","Kevin Macdonald"
tt13204490,8,2022-03-16,"Petite Maman","Petite maman",https://www.imdb.com/title/tt13204490,Movie,7.3,73,2021,"Drama, Fantasy",21125,"2022-05-06","Céline Sciamma"
tt15374070,5,2022-03-16,"Studio 666","Studio 666",https://www.imdb.com/title/tt15374070,Movie,5.6,106,2022,"Horror, Comedy, Music",17133,"2022-02-25","BJ McDonnell"
tt8704802,6,2022-03-16,"The Last Blockbuster","The Last Blockbuster",https://www.imdb.com/title/tt8704802,Movie,6.7,86,2020,"Documentary",6369,"2020-12-15","Taylor Morden"
tt11252248,6,2022-03-16,"Dog","Dog",https://www.imdb.com/title/tt11252248,Movie,6.5,101,2022,"Comedy, Drama",52923,"2022-02-18","Reid Carolin,Channing Tatum"
tt3581652,7,2022-03-15,"West Side Story","West Side Story",https://www.imdb.com/title/tt3581652,Movie,7.1,156,2021,"Musical, Crime, Drama, Romance",144590,"2021-12-10","Steven Spielberg"
tt5215952,7,2022-03-15,"The Wailing","Gokseong",https://www.imdb.com/title/tt5215952,Movie,7.4,156,2016,"Horror, Drama",101357,"2016-06-03","Na Hong-jin"
tt1230385,7,2022-03-15,"The Yellow Sea","Hwanghae",https://www.imdb.com/title/tt1230385,Movie,7.3,136,2010,"Drama, Thriller, Crime, Action",25246,"2011-12-02","Na Hong-jin"
tt1563738,7,2022-03-15,"One Day","One Day",https://www.imdb.com/title/tt1563738,Movie,7.0,107,2011,"Drama, Romance",180950,"2011-08-19","Lone Scherfig"
tt0104348,6,2022-03-15,"Glengarry Glen Ross","Glengarry Glen Ross",https://www.imdb.com/title/tt0104348,Movie,7.6,100,1992,"Crime, Mystery, Drama",126853,"1992-10-02","James Foley"
tt8097030,8,2022-03-14,"Turning Red","Turning Red",https://www.imdb.com/title/tt8097030,Movie,6.9,100,2022,"Animation, Adventure, Comedy, Family, Fantasy, Drama, Music, Romance, Action",176331,"2022-03-11","Domee Shi"
tt7550014,6,2022-03-14,"No Exit","No Exit",https://www.imdb.com/title/tt7550014,Movie,6.2,95,2022,"Drama, Thriller, Mystery",39789,"2022-02-25","Damien Power"
tt2463208,7,2022-03-14,"The Adam Project","The Adam Project",https://www.imdb.com/title/tt2463208,Movie,6.7,106,2022,"Sci-Fi, Action, Adventure, Comedy",261116,"2022-03-11","Shawn Levy"
tt13066182,7,2022-03-10,"The Good Boss","El buen patrón",https://www.imdb.com/title/tt13066182,Movie,7.1,116,2021,"Comedy, Drama",16805,"2021-10-15","Fernando León de Aranoa"
tt13073374,5,2022-03-10,"The Calm Beyond","The Calm Beyond",https://www.imdb.com/title/tt13073374,Movie,5.4,95,2020,"Sci-Fi, Thriller, Drama",782,"2022-02-28","Joshua Wong"
tt11245972,7,2022-03-04,"Scream","Scream",https://www.imdb.com/title/tt11245972,Movie,6.3,114,2022,"Horror, Mystery, Thriller",190362,"2022-01-14","Matt Bettinelli-Olpin,Tyler Gillett"
tt1262416,6,2022-03-03,"Scream 4","Scream 4",https://www.imdb.com/title/tt1262416,Movie,6.3,111,2011,"Mystery, Horror",193291,"2011-04-15","Wes Craven"
tt0118300,7,2022-03-03,"Dawson's Creek","Dawson's Creek",https://www.imdb.com/title/tt0118300,TV Series,6.8,60,1998,"Romance, Drama",49016,"1998-01-20",
tt0134084,5,2022-03-03,"Scream 3","Scream 3",https://www.imdb.com/title/tt0134084,Movie,5.7,116,2000,"Mystery, Horror",187551,"2000-02-04","Wes Craven"
tt0120082,6,2022-03-03,"Scream 2","Scream 2",https://www.imdb.com/title/tt0120082,Movie,6.4,120,1997,"Mystery, Horror",239303,"1997-12-12","Wes Craven"
tt12789558,8,2022-03-02,"Belfast","Belfast",https://www.imdb.com/title/tt12789558,Movie,7.2,98,2021,"Drama, Biography",139099,"2021-11-12","Kenneth Branagh"
tt0090670,7,2022-03-01,"At Close Range","At Close Range",https://www.imdb.com/title/tt0090670,Movie,6.9,116,1986,"Crime, Drama",20836,"1986-04-18","James Foley"
tt0457433,5,2022-03-01,"Perfect Stranger","Perfect Stranger",https://www.imdb.com/title/tt0457433,Movie,5.7,109,2007,"Thriller, Mystery, Crime",54268,"2007-04-13","James Foley"
tt0104070,7,2022-03-01,"Death Becomes Her","Death Becomes Her",https://www.imdb.com/title/tt0104070,Movie,6.7,104,1992,"Horror, Comedy, Fantasy",151247,"1992-07-31","Robert Zemeckis"
tt13446168,7,2022-02-28,"The Medium","Rang song",https://www.imdb.com/title/tt13446168,Movie,6.5,130,2021,"Horror, Drama, Mystery",18943,"2021-07-14","Banjong Pisanthanakun"
tt2076220,7,2022-02-24,"Holy Motors","Holy Motors",https://www.imdb.com/title/tt2076220,Movie,7.0,115,2012,"Drama, Fantasy",51566,"2012-07-04","Leos Carax"
tt0390521,7,2022-02-24,"Super Size Me","Super Size Me",https://www.imdb.com/title/tt0390521,Movie,7.2,100,2004,"Documentary",115452,"2004-06-11","Morgan Spurlock"
tt0337921,6,2022-02-24,"Cellular","Cellular",https://www.imdb.com/title/tt0337921,Movie,6.5,94,2004,"Crime, Action, Thriller",109758,"2004-09-10","David R. Ellis"
tt11729298,6,2022-02-22,"American Underdog","American Underdog",https://www.imdb.com/title/tt11729298,Movie,7.1,112,2021,"Drama, Biography, Sport, Romance",28617,"2021-12-25","Andrew Erwin,Jon Erwin"
tt13453006,7,2022-02-22,"Red Rocket","Red Rocket",https://www.imdb.com/title/tt13453006,Movie,7.1,130,2021,"Comedy, Drama, Romance",43700,"2021-12-24","Sean Baker"
tt9620288,7,2022-02-22,"King Richard","King Richard",https://www.imdb.com/title/tt9620288,Movie,7.5,144,2021,"Drama, Sport, Biography",193006,"2021-11-19","Reinaldo Marcus Green"
tt9741180,6,2022-02-21,"The Last Thing Mary Saw","The Last Thing Mary Saw",https://www.imdb.com/title/tt9741180,Movie,5.1,89,2021,"Horror, Drama, Thriller",2113,"2022-01-20","Edoardo Vitaletti"
tt0857191,8,2022-02-17,"The Visitor","The Visitor",https://www.imdb.com/title/tt0857191,Movie,7.6,104,2007,"Drama",46470,"2008-05-23","Tom McCarthy"
tt0419749,7,2022-02-17,"Find Me Guilty","Find Me Guilty",https://www.imdb.com/title/tt0419749,Movie,7.0,125,2006,"Crime, Drama, Comedy, Biography",38195,"2006-03-17","Sidney Lumet"
tt0427312,7,2022-02-17,"Grizzly Man","Grizzly Man",https://www.imdb.com/title/tt0427312,Movie,7.7,103,2005,"Documentary, Biography",68191,"2005-09-30","Werner Herzog"
tt11199558,6,2022-02-16,"Pixar in Real Life","Pixar in Real Life",https://www.imdb.com/title/tt11199558,TV Series,6.4,4,2019,"Reality-TV, Comedy, Family",1028,"2019-11-12",
tt0190138,7,2022-02-15,"The Whole Nine Yards","The Whole Nine Yards",https://www.imdb.com/title/tt0190138,Movie,6.7,98,2000,"Crime, Comedy",136217,"2000-02-18","Jonathan Lynn"
tt8430054,8,2022-02-13,"Flee","Flugt",https://www.imdb.com/title/tt8430054,Movie,7.9,89,2021,"Animation, Documentary, Drama, Biography",21330,"2021-06-17","Jonas Poher Rasmussen"
tt1483797,8,2022-02-13,"Redline","Redline",https://www.imdb.com/title/tt1483797,Movie,7.5,102,2009,"Animation, Action, Sci-Fi, Sport",21454,"2010-10-09","Takeshi Koike"
tt0411477,7,2022-02-11,"Hellboy II: The Golden Army","Hellboy II: The Golden Army",https://www.imdb.com/title/tt0411477,Movie,7.0,120,2008,"Action, Adventure, Fantasy, Sci-Fi, Horror",299920,"2008-07-11","Guillermo del Toro"
tt0167190,7,2022-02-10,"Hellboy","Hellboy",https://www.imdb.com/title/tt0167190,Movie,6.9,122,2004,"Fantasy, Adventure, Sci-Fi, Horror, Action",372386,"2004-04-02","Guillermo del Toro"
tt7979580,7,2022-02-08,"The Mitchells vs. the Machines","The Mitchells vs the Machines",https://www.imdb.com/title/tt7979580,Movie,7.6,114,2021,"Animation, Adventure, Comedy, Sci-Fi, Family",144198,"2021-04-30","Michael Rianda,Jeff Rowe"
tt11214590,6,2022-02-08,"House of Gucci","House of Gucci",https://www.imdb.com/title/tt11214590,Movie,6.6,158,2021,"Drama, Crime, Biography, History",176317,"2021-11-24","Ridley Scott"
tt12536294,8,2022-02-04,"Spencer","Spencer",https://www.imdb.com/title/tt12536294,Movie,6.5,117,2021,"Drama, Biography",82369,"2021-11-05","Pablo Larraín"
tt0120201,5,2022-02-04,"Starship Troopers","Starship Troopers",https://www.imdb.com/title/tt0120201,Movie,7.3,129,1997,"Action, Adventure, Thriller, Sci-Fi",349022,"1997-11-07","Paul Verhoeven"
tt12390728,7,2022-02-03,"The Lost Forest","The Lost Forest",https://www.imdb.com/title/tt12390728,Short,7.9,22,2020,"Short",37,"2020-05-20","Orlando von Einsiedel"
tt7740496,7,2022-02-03,"Nightmare Alley","Nightmare Alley",https://www.imdb.com/title/tt7740496,Movie,7.0,150,2021,"Drama, Thriller, Crime",184047,"2021-12-17","Guillermo del Toro"
tt8923482,8,2022-02-02,"One Child Nation","Born in China",https://www.imdb.com/title/tt8923482,Movie,7.5,83,2019,"Documentary, History",7876,"2019-08-09","Nanfu Wang,Jialing Zhang"
tt9848626,5,2022-02-02,"Hotel Transylvania 4: Transformania","Hotel Transylvania: Transformania",https://www.imdb.com/title/tt9848626,Movie,6.0,87,2022,"Animation, Adventure, Comedy, Family, Fantasy",48692,"2022-01-14","Derek Drymon,Jennifer Kluska"
tt11777738,7,2022-02-02,"A Hero","Ghahreman",https://www.imdb.com/title/tt11777738,Movie,7.5,127,2021,"Drama",33479,"2022-01-21","Asghar Farhadi"
tt0071249,7,2022-02-01,"Bring Me the Head of Alfredo Garcia","Bring Me the Head of Alfredo Garcia",https://www.imdb.com/title/tt0071249,Movie,7.4,112,1974,"Drama, Thriller, Western, Action, Crime",23516,"1974-08-07","Sam Peckinpah"
tt8399288,5,2022-02-01,"Memoria","Memoria",https://www.imdb.com/title/tt8399288,Movie,6.4,136,2021,"Drama, Sci-Fi, Mystery",12939,"2021-09-30","Apichatpong Weerasethakul"
tt0068638,6,2022-02-01,"The Getaway","The Getaway",https://www.imdb.com/title/tt0068638,Movie,7.3,123,1972,"Action, Thriller, Crime",37717,"1972-12-13","Sam Peckinpah"
tt0791205,8,2022-01-28,"Ergo Proxy","Ergo Proxy",https://www.imdb.com/title/tt0791205,TV Series,7.8,27,2006,"Animation, Sci-Fi, Mystery, Thriller, Action, Adventure, Drama",19050,"2006-02-25",
tt0107822,8,2022-01-28,"The Piano","The Piano",https://www.imdb.com/title/tt0107822,Movie,7.5,121,1993,"Music, Romance, Drama",102185,"1994-02-11","Jane Campion"
tt14980972,6,2022-01-27,"Hard Hit","Balsinjehan",https://www.imdb.com/title/tt14980972,Movie,6.3,94,2021,"Thriller, Drama, Crime, Action, Mystery",2889,"2021-06-23","Kim Chang-ju"
tt0091763,8,2022-01-25,"Platoon","Platoon",https://www.imdb.com/title/tt0091763,Movie,8.0,120,1986,"Drama, War",475570,"1986-12-19","Oliver Stone"
tt9731534,7,2022-01-25,"The Night House","The Night House",https://www.imdb.com/title/tt9731534,Movie,6.4,107,2020,"Horror, Thriller, Mystery",79201,"2021-08-20","David Bruckner"
tt10370710,8,2022-01-24,"The Worst Person in the World","Verdens verste menneske",https://www.imdb.com/title/tt10370710,Movie,7.7,128,2021,"Comedy, Drama, Romance",131079,"2021-10-13","Joachim Trier"
tt10838180,6,2022-01-23,"The Matrix Resurrections","The Matrix Resurrections",https://www.imdb.com/title/tt10838180,Movie,5.6,148,2021,"Action, Sci-Fi",305611,"2021-12-22","Lana Wachowski"
tt0242653,6,2022-01-23,"The Matrix Revolutions","The Matrix Revolutions",https://www.imdb.com/title/tt0242653,Movie,6.7,129,2003,"Action, Sci-Fi",578694,"2003-11-05","Lana Wachowski,Lilly Wachowski"
tt0077928,8,2022-01-23,"Midnight Express","Midnight Express",https://www.imdb.com/title/tt0077928,Movie,7.5,121,1978,"Thriller, Biography, Crime, Drama",95408,"1978-10-27","Alan Parker"
tt0884328,7,2022-01-22,"The Mist","The Mist",https://www.imdb.com/title/tt0884328,Movie,7.1,126,2007,"Horror, Sci-Fi, Thriller",378659,"2007-11-21","Frank Darabont"
tt3108894,7,2022-01-19,"The Tender Bar","The Tender Bar",https://www.imdb.com/title/tt3108894,Movie,6.7,106,2021,"Drama, Biography, Romance",37616,"2022-01-07","George Clooney"
tt0400717,6,2022-01-19,"Open Season","Open Season",https://www.imdb.com/title/tt0400717,Movie,6.1,86,2006,"Animation, Adventure, Family, Comedy",115371,"2006-09-29","Roger Allers,Jill Culton,Anthony Stacchi"
tt0076729,6,2022-01-19,"Smokey and the Bandit","Smokey and the Bandit",https://www.imdb.com/title/tt0076729,Movie,7.0,96,1977,"Adventure, Comedy, Action",63479,"1977-05-27","Hal Needham"
tt0094291,7,2022-01-19,"Wall Street","Wall Street",https://www.imdb.com/title/tt0094291,Movie,7.3,126,1987,"Crime, Drama",175603,"1987-12-11","Oliver Stone"
tt11389748,8,2022-01-15,"Mass","Mass",https://www.imdb.com/title/tt11389748,Movie,7.5,111,2021,"Drama",19910,"2021-10-15","Fran Kranz"
tt14034966,8,2022-01-15,"Wheel of Fortune and Fantasy","Gûzen to sôzô",https://www.imdb.com/title/tt14034966,Movie,7.5,121,2021,"Romance, Drama",11476,"2021-12-17","Ryūsuke Hamaguchi"
tt10293406,8,2022-01-14,"The Power of the Dog","The Power of the Dog",https://www.imdb.com/title/tt10293406,Movie,6.8,126,2021,"Drama, Western",244405,"2021-12-01","Jane Campion"
tt6467266,7,2022-01-13,"Sing 2","Sing 2",https://www.imdb.com/title/tt6467266,Movie,7.3,110,2021,"Animation, Musical, Comedy, Family, Adventure",102941,"2021-12-22","Garth Jennings,Christophe Lourdelet"
tt3470600,8,2022-01-13,"Sing","Sing",https://www.imdb.com/title/tt3470600,Movie,7.1,108,2016,"Animation, Comedy, Family, Music",215698,"2016-12-21","Garth Jennings,Christophe Lourdelet"
tt0074597,6,2022-01-13,"The Gumball Rally","The Gumball Rally",https://www.imdb.com/title/tt0074597,Movie,6.2,107,1976,"Comedy",4946,"1976-07-28","Charles Bail"
tt9100054,7,2022-01-13,"The Lost Daughter","The Lost Daughter",https://www.imdb.com/title/tt9100054,Movie,6.7,121,2021,"Drama",82524,"2021-12-31","Maggie Gyllenhaal"
tt13087796,7,2022-01-12,"I'm Your Man","Ich bin dein Mensch",https://www.imdb.com/title/tt13087796,Movie,7.1,108,2021,"Comedy, Romance, Sci-Fi, Drama",15550,"2021-09-24","Maria Schrader"
tt10366460,8,2022-01-12,"CODA","CODA",https://www.imdb.com/title/tt10366460,Movie,8.0,111,2021,"Drama, Music, Comedy",231347,"2021-08-13","Sian Heder"
tt10706602,8,2022-01-12,"Collective","Colectiv",https://www.imdb.com/title/tt10706602,Movie,8.1,109,2019,"Documentary, Crime",14319,"2020-11-20","Alexander Nanau"
tt10110614,7,2022-01-11,"Apples","Mila",https://www.imdb.com/title/tt10110614,Movie,6.8,91,2020,"Drama, Sci-Fi, Comedy",6221,"2021-06-03","Christos Nikou"
tt0364045,6,2022-01-10,"Taking Lives","Taking Lives",https://www.imdb.com/title/tt0364045,Movie,6.2,103,2004,"Thriller, Mystery, Crime",101200,"2004-03-19","D.J. Caruso"
tt5439812,7,2022-01-09,"Zola","@zola",https://www.imdb.com/title/tt5439812,Movie,6.4,86,2020,"Drama, Comedy, Crime",20760,"2021-06-30","Janicza Bravo"
tt1131734,5,2022-01-08,"Jennifer's Body","Jennifer's Body",https://www.imdb.com/title/tt1131734,Movie,5.6,102,2009,"Comedy, Horror",176682,"2009-09-18","Karyn Kusama"
tt1625346,6,2022-01-08,"Young Adult","Young Adult",https://www.imdb.com/title/tt1625346,Movie,6.3,94,2011,"Comedy, Drama",90441,"2011-12-16","Jason Reitman"
tt4513678,5,2022-01-08,"Ghostbusters: Afterlife","Ghostbusters: Afterlife",https://www.imdb.com/title/tt4513678,Movie,7.0,124,2021,"Comedy, Fantasy, Adventure, Sci-Fi",242672,"2021-11-19","Jason Reitman"
tt13316722,7,2022-01-07,"Seobok","Seobok",https://www.imdb.com/title/tt13316722,Movie,6.1,114,2021,"Action, Sci-Fi, Thriller, Drama",4805,"2021-04-15","Lee Yong-ju"
tt0067893,6,2022-01-05,"Two-Lane Blacktop","Two-Lane Blacktop",https://www.imdb.com/title/tt0067893,Movie,7.2,102,1971,"Drama",14529,"1971-07-23","Monte Hellman"
tt0082136,5,2022-01-05,"The Cannonball Run","The Cannonball Run",https://www.imdb.com/title/tt0082136,Movie,6.3,95,1981,"Sport, Comedy, Action",44072,"1981-06-19","Hal Needham"
tt14941222,6,2022-01-05,"Hostage: Missing Celebrity","Injil",https://www.imdb.com/title/tt14941222,Movie,6.3,94,2021,"Action, Crime, Drama, Thriller",1334,"2021-08-18","Pil Gam-Sung"
tt0096316,7,2022-01-04,"Tucker: The Man and His Dream","Tucker: The Man and His Dream",https://www.imdb.com/title/tt0096316,Movie,6.9,110,1988,"Biography, Comedy, Drama",22786,"1988-08-12","Francis Ford Coppola"
tt0067927,7,2022-01-03,"Vanishing Point","Vanishing Point",https://www.imdb.com/title/tt0067927,Movie,7.2,99,1971,"Thriller, Crime, Action",32455,"1971-03-13","Richard C. Sarafian"
tt9844522,6,2022-01-03,"Escape Room: Tournament of Champions","Escape Room: Tournament of Champions",https://www.imdb.com/title/tt9844522,Movie,5.8,88,2021,"Mystery, Thriller, Horror, Action, Adventure, Sci-Fi",69408,"2021-07-16","Adam Robitel"
tt5886046,6,2022-01-03,"Escape Room","Escape Room",https://www.imdb.com/title/tt5886046,Movie,6.4,99,2019,"Thriller, Action, Adventure, Mystery, Horror, Sci-Fi",161573,"2019-01-04","Adam Robitel"
tt14168118,7,2022-01-03,"7 Prisoners","7 Prisioneiros",https://www.imdb.com/title/tt14168118,Movie,7.1,93,2021,"Drama, Crime",10527,"2021-11-11","Alexandre Moratto"
tt8847712,7,2021-12-31,"The French Dispatch","The French Dispatch of the Liberty, Kansas Evening Sun",https://www.imdb.com/title/tt8847712,Movie,7.1,107,2021,"Comedy, Drama, Romance",170002,"2021-10-22","Wes Anderson"
tt10986222,8,2021-12-31,"C'mon C'mon","C'mon C'mon",https://www.imdb.com/title/tt10986222,Movie,7.3,109,2021,"Drama",43249,"2021-11-24","Mike Mills"
tt11286314,6,2021-12-30,"Don't Look Up","Don't Look Up",https://www.imdb.com/title/tt11286314,Movie,7.1,138,2021,"Comedy, Drama, Sci-Fi",677986,"2021-12-24","Adam McKay"
tt12680684,7,2021-12-29,"The Hand of God","È stata la mano di Dio",https://www.imdb.com/title/tt12680684,Movie,7.3,130,2021,"Drama",54929,"2021-12-15","Paolo Sorrentino"
tt0102015,8,2021-12-28,"Hearts of Darkness: A Filmmaker's Apocalypse","Hearts of Darkness: A Filmmaker's Apocalypse",https://www.imdb.com/title/tt0102015,Movie,8.1,96,1991,"Documentary",25994,"1991-12-06","Fax Bahr,George Hickenlooper,Eleanor Coppola"
tt13207508,6,2021-12-28,"Swan Song","Swan Song",https://www.imdb.com/title/tt13207508,Movie,6.8,116,2021,"Drama, Sci-Fi, Romance, Thriller",20088,"2021-12-17","Benjamin Cleary"
tt8132778,6,2021-12-27,"Night of the Kings","La nuit des rois",https://www.imdb.com/title/tt8132778,Movie,6.5,93,2020,"Drama, Fantasy",3123,"2021-02-26","Philippe Lacôte"
tt11394168,7,2021-12-27,"Be Water","Be Water",https://www.imdb.com/title/tt11394168,Movie,7.3,105,2020,"Documentary",2363,"2020-06-07","Bao Nguyen"
tt11337862,7,2021-12-27,"Friends: The Reunion","Friends: The Reunion",https://www.imdb.com/title/tt11337862,TV Special,8.0,104,2021,"Documentary, Comedy, Biography, History",68731,"2021-05-27","Russell Norman,Ben Winston"
tt2953050,7,2021-12-27,"Encanto","Encanto",https://www.imdb.com/title/tt2953050,Movie,7.2,102,2021,"Animation, Musical, Family, Fantasy, Comedy",300323,"2021-11-24","Jared Bush,Byron Howard,Charise Castro Smith"
tt3356434,6,2021-12-25,"My Own Man","My Own Man",https://www.imdb.com/title/tt3356434,Movie,6.4,82,2014,"Documentary, Comedy, Drama, Family",483,"2014-12-31","David Sampliner"
tt10944760,6,2021-12-25,"Titane","Titane",https://www.imdb.com/title/tt10944760,Movie,6.4,108,2021,"Drama, Thriller, Sci-Fi, Horror",67305,"2021-10-01","Julia Ducournau"
tt4244994,8,2021-12-25,"The Last Duel","The Last Duel",https://www.imdb.com/title/tt4244994,Movie,7.3,152,2021,"Drama, History, Thriller",209210,"2021-10-15","Ridley Scott"
tt0083658,10,2021-12-23,"Blade Runner","Blade Runner",https://www.imdb.com/title/tt0083658,Movie,8.1,117,1982,"Thriller, Action, Drama, Sci-Fi",887997,"1982-06-25","Ridley Scott"
tt10288566,8,2021-12-23,"Another Round","Druk",https://www.imdb.com/title/tt10288566,Movie,7.7,117,2020,"Drama, Comedy",229526,"2020-12-18","Thomas Vinterberg"
tt4028464,8,2021-12-22,"The Innocents","De uskyldige",https://www.imdb.com/title/tt4028464,Movie,7.0,117,2021,"Thriller, Drama, Horror, Fantasy",30305,"2021-09-03","Eskil Vogt"
tt7468056,7,2021-12-22,"The Outlaws","Beomjoidosi",https://www.imdb.com/title/tt7468056,Movie,7.2,121,2017,"Action, Crime, Thriller",16937,"2017-10-06","Yunsung Kang"
tt4761916,7,2021-12-21,"Unfriended: Dark Web","Unfriended: Dark Web",https://www.imdb.com/title/tt4761916,Movie,6.1,92,2018,"Horror, Mystery, Thriller",43458,"2018-07-20","Stephen Susco"
tt7740510,6,2021-12-21,"Antlers","Antlers",https://www.imdb.com/title/tt7740510,Movie,5.9,99,2021,"Horror, Mystery, Drama",50048,"2021-10-29","Scott Cooper"
tt12800524,6,2021-12-20,"Encounter","Encounter",https://www.imdb.com/title/tt12800524,Movie,5.9,108,2021,"Sci-Fi, Thriller, Drama",11724,"2021-12-10","Michael Pearce"
tt10329614,7,2021-12-20,"Censor","Censor",https://www.imdb.com/title/tt10329614,Movie,5.9,84,2021,"Horror, Mystery, Thriller",23471,"2021-06-11","Prano Bailey-Bond"
tt10334438,7,2021-12-20,"Becoming Cousteau","Becoming Cousteau",https://www.imdb.com/title/tt10334438,Movie,7.1,94,2021,"Documentary, Adventure, Biography",1734,"2021-11-24","Liz Garbus"
tt9243804,7,2021-12-20,"The Green Knight","The Green Knight",https://www.imdb.com/title/tt9243804,Movie,6.5,130,2021,"Fantasy, Drama, Adventure",133516,"2021-07-30","David Lowery"
tt7504818,7,2021-12-19,"Ron's Gone Wrong","Ron's Gone Wrong",https://www.imdb.com/title/tt7504818,Movie,7.1,107,2021,"Animation, Adventure, Comedy, Family, Sci-Fi",46301,"2021-10-22","Sarah Smith,Jean-Philippe Vine,Octavio E. Rodriguez"
tt11196036,6,2021-12-19,"The Card Counter","The Card Counter",https://www.imdb.com/title/tt11196036,Movie,6.2,111,2021,"Thriller, Drama, Crime",47449,"2021-09-10","Paul Schrader"
tt8134470,7,2021-12-18,"The Undoing","The Undoing",https://www.imdb.com/title/tt8134470,TV Mini Series,7.4,60,2020,"Drama, Thriller, Crime, Mystery",118636,"2020-10-25",
tt11233960,5,2021-12-15,"The Unforgivable","The Unforgivable",https://www.imdb.com/title/tt11233960,Movie,7.2,112,2021,"Drama, Crime, Mystery",129353,"2021-12-10","Nora Fingscheidt"
tt0102343,5,2021-12-15,"Love Potion No. 9","Love Potion No. 9",https://www.imdb.com/title/tt0102343,Movie,5.7,92,1992,"Fantasy, Romance, Comedy",16161,"1992-11-13","Dale Launer"
tt0106697,6,2021-12-15,"Demolition Man","Demolition Man",https://www.imdb.com/title/tt0106697,Movie,6.7,115,1993,"Thriller, Sci-Fi, Action",210627,"1993-10-08","Marco Brambilla"
tt0117913,8,2021-12-15,"A Time to Kill","A Time to Kill",https://www.imdb.com/title/tt0117913,Movie,7.5,149,1996,"Crime, Drama, Thriller",210681,"1996-07-24","Joel Schumacher"
tt0313737,5,2021-12-15,"Two Weeks Notice","Two Weeks Notice",https://www.imdb.com/title/tt0313737,Movie,6.2,101,2002,"Comedy, Romance",134409,"2002-12-20","Marc Lawrence"
tt0212346,6,2021-12-15,"Miss Congeniality","Miss Congeniality",https://www.imdb.com/title/tt0212346,Movie,6.4,109,2000,"Crime, Action, Romance, Comedy",250812,"2000-12-22","Donald Petrie"
tt6385952,6,2021-12-15,"Volition","Volition",https://www.imdb.com/title/tt6385952,Movie,5.6,91,2019,"Sci-Fi, Thriller, Crime, Drama",2551,"2020-07-10","Tony Dean Smith"
tt10574558,7,2021-12-13,"Midnight Mass","Midnight Mass",https://www.imdb.com/title/tt10574558,TV Mini Series,7.7,60,2021,"Horror, Drama, Mystery, Fantasy",172413,"2021-09-24",
tt10023286,7,2021-12-13,"The Humans","The Humans",https://www.imdb.com/title/tt10023286,Movie,6.1,108,2021,"Drama",11963,"2021-11-24","Stephen Karam"
tt9735470,8,2021-12-12,"Little Fish","Little Fish",https://www.imdb.com/title/tt9735470,Movie,7.0,101,2020,"Sci-Fi, Romance, Drama",9457,"2021-02-05","Chad Hartigan"
tt10208198,7,2021-12-12,"The Gangster, the Cop, the Devil","Akinjeon",https://www.imdb.com/title/tt10208198,Movie,7.0,109,2019,"Action, Crime, Thriller",34797,"2019-05-15","Lee Won-tae"
tt0465538,8,2021-12-12,"Michael Clayton","Michael Clayton",https://www.imdb.com/title/tt0465538,Movie,7.2,119,2007,"Drama, Thriller, Crime, Mystery",184858,"2007-10-12","Tony Gilroy"
tt12731980,7,2021-12-12,"Old Henry","Old Henry",https://www.imdb.com/title/tt12731980,Movie,7.3,99,2021,"Action, Drama, Western",48144,"2021-10-01","Potsy Ponciroli"
tt0425112,7,2021-12-10,"Hot Fuzz","Hot Fuzz",https://www.imdb.com/title/tt0425112,Movie,7.8,121,2007,"Comedy, Action, Mystery, Thriller",571194,"2007-04-20","Edgar Wright"
tt14810692,7,2021-12-10,"Escape from Mogadishu","Mogadisyu",https://www.imdb.com/title/tt14810692,Movie,7.0,121,2021,"Action, Drama, Thriller",8682,"2021-08-06","Ryoo Seung-wan"
tt3420504,6,2021-12-10,"Finch","Finch",https://www.imdb.com/title/tt3420504,Movie,6.9,115,2021,"Sci-Fi, Drama, Adventure",113155,"2021-11-05","Miguel Sapochnik"
tt11041106,7,2021-12-09,"The Justice of Bunny King","The Justice of Bunny King",https://www.imdb.com/title/tt11041106,Movie,6.7,101,2021,"Drama",851,"2022-09-23","Gaysorn Thavat"
tt11563364,6,2021-12-09,"Repeat","Repeat",https://www.imdb.com/title/tt11563364,Movie,5.4,95,2021,"Sci-Fi, Mystery, Thriller, Drama",561,"2021-11-19","Grant Archer,Richard Miller"
tt11738830,6,2021-12-08,"The Beta Test","The Beta Test",https://www.imdb.com/title/tt11738830,Movie,6.1,93,2021,"Thriller, Comedy, Drama, Mystery",7328,"2021-10-15","Jim Cummings,PJ McCabe"
tt0113419,6,2021-12-06,"The Indian in the Cupboard","The Indian in the Cupboard",https://www.imdb.com/title/tt0113419,Movie,6.0,96,1995,"Fantasy, Drama, Family",33374,"1995-07-14","Frank Oz"
tt0095031,7,2021-12-06,"Dirty Rotten Scoundrels","Dirty Rotten Scoundrels",https://www.imdb.com/title/tt0095031,Movie,7.4,110,1988,"Crime, Comedy",87095,"1988-12-14","Frank Oz"
tt0365748,7,2021-12-05,"Shaun of the Dead","Shaun of the Dead",https://www.imdb.com/title/tt0365748,Movie,7.8,99,2004,"Comedy, Horror",643202,"2004-09-24","Edgar Wright"
tt0212671,9,2021-12-05,"Malcolm in the Middle","Malcolm in the Middle",https://www.imdb.com/title/tt0212671,TV Series,8.2,22,2000,"Family, Drama, Comedy",162121,"2000-01-09",
tt10621032,7,2021-12-04,"Lupin III: The First","Lupin III: The First",https://www.imdb.com/title/tt10621032,Movie,6.9,93,2019,"Animation, Adventure, Mystery, Action, Crime, Comedy",4376,"2020-10-18","Takashi Yamazaki"
tt7097896,6,2021-12-04,"Venom: Let There Be Carnage","Venom: Let There Be Carnage",https://www.imdb.com/title/tt7097896,Movie,5.9,97,2021,"Action, Thriller, Sci-Fi, Adventure, Fantasy, Horror, Crime",309083,"2021-10-01","Andy Serkis"
tt14035242,7,2021-12-03,"A Cop Movie","Una película de policías",https://www.imdb.com/title/tt14035242,Movie,7.0,107,2021,"Documentary, Drama, Action, Crime, Thriller",2449,"2021-11-05","Alonso Ruizpalacios"
tt14505430,7,2021-12-01,"Ascension","Ascension",https://www.imdb.com/title/tt14505430,Movie,7.0,97,2021,"Documentary",4474,"2021-11-15","Jessica Kingdon"
tt0425118,8,2021-11-29,"I Know This Much Is True","I Know This Much Is True",https://www.imdb.com/title/tt0425118,TV Mini Series,8.1,60,2020,"Drama",28037,"2020-05-10",
tt1703148,6,2021-11-29,"The Hunter","The Hunter",https://www.imdb.com/title/tt1703148,Movie,6.7,100,2011,"Drama, Adventure, Thriller",42915,"2011-10-06","Daniel Nettheim"
tt1167638,6,2021-11-29,"22 Bullets","L'immortel",https://www.imdb.com/title/tt1167638,Movie,6.6,117,2010,"Crime, Action, Thriller, Drama",38219,"2010-03-24","Richard Berry"
tt1439629,8,2021-11-25,"Community","Community",https://www.imdb.com/title/tt1439629,TV Series,8.5,22,2009,"Comedy",313423,"2009-09-17",
tt8721424,8,2021-11-25,"tick, tick... BOOM!","Tick, Tick... Boom!",https://www.imdb.com/title/tt8721424,Movie,7.5,115,2021,"Musical, Biography, Drama, Comedy",129713,"2021-11-19","Lin-Manuel Miranda"
tt9812474,6,2021-11-23,"Lamb","Dýrið",https://www.imdb.com/title/tt9812474,Movie,6.3,106,2021,"Drama, Fantasy, Horror",45223,"2021-10-08","Valdimar Jóhannsson"
tt9639470,7,2021-11-23,"Last Night in Soho","Last Night in Soho",https://www.imdb.com/title/tt9639470,Movie,7.0,116,2021,"Horror, Thriller, Drama, Mystery",201526,"2021-10-29","Edgar Wright"
tt0091419,8,2021-11-21,"Little Shop of Horrors","Little Shop of Horrors",https://www.imdb.com/title/tt0091419,Movie,7.1,94,1986,"Musical, Romance, Horror, Comedy",95531,"1986-12-19","Frank Oz"
tt7230750,7,2021-11-19,"The Velvet Underground","The Velvet Underground",https://www.imdb.com/title/tt7230750,Movie,7.3,121,2021,"Documentary, Music",6265,"2021-10-15","Todd Haynes"
tt0220627,7,2021-11-19,"Maelstrom","Maelström",https://www.imdb.com/title/tt0220627,Movie,6.7,87,2000,"Drama",8122,"2000-09-15","Denis Villeneuve"
tt15674216,8,2021-11-19,"Animal","Animal",https://www.imdb.com/title/tt15674216,TV Series,7.9,45,2021,"Documentary",1754,"2021-11-10",
tt2382320,7,2021-11-18,"No Time to Die","No Time to Die",https://www.imdb.com/title/tt2382320,Movie,7.3,163,2021,"Action, Thriller, Adventure",492533,"2021-10-08","Cary Joji Fukunaga"
tt0126886,7,2021-11-17,"Election","Election",https://www.imdb.com/title/tt0126886,Movie,7.2,103,1999,"Romance, Comedy",112014,"1999-05-07","Alexander Payne"
tt0364725,5,2021-11-17,"Dodgeball: A True Underdog Story","Dodgeball: A True Underdog Story",https://www.imdb.com/title/tt0364725,Movie,6.7,92,2004,"Comedy, Sport",288499,"2004-06-18","Rawson Marshall Thurber"
tt7991608,5,2021-11-17,"Red Notice","Red Notice",https://www.imdb.com/title/tt7991608,Movie,6.3,118,2021,"Action, Comedy, Thriller",358357,"2021-11-12","Rawson Marshall Thurber"
tt10687506,6,2021-11-16,"The Electrical Life of Louis Wain","The Electrical Life of Louis Wain",https://www.imdb.com/title/tt10687506,Movie,6.8,111,2021,"Biography, Drama, History",24042,"2021-11-05","Will Sharpe"
tt9376612,7,2021-11-14,"Shang-Chi and the Legend of the Ten Rings","Shang-Chi and the Legend of the Ten Rings",https://www.imdb.com/title/tt9376612,Movie,7.3,132,2021,"Action, Adventure, Fantasy, Sci-Fi",497276,"2021-09-03","Destin Daniel Cretton"
tt11121664,8,2021-11-14,"Blue Bayou","Blue Bayou",https://www.imdb.com/title/tt11121664,Movie,7.1,117,2021,"Drama, Crime",11872,"2021-09-17","Justin Chon"
tt0371606,5,2021-11-12,"Chicken Little","Chicken Little",https://www.imdb.com/title/tt0371606,Movie,5.7,81,2005,"Animation, Family, Comedy, Sci-Fi, Adventure, Fantasy",110413,"2005-11-04","Mark Dindal"
tt0389790,6,2021-11-12,"Bee Movie","Bee Movie",https://www.imdb.com/title/tt0389790,Movie,6.1,91,2007,"Animation, Comedy, Family, Adventure, Drama, Romance",199724,"2007-11-02","Steve Hickner,Simon J. Smith"
tt0425061,6,2021-11-12,"Get Smart","Get Smart",https://www.imdb.com/title/tt0425061,Movie,6.5,110,2008,"Action, Comedy, Adventure",239587,"2008-06-20","Peter Segal"
tt10696784,6,2021-11-10,"The Harder They Fall","The Harder They Fall",https://www.imdb.com/title/tt10696784,Movie,6.6,139,2021,"Drama, Western, Action",78329,"2021-11-03","Jeymes Samuel"
tt15141288,6,2021-11-09,"If I Can't Have Love, I Want Power","If I Can't Have Love, I Want Power",https://www.imdb.com/title/tt15141288,Movie,6.5,53,2021,"Musical, Horror, Fantasy, Drama",2092,"2021-10-07","Colin Tilley"
tt0102803,6,2021-11-08,"The Rocketeer","The Rocketeer",https://www.imdb.com/title/tt0102803,Movie,6.6,108,1991,"Thriller, Sci-Fi, Adventure, Family, Action",66250,"1991-06-21","Joe Johnston"
tt14460998,7,2021-11-08,"Blush","Blush",https://www.imdb.com/title/tt14460998,Short,7.6,11,2021,"Animation, Short, Sci-Fi, Romance, Family, Drama",2668,"2021-10-01","Joe Mateo"
tt10451852,7,2021-11-07,"Nine Days","Nine Days",https://www.imdb.com/title/tt10451852,Movie,6.8,124,2020,"Drama, Fantasy",13833,"2021-07-30","Edson Oda"
tt9347730,6,2021-11-07,"Candyman","Candyman",https://www.imdb.com/title/tt9347730,Movie,5.9,91,2021,"Horror, Thriller",84196,"2021-08-27","Nia DaCosta"
tt1935156,8,2021-11-07,"Jodorowsky's Dune","Jodorowsky's Dune",https://www.imdb.com/title/tt1935156,Movie,8.0,90,2013,"Documentary",29451,"2016-03-16","Frank Pavich"
tt11790780,8,2021-11-07,"The Alpinist","The Alpinist",https://www.imdb.com/title/tt11790780,Movie,7.9,92,2021,"Documentary, Biography, Sport",17263,"2021-09-10","Peter Mortimer,Nick Rosen"
tt0104952,8,2021-11-05,"My Cousin Vinny","My Cousin Vinny",https://www.imdb.com/title/tt0104952,Movie,7.6,120,1992,"Crime, Comedy",160828,"1992-03-13","Jonathan Lynn"
tt0074916,7,2021-11-05,"Mr. Klein","Mr. Klein",https://www.imdb.com/title/tt0074916,Movie,7.5,123,1976,"Crime, Mystery, War, Thriller, Drama",10694,"1976-09-23","Joseph Losey"
tt13024674,6,2021-11-04,"Army of Thieves","Army of Thieves",https://www.imdb.com/title/tt13024674,Movie,6.4,127,2021,"Action, Crime, Thriller, Comedy",98782,"2021-10-29","Matthias Schweighöfer"
tt10696896,6,2021-11-04,"Stillwater","Stillwater",https://www.imdb.com/title/tt10696896,Movie,6.6,139,2021,"Drama, Thriller, Crime, Mystery",64766,"2021-07-30","Tom McCarthy"
tt1160419,8,2021-11-04,"Dune: Part One","Dune: Part One",https://www.imdb.com/title/tt1160419,Movie,8.0,155,2021,"Sci-Fi, Adventure, Drama, Action",1083356,"2021-10-22","Denis Villeneuve"
tt0119013,5,2021-11-03,"Double Team","Double Team",https://www.imdb.com/title/tt0119013,Movie,4.8,93,1997,"Comedy, Sci-Fi, Thriller, Action",39049,"1997-04-04","Hark Tsui"
tt8368408,6,2021-11-03,"Gunpowder Milkshake","Gunpowder Milkshake",https://www.imdb.com/title/tt8368408,Movie,6.1,114,2021,"Thriller, Action, Crime",56236,"2021-07-14","Navot Papushado"
tt10954652,7,2021-10-31,"Old","Old",https://www.imdb.com/title/tt10954652,Movie,5.8,108,2021,"Thriller, Drama, Mystery",185542,"2021-07-23","M. Night Shyamalan"
tt6246322,5,2021-10-31,"Don't Breathe 2","Don't Breathe 2",https://www.imdb.com/title/tt6246322,Movie,6.0,98,2021,"Thriller, Action, Crime, Horror",82941,"2021-08-13","Rodo Sayagues"
tt0397065,4,2021-10-30,"House of Wax","House of Wax",https://www.imdb.com/title/tt0397065,Movie,5.5,113,2005,"Horror, Thriller",147152,"2005-05-06","Jaume Collet-Serra"
tt0870154,5,2021-10-30,"Jungle Cruise","Jungle Cruise",https://www.imdb.com/title/tt0870154,Movie,6.5,127,2021,"Adventure, Fantasy, Action, Comedy",229187,"2021-07-30","Jaume Collet-Serra"
tt0305711,5,2021-10-28,"Just Married","Just Married",https://www.imdb.com/title/tt0305711,Movie,5.5,95,2003,"Romance, Comedy",78097,"2003-01-10","Shawn Levy"
tt6264654,6,2021-10-28,"Free Guy","Free Guy",https://www.imdb.com/title/tt6264654,Movie,7.1,115,2021,"Action, Comedy, Sci-Fi, Adventure, Fantasy, Romance",495016,"2021-08-13","Shawn Levy"
tt0221218,6,2021-10-27,"The Glass House","The Glass House",https://www.imdb.com/title/tt0221218,Movie,5.8,106,2001,"Crime, Drama, Mystery, Thriller",43475,"2001-09-14","Daniel Sackheim"
tt0401729,6,2021-10-23,"John Carter","John Carter",https://www.imdb.com/title/tt0401729,Movie,6.6,132,2012,"Sci-Fi, Action, Adventure",300675,"2012-03-09","Andrew Stanton"
tt0116996,6,2021-10-18,"Mars Attacks!","Mars Attacks!",https://www.imdb.com/title/tt0116996,Movie,6.4,106,1996,"Sci-Fi, Comedy",260311,"1996-12-13","Tim Burton"
tt0090329,6,2021-10-18,"Witness","Witness",https://www.imdb.com/title/tt0090329,Movie,7.3,112,1985,"Crime, Romance, Drama, Thriller",115024,"1985-02-08","Peter Weir"
tt15402912,7,2021-10-14,"Bad Sport","Bad Sport",https://www.imdb.com/title/tt15402912,TV Series,7.3,60,2021,"Documentary, Crime, Mystery, Sport",3062,"2021-10-06",
tt8086474,7,2021-10-07,"Adam: The Prophet","ADAM: Episode 3",https://www.imdb.com/title/tt8086474,Short,6.7,9,2017,"Animation, Short, Sci-Fi",1699,"2017-11-30","Neill Blomkamp"
tt7527030,6,2021-10-07,"Kapture","Kapture: Fluke",https://www.imdb.com/title/tt7527030,Short,5.9,5,2017,"Animation, Short, Comedy",1703,"2017-08-03","Neill Blomkamp"
tt13644656,5,2021-10-07,"Gdansk","Gdansk",https://www.imdb.com/title/tt13644656,Short,4.7,2,2017,"Animation, Short, Fantasy",1146,"2017-11-21","Neill Blomkamp"
tt6990734,7,2021-10-07,"Rakka","Rakka",https://www.imdb.com/title/tt6990734,Short,7.2,22,2017,"Short, Horror, Sci-Fi, War",9761,"2017-06-14","Neill Blomkamp"
tt7078780,7,2021-10-07,"Zygote","Zygote",https://www.imdb.com/title/tt7078780,Short,7.2,23,2017,"Short, Sci-Fi, Horror",6303,"2017-07-12","Neill Blomkamp"
tt7078926,7,2021-10-07,"Firebase","Firebase",https://www.imdb.com/title/tt7078926,Short,7.0,27,2017,"Short, Sci-Fi, Horror, War",5417,"2017-06-28","Neill Blomkamp"
tt7136580,5,2021-10-07,"Cooking with Bill","Cooking with Bill",https://www.imdb.com/title/tt7136580,TV Mini Series,4.9,3,2017,"Short, Comedy, Horror",2227,"2017-06-20",
tt7597014,7,2021-10-07,"Adam: The Mirror","Adam: Episode 2",https://www.imdb.com/title/tt7597014,Short,6.6,7,2017,"Animation, Short, Sci-Fi",1941,"2017-10-03","Neill Blomkamp"
tt7136550,7,2021-10-07,"God: Serengeti","God: Serengeti",https://www.imdb.com/title/tt7136550,Short,6.5,4,2017,"Short, Comedy",3111,"2017-07-06","Neill Blomkamp"
tt9033444,6,2021-10-07,"God: City","God: City",https://www.imdb.com/title/tt9033444,Short,6.0,4,2018,"Short, Comedy",1847,"2018-09-21","Neill Blomkamp"
tt3183630,7,2021-10-03,"The Boy and the World","O Menino e o Mundo",https://www.imdb.com/title/tt3183630,Movie,7.5,80,2013,"Animation, Adventure, Family",8185,"2014-01-17","Alê Abreu"
tt1683526,8,2021-10-01,"Detachment","Detachment",https://www.imdb.com/title/tt1683526,Movie,7.7,98,2011,"Drama",113343,"2012-02-01","Tony Kaye"
tt0096463,7,2021-10-01,"Working Girl","Working Girl",https://www.imdb.com/title/tt0096463,Movie,6.8,113,1988,"Drama, Romance, Comedy",68444,"1988-12-21","Mike Nichols"
tt0375735,6,2021-09-29,"Enduring Love","Enduring Love",https://www.imdb.com/title/tt0375735,Movie,6.3,100,2004,"Drama, Thriller, Mystery, Romance",11417,"2004-11-26","Roger Michell"
tt11657662,7,2021-09-28,"The Witcher: Nightmare of the Wolf","The Witcher: Nightmare of the Wolf",https://www.imdb.com/title/tt11657662,Movie,7.2,83,2021,"Animation, Action, Adventure, Drama, Fantasy, Mystery",55486,"2021-08-23","Kwang Il Han"
tt2720680,6,2021-09-27,"The Salvation","The Salvation",https://www.imdb.com/title/tt2720680,Movie,6.7,92,2014,"Western, Drama, Action, Thriller",46782,"2015-02-27","Kristian Levring"
tt0118767,7,2021-09-27,"Brother","Brat",https://www.imdb.com/title/tt0118767,Movie,7.8,99,1997,"Thriller, Crime, Drama",29189,"1998-07-08","Aleksey Balabanov"
tt14539744,6,2021-09-24,"Bob Ross: Happy Accidents, Betrayal & Greed","Bob Ross: Happy Accidents, Betrayal & Greed",https://www.imdb.com/title/tt14539744,Movie,6.9,92,2021,"Documentary",7185,"2021-08-25","Joshua Rofé"
tt15101938,7,2021-09-24,"Untold: Breaking Point","Untold: Breaking Point",https://www.imdb.com/title/tt15101938,TV Episode,7.6,68,2021,"Documentary, Biography, Sport, Crime",3742,"2021-09-07","Chapman Way,Maclain Way"
tt2226162,6,2021-09-18,"Hunter Hunter","Hunter Hunter",https://www.imdb.com/title/tt2226162,Movie,6.4,93,2020,"Horror, Thriller, Drama, Mystery",15155,"2020-12-18","Shawn Linden"
tt11307724,5,2021-09-18,"John and the Hole","John and the Hole",https://www.imdb.com/title/tt11307724,Movie,5.1,103,2021,"Drama, Thriller, Horror",6942,"2021-08-06","Pascual Sisto"
tt1504320,8,2021-09-18,"The King's Speech","The King's Speech",https://www.imdb.com/title/tt1504320,Movie,8.0,118,2010,"Drama, Biography, History",735637,"2010-12-25","Tom Hooper"
tt2392830,6,2021-09-18,"A Quiet Passion","A Quiet Passion",https://www.imdb.com/title/tt2392830,Movie,6.4,125,2016,"Biography, Drama, Romance",6730,"2017-04-07","Terence Davies"
tt2910814,7,2021-09-15,"The Signal","The Signal",https://www.imdb.com/title/tt2910814,Movie,6.0,97,2014,"Thriller, Sci-Fi, Drama, Mystery",73298,"2014-07-10","William Eubank"
tt0418773,6,2021-09-14,"Junebug","Junebug",https://www.imdb.com/title/tt0418773,Movie,6.9,106,2005,"Drama, Comedy",24042,"2005-09-16","Phil Morrison"
tt3272066,6,2021-09-14,"Reminiscence","Reminiscence",https://www.imdb.com/title/tt3272066,Movie,5.9,116,2021,"Sci-Fi, Thriller, Romance, Mystery",71366,"2021-08-20","Lisa Joy"
tt2464690,7,2021-09-13,"The Rack Pack","The Rack Pack",https://www.imdb.com/title/tt2464690,Movie,7.0,87,2016,"Sport, Drama, Comedy",1322,"2016-01-17","Brian Welsh"
tt11804152,5,2021-09-13,"Till Death","Till Death",https://www.imdb.com/title/tt11804152,Movie,5.9,91,2021,"Thriller, Horror",31660,"2021-07-02","S.K. Dale"
tt13172796,7,2021-09-13,"Plan B","Plan B",https://www.imdb.com/title/tt13172796,Movie,6.7,107,2021,"Comedy",5501,"2021-05-28","Natalie Morales"
tt0838283,6,2021-09-13,"Step Brothers","Step Brothers",https://www.imdb.com/title/tt0838283,Movie,6.9,98,2008,"Comedy",343951,"2008-07-25","Adam McKay"
tt0289848,5,2021-09-13,"Analyze That","Analyze That",https://www.imdb.com/title/tt0289848,Movie,5.9,96,2002,"Crime, Comedy",93324,"2002-12-06","Harold Ramis"
tt0469623,8,2021-09-13,"Things We Lost in the Fire","Things We Lost in the Fire",https://www.imdb.com/title/tt0469623,Movie,7.1,118,2007,"Drama",30752,"2007-10-19","Susanne Bier"
tt8143990,7,2021-09-13,"Kajillionaire","Kajillionaire",https://www.imdb.com/title/tt8143990,Movie,6.4,104,2020,"Drama, Crime, Comedy",24189,"2020-09-25","Miranda July"
tt0947810,6,2021-09-12,"Green Zone","Green Zone",https://www.imdb.com/title/tt0947810,Movie,6.8,115,2010,"Drama, War, Action, Thriller",148393,"2010-03-12","Paul Greengrass"
tt0475276,8,2021-09-12,"United 93","United 93",https://www.imdb.com/title/tt0475276,Movie,7.6,111,2006,"Drama, Thriller, History, Action",115956,"2006-04-28","Paul Greengrass"
tt0110632,7,2021-09-12,"Natural Born Killers","Natural Born Killers",https://www.imdb.com/title/tt0110632,Movie,7.2,119,1994,"Romance, Crime",269471,"1994-08-26","Oliver Stone"
tt0469641,6,2021-09-12,"World Trade Center","World Trade Center",https://www.imdb.com/title/tt0469641,Movie,6.0,129,2006,"Drama, History, Thriller",92342,"2006-08-09","Oliver Stone"
tt14512538,8,2021-09-11,"Roadrunner: A Film About Anthony Bourdain","Roadrunner: A Film About Anthony Bourdain",https://www.imdb.com/title/tt14512538,Movie,7.7,119,2021,"Documentary",11489,"2021-07-16","Morgan Neville"
tt0113799,8,2021-09-11,"Memories","Memories",https://www.imdb.com/title/tt0113799,Movie,7.5,113,1995,"Animation, Thriller, Drama, Horror, Sci-Fi",26396,"1995-12-23","Katsuhiro Ōtomo,Kōji Morimoto,Tensai Okamura"
tt3464896,8,2021-09-10,"Small Axe","Small Axe",https://www.imdb.com/title/tt3464896,TV Mini Series,7.8,81,2020,"Drama, History",5852,"2020-11-20",
tt4648786,7,2021-09-10,"Harriet","Harriet",https://www.imdb.com/title/tt4648786,Movie,6.8,125,2019,"Biography, Drama, History, Action",36863,"2019-11-01","Kasi Lemmons"
tt0104036,7,2021-09-09,"The Crying Game","The Crying Game",https://www.imdb.com/title/tt0104036,Movie,7.2,112,1992,"Thriller, Drama, Crime, Romance",63741,"1993-02-19","Neil Jordan"
tt2239822,7,2021-09-09,"Valerian and the City of a Thousand Planets","Valerian and the City of a Thousand Planets",https://www.imdb.com/title/tt2239822,Movie,6.4,136,2017,"Sci-Fi, Action, Adventure, Fantasy",210904,"2017-07-21","Luc Besson"
tt3833822,8,2021-09-09,"Daft Punk Unchained","Daft Punk Unchained",https://www.imdb.com/title/tt3833822,Movie,7.3,85,2015,"Documentary, Music",3639,"2015-06-24","Hervé Martin-Delpierre"
tt6910006,7,2021-09-09,"End of Sentence","End of Sentence",https://www.imdb.com/title/tt6910006,Movie,6.6,96,2019,"Drama, Adventure",5043,"2019-09-26","Elfar Adalsteins"
tt10808832,6,2021-09-09,"Let Them All Talk","Let Them All Talk",https://www.imdb.com/title/tt10808832,Movie,6.1,113,2020,"Drama, Comedy",14626,"2020-12-10","Steven Soderbergh"
tt8372298,6,2021-09-07,"Swallow","Swallow",https://www.imdb.com/title/tt8372298,Movie,6.5,94,2019,"Drama, Thriller, Mystery",32711,"2020-06-05","Carlo Mirabella-Davis"
tt1276419,7,2021-09-07,"A Royal Affair","En kongelig affære",https://www.imdb.com/title/tt1276419,Movie,7.5,137,2012,"Drama, History, Romance, Biography",54360,"2012-03-29","Nikolaj Arcel"
tt7983894,6,2021-09-06,"Ammonite","Ammonite",https://www.imdb.com/title/tt7983894,Movie,6.5,117,2020,"Drama, History, Romance",27045,"2020-11-13","Francis Lee"
tt2991224,7,2021-09-06,"Tangerines","Mandariinid",https://www.imdb.com/title/tt2991224,Movie,8.1,87,2013,"Drama, War",51959,"2015-04-17","Zaza Urushadze"
tt11416746,7,2021-09-06,"Time","Time",https://www.imdb.com/title/tt11416746,Movie,6.8,81,2020,"Documentary, Biography",6584,"2020-10-16","Garrett Bradley"
tt15101956,6,2021-09-05,"Untold: Crimes and Penalties (Danbury Trashers)","Untold: Crimes and Penalties (Danbury Trashers)",https://www.imdb.com/title/tt15101956,TV Episode,7.4,85,2021,"Documentary, Biography, Sport, Crime",5035,"2021-08-31","Chapman Way,Maclain Way"
tt10731768,5,2021-09-05,"Sweet Girl","Sweet Girl",https://www.imdb.com/title/tt10731768,Movie,5.6,110,2021,"Action, Drama, Thriller",38533,"2021-08-20","Brian Andrew Mendoza"
tt12749596,7,2021-09-01,"Host","Host",https://www.imdb.com/title/tt12749596,Movie,6.5,57,2020,"Horror, Mystery",51982,"2020-07-30","Rob Savage"
tt3262342,7,2021-09-01,"Loving Vincent","Loving Vincent",https://www.imdb.com/title/tt3262342,Movie,7.8,94,2017,"Animation, Drama, Mystery",68740,"2017-09-22","DK Welchman,Hugh Welchman"
tt0085426,7,2021-09-01,"The Last Battle","Le dernier combat",https://www.imdb.com/title/tt0085426,Movie,6.7,92,1983,"Sci-Fi",7110,"1984-06-12","Luc Besson"
tt5729348,7,2021-09-01,"Memoir of a Murderer","Salinjaui gieokbeob",https://www.imdb.com/title/tt5729348,Movie,7.2,118,2017,"Thriller, Crime, Mystery, Action",15563,"2017-09-08","Won Shin-yeon"
tt0048980,7,2021-09-01,"The Red Balloon","Le ballon rouge",https://www.imdb.com/title/tt0048980,Short,8.1,34,1956,"Short, Drama, Comedy, Family, Fantasy",21997,"1957-03-11","Albert Lamorisse"
tt1499658,7,2021-09-01,"Horrible Bosses","Horrible Bosses",https://www.imdb.com/title/tt1499658,Movie,6.9,98,2011,"Comedy, Crime",490412,"2011-07-08","Seth Gordon"
tt15101946,6,2021-08-29,"Untold: Caitlyn Jenner","Untold: Caitlyn Jenner",https://www.imdb.com/title/tt15101946,TV Episode,6.5,69,2021,"Documentary, Biography, Sport, Crime",3238,"2022-08-24","Crystal Moselle"
tt0100602,7,2021-08-29,"A Shock to the System","A Shock to the System",https://www.imdb.com/title/tt0100602,Movie,6.6,88,1990,"Crime, Thriller, Comedy",6583,"1990-03-23","Jan Egleson"
tt10831086,5,2021-08-29,"Pixie","Pixie",https://www.imdb.com/title/tt10831086,Movie,5.9,93,2020,"Comedy, Crime, Thriller",6124,"2021-03-05","Barnaby Thompson"
tt0456912,7,2021-08-28,"A Bittersweet Life","Dalkomhan insaeng",https://www.imdb.com/title/tt0456912,Movie,7.5,119,2005,"Action, Drama, Crime, Thriller",47769,"2005-04-01","Kim Jee-woon"
tt8522006,6,2021-08-28,"Happiest Season","Happiest Season",https://www.imdb.com/title/tt8522006,Movie,6.6,102,2020,"Romance, Comedy",53612,"2020-11-25","Clea DuVall"
tt0388727,7,2021-08-26,"Accused","Anklaget",https://www.imdb.com/title/tt0388727,Movie,7.0,103,2005,"Drama",2748,"2005-01-28","Jacob Thuesen"
tt15036416,6,2021-08-25,"Shiny_Flakes: The Teenage Drug Lord","Shiny_Flakes: The Teenage Drug Lord",https://www.imdb.com/title/tt15036416,Movie,7.3,96,2021,"Documentary, Crime, Biography",6517,"2021-08-03","Eva Müller,Michael Schmitt"
tt15085802,6,2021-08-25,"Untold: Malice at the Palace","Untold: Malice at the Palace",https://www.imdb.com/title/tt15085802,TV Episode,7.5,68,2021,"Documentary, Biography, Sport, Crime",10363,"2021-08-10","Floyd Russ"
tt0480025,8,2021-08-24,"This Is England","This Is England",https://www.imdb.com/title/tt0480025,Movie,7.7,101,2006,"Drama, Crime",135866,"2007-04-27","Shane Meadows"
tt6048922,6,2021-08-24,"Greyhound","Greyhound",https://www.imdb.com/title/tt6048922,Movie,7.0,91,2020,"Drama, War, History, Action",135905,"2020-07-10","Aaron Schneider"
tt9617456,7,2021-08-23,"For Sama","For Sama",https://www.imdb.com/title/tt9617456,Movie,8.5,100,2019,"Documentary, War, Biography",13857,"2019-07-26","Waad Al-Kateab,Edward Watts"
tt5700182,4,2021-08-23,"Starfish","Starfish",https://www.imdb.com/title/tt5700182,Movie,5.2,101,2018,"Drama, Sci-Fi, Thriller, Horror",4007,"2019-03-15","A.T. White"
tt4465572,7,2021-08-19,"American Woman","American Woman",https://www.imdb.com/title/tt4465572,Movie,6.8,111,2018,"Drama, Mystery",8775,"2019-06-14","Jake Scott"
tt9172422,7,2021-08-17,"La belle époque","La Belle Époque",https://www.imdb.com/title/tt9172422,Movie,7.4,115,2019,"Comedy, Drama, Romance, Fantasy",22043,"2020-10-02","Nicolas Bedos"
tt8368512,7,2021-08-17,"The Courier","The Courier",https://www.imdb.com/title/tt8368512,Movie,7.2,112,2020,"Thriller, Drama, History, Mystery",82403,"2021-03-19","Dominic Cooke"
tt9536832,7,2021-08-16,"SparkShorts: Kitbull","SparkShorts: Kitbull",https://www.imdb.com/title/tt9536832,TV Episode,8.0,9,2019,"Animation, Short, Comedy, Family, Drama, Fantasy, Sci-Fi",8130,"2019-02-18","Rosana Sullivan"
tt7103168,6,2021-08-16,"SparkShorts: Smash and Grab","SparkShorts: Smash and Grab",https://www.imdb.com/title/tt7103168,TV Episode,6.6,8,2019,"Animation, Short, Comedy, Family, Drama, Fantasy, Sci-Fi",2857,"2019-02-11","Brian Larsen"
tt9536850,6,2021-08-16,"SparkShorts: Wind","SparkShorts: Wind",https://www.imdb.com/title/tt9536850,TV Episode,7.0,8,2019,"Animation, Short, Comedy, Family, Drama, Fantasy, Sci-Fi",2648,"2019-12-13","Edwin Chang"
tt6866224,6,2021-08-16,"The Hummingbird Project","The Hummingbird Project",https://www.imdb.com/title/tt6866224,Movie,6.2,111,2018,"Thriller, Drama",18154,"2019-03-22","Kim Nguyen"
tt8980868,6,2021-08-16,"SparkShorts: Purl","SparkShorts: Purl",https://www.imdb.com/title/tt8980868,TV Episode,6.5,8,2018,"Animation, Short, Comedy, Family, Drama, Fantasy, Sci-Fi",5667,"2019-11-12","Kristen Lester"
tt10238966,6,2021-08-16,"Peanuts in Space: Secrets of Apollo 10","Peanuts in Space: Secrets of Apollo 10",https://www.imdb.com/title/tt10238966,TV Short,6.4,9,2019,"Animation, Short, Family, History",255,"2019-05-18","Morgan Neville,Behzad Mansoori-Dara"
tt12366826,6,2021-08-16,"SparkShorts: Out","SparkShorts: Out",https://www.imdb.com/title/tt12366826,TV Episode,7.5,9,2020,"Animation, Short, Comedy, Family, Drama, Fantasy, Sci-Fi",4296,"2020-05-22","Steven Clay Hunter"
tt9536836,5,2021-08-16,"SparkShorts: Loop","SparkShorts: Loop",https://www.imdb.com/title/tt9536836,TV Episode,6.7,9,2020,"Animation, Short, Comedy, Family, Drama, Fantasy, Sci-Fi",3058,"2020-01-10","Erica Milsom"
tt11358398,7,2021-08-16,"The Man Standing Next","Namsanui bujangdeul",https://www.imdb.com/title/tt11358398,Movie,7.0,114,2020,"Thriller, Drama, History",5137,"2020-01-24","Woo Min-ho"
tt6932874,5,2021-08-16,"The Boss Baby: Family Business","The Boss Baby: Family Business",https://www.imdb.com/title/tt6932874,Movie,5.8,107,2021,"Animation, Comedy, Family, Fantasy, Adventure",27192,"2021-07-02","Tom McGrath"
tt0272338,8,2021-08-16,"Punch-Drunk Love","Punch-Drunk Love",https://www.imdb.com/title/tt0272338,Movie,7.3,95,2002,"Drama, Comedy, Thriller, Romance",199034,"2002-11-01","Paul Thomas Anderson"
tt1527788,8,2021-08-15,"The Man from Nowhere","Ajeossi",https://www.imdb.com/title/tt1527788,Movie,7.7,119,2010,"Action, Drama, Thriller, Crime",81288,"2010-08-05","Lee Jeong-beom"
tt8385148,5,2021-08-14,"Hitman's Wife's Bodyguard","Hitman's Wife's Bodyguard",https://www.imdb.com/title/tt8385148,Movie,6.1,100,2021,"Action, Comedy, Thriller, Crime, Romance",120614,"2021-06-16","Patrick Hughes"
tt2872462,7,2021-08-13,"Mistress America","Mistress America",https://www.imdb.com/title/tt2872462,Movie,6.7,84,2015,"Comedy, Drama",29766,"2015-09-04","Noah Baumbach"
tt0266308,7,2021-08-12,"Battle Royale","Batoru Rowaiaru",https://www.imdb.com/title/tt0266308,Movie,7.5,114,2000,"Thriller, Drama, Action",208465,"2000-12-16","Kinji Fukasaku"
tt10228134,5,2021-08-11,"Jolt","Jolt",https://www.imdb.com/title/tt10228134,Movie,5.6,91,2021,"Action, Thriller, Comedy, Crime",39648,"2021-07-23","Tanya Wexler"
tt0232500,7,2021-08-11,"The Fast and the Furious","The Fast and the Furious",https://www.imdb.com/title/tt0232500,Movie,6.8,106,2001,"Crime, Thriller, Action",463333,"2001-06-22","Rob Cohen"
tt0463985,5,2021-08-11,"The Fast and the Furious: Tokyo Drift","The Fast and the Furious: Tokyo Drift",https://www.imdb.com/title/tt0463985,Movie,6.1,104,2006,"Action, Thriller, Crime",336542,"2006-06-16","Justin Lin"
tt1013752,6,2021-08-11,"Fast & Furious","Fast & Furious",https://www.imdb.com/title/tt1013752,Movie,6.5,107,2009,"Action, Thriller",338987,"2009-04-03","Justin Lin"
tt1596343,7,2021-08-11,"Fast Five","Fast Five",https://www.imdb.com/title/tt1596343,Movie,7.3,130,2011,"Action, Thriller, Crime",436800,"2011-04-29","Justin Lin"
tt5433138,5,2021-08-10,"F9: The Fast Saga","F9",https://www.imdb.com/title/tt5433138,Movie,5.2,143,2021,"Action, Crime, Thriller",182855,"2021-06-25","Justin Lin"
tt11003218,7,2021-08-10,"Pig","Pig",https://www.imdb.com/title/tt11003218,Movie,6.9,92,2021,"Drama, Mystery",106279,"2021-07-16","Michael Sarnoski"
tt6334354,8,2021-08-10,"The Suicide Squad","The Suicide Squad",https://www.imdb.com/title/tt6334354,Movie,7.2,132,2021,"Action, Adventure, Sci-Fi, Comedy",463400,"2021-08-05","James Gunn"
tt14956090,5,2021-08-09,"Tattoo Redo","Tattoo Redo",https://www.imdb.com/title/tt14956090,TV Series,5.9,,2021,"Reality-TV",1056,"2021-07-28",
tt0071935,7,2021-08-09,"The Odessa File","The ODESSA File",https://www.imdb.com/title/tt0071935,Movie,7.0,130,1974,"Drama, Thriller",13598,"1974-10-18","Ronald Neame"
tt14968268,6,2021-08-04,"Myth & Mogul: John DeLorean","Myth & Mogul: John DeLorean",https://www.imdb.com/title/tt14968268,TV Series,6.8,,2021,"Documentary, Crime, Biography",1454,"2021-07-30",
tt11655202,8,2021-08-03,"Riders of Justice","Retfærdighedens ryttere",https://www.imdb.com/title/tt11655202,Movie,7.5,116,2020,"Comedy, Action, Drama, Thriller",77151,"2021-05-21","Anders Thomas Jensen"
tt0403358,7,2021-08-02,"Night Watch","Nochnoy dozor",https://www.imdb.com/title/tt0403358,Movie,6.4,114,2004,"Fantasy, Thriller, Action, Horror",57261,"2006-03-03","Timur Bekmambetov"
tt0409904,6,2021-08-02,"Day Watch","Dnevnoy dozor",https://www.imdb.com/title/tt0409904,Movie,6.4,132,2006,"Action, Fantasy, Thriller, Horror",36512,"2007-06-15","Timur Bekmambetov"
tt6586318,7,2021-07-31,"Patrick Melrose","Patrick Melrose",https://www.imdb.com/title/tt6586318,TV Mini Series,8.0,60,2018,"Drama",35715,"2018-05-12",
tt3554046,4,2021-07-28,"Space Jam: A New Legacy","Space Jam: A New Legacy",https://www.imdb.com/title/tt3554046,Movie,4.5,115,2021,"Animation, Adventure, Family, Comedy, Fantasy, Sci-Fi, Sport",88020,"2021-07-15","Malcolm D. Lee"
tt8610436,8,2021-07-28,"The Sparks Brothers","The Sparks Brothers",https://www.imdb.com/title/tt8610436,Movie,7.7,140,2021,"Documentary, Music, Comedy, Biography, History",6622,"2021-06-18","Edgar Wright"
tt8991268,7,2021-07-27,"Honeyland","Medena zemja",https://www.imdb.com/title/tt8991268,Movie,8.0,89,2019,"Documentary",20605,"2019-07-26","Tamara Kotevska,Ljubomir Stefanov"
tt10896634,6,2021-07-27,"Long Story Short","Long Story Short",https://www.imdb.com/title/tt10896634,Movie,6.6,90,2021,"Comedy, Romance, Fantasy",7780,"2021-07-02","Josh Lawson"
tt7049682,8,2021-07-25,"Watchmen","Watchmen",https://www.imdb.com/title/tt7049682,TV Mini Series,8.2,60,2019,"Drama, Mystery, Sci-Fi, Crime",147360,"2019-10-20",
tt0333766,7,2021-07-19,"Garden State","Garden State",https://www.imdb.com/title/tt0333766,Movie,7.4,102,2004,"Comedy, Romance, Drama",228333,"2004-08-20","Zach Braff"
tt5056196,8,2021-07-19,"Catch-22","Catch-22",https://www.imdb.com/title/tt5056196,TV Mini Series,7.7,45,2019,"Comedy, Drama, War, Action, Thriller",23936,"2019-05-17",
tt8332922,8,2021-07-14,"A Quiet Place Part II","A Quiet Place Part II",https://www.imdb.com/title/tt8332922,Movie,7.2,97,2020,"Drama, Thriller, Sci-Fi, Horror",327399,"2021-05-28","John Krasinski"
tt0255589,7,2021-07-14,"The Isle","Seom",https://www.imdb.com/title/tt0255589,Movie,6.9,90,2000,"Thriller, Drama",15758,"2000-04-22","Kim Ki-duk"
tt1321510,7,2021-07-14,"In the Heights","In the Heights",https://www.imdb.com/title/tt1321510,Movie,7.2,143,2021,"Musical, Drama, Romance",56190,"2021-06-11","Jon M. Chu"
tt3215824,6,2021-07-13,"Those Who Wish Me Dead","Those Who Wish Me Dead",https://www.imdb.com/title/tt3215824,Movie,6.0,100,2021,"Thriller, Action, Drama",80970,"2021-05-14","Taylor Sheridan"
tt9777666,6,2021-07-13,"The Tomorrow War","The Tomorrow War",https://www.imdb.com/title/tt9777666,Movie,6.6,138,2021,"Action, Sci-Fi, Adventure, Thriller, Drama",256619,"2021-07-02","Chris McKay"
tt11760792,6,2021-07-12,"The Human Voice","La voz humana",https://www.imdb.com/title/tt11760792,Short,6.8,30,2020,"Short, Drama",10117,"2021-03-12","Pedro Almodóvar"
tt0398712,6,2021-07-12,"Assault on Precinct 13","Assault on Precinct 13",https://www.imdb.com/title/tt0398712,Movie,6.3,109,2005,"Action, Drama, Crime, Thriller",84807,"2005-01-19","Jean-François Richet"
tt0074156,8,2021-07-12,"Assault on Precinct 13","Assault on Precinct 13",https://www.imdb.com/title/tt0074156,Movie,7.3,91,1976,"Crime, Thriller, Action",61534,"1976-11-05","John Carpenter"
tt13167288,7,2021-07-09,"SparkShorts: Burrow","SparkShorts: Burrow",https://www.imdb.com/title/tt13167288,TV Episode,7.4,6,2020,"Animation, Short, Comedy, Family, Drama, Fantasy, Sci-Fi",7386,"2020-12-25","Madeline Sharafian"
tt9741310,6,2021-07-09,"Slaxx","Slaxx",https://www.imdb.com/title/tt9741310,Movie,5.4,77,2020,"Comedy, Horror",4942,"2021-03-23","Elza Kephart"
tt1979388,6,2021-07-09,"The Good Dinosaur","The Good Dinosaur",https://www.imdb.com/title/tt1979388,Movie,6.7,93,2015,"Animation, Comedy, Family, Adventure, Drama, Fantasy, Action",141747,"2015-11-25","Peter Sohn"
tt12801262,6,2021-07-09,"Luca","Luca",https://www.imdb.com/title/tt12801262,Movie,7.4,95,2021,"Animation, Adventure, Fantasy, Family, Comedy, Drama",226676,"2021-06-18","Enrico Casarosa"
tt5996202,7,2021-07-08,"The Net","Geumul",https://www.imdb.com/title/tt5996202,Movie,7.4,114,2016,"Drama",5090,"2016-10-06","Kim Ki-duk"
tt0274558,8,2021-07-06,"The Hours","The Hours",https://www.imdb.com/title/tt0274558,Movie,7.5,114,2002,"Romance, Drama",147773,"2003-02-14","Stephen Daldry"
tt0117500,8,2021-07-06,"The Rock","The Rock",https://www.imdb.com/title/tt0117500,Movie,7.4,136,1996,"Adventure, Thriller, Action",383352,"1996-06-07","Michael Bay"
tt0215750,8,2021-07-06,"Enemy at the Gates","Enemy at the Gates",https://www.imdb.com/title/tt0215750,Movie,7.5,131,2001,"Action, Drama, War",295074,"2001-03-16","Jean-Jacques Annaud"
tt0116260,7,2021-07-06,"Eye for an Eye","Eye for an Eye",https://www.imdb.com/title/tt0116260,Movie,6.2,101,1996,"Crime, Drama, Thriller",22086,"1996-01-12","John Schlesinger"
tt0177971,6,2021-07-06,"The Perfect Storm","The Perfect Storm",https://www.imdb.com/title/tt0177971,Movie,6.5,130,2000,"Drama, Thriller, Adventure, Action",189719,"2000-06-30","Wolfgang Petersen"
tt0096754,8,2021-07-06,"The Abyss","The Abyss",https://www.imdb.com/title/tt0096754,Movie,7.5,140,1989,"Drama, Mystery, Sci-Fi, Thriller, Adventure",210075,"1989-08-09","James Cameron"
tt0056732,6,2021-07-05,"The Exterminating Angel","El ángel exterminador",https://www.imdb.com/title/tt0056732,Movie,7.9,95,1962,"Fantasy, Drama",38413,"1967-08-21","Luis Buñuel"
tt7736478,6,2021-07-04,"The Traitor","Il traditore",https://www.imdb.com/title/tt7736478,Movie,7.1,153,2019,"Drama, Biography, Crime",14671,"2020-05-12","Marco Bellocchio"
tt9426210,7,2021-07-02,"Weathering with You","Tenki no ko",https://www.imdb.com/title/tt9426210,Movie,7.5,112,2019,"Animation, Fantasy, Romance, Drama",71775,"2020-01-17","Makoto Shinkai"
tt8846176,6,2021-07-01,"Concrete Cowboy","Concrete Cowboy",https://www.imdb.com/title/tt8846176,Movie,6.3,111,2020,"Drama, Western",10583,"2021-04-02","Ricky Staub"
tt0100814,7,2021-06-30,"Tremors","Tremors",https://www.imdb.com/title/tt0100814,Movie,7.2,96,1990,"Horror, Comedy",167523,"1990-01-19","Ron Underwood"
tt4011064,5,2021-06-30,"Metallica: This Monster Lives","Metallica: This Monster Lives",https://www.imdb.com/title/tt4011064,Short,6.0,26,2014,"Documentary, Short",499,"2014-11-28","Joe Berlinger"
tt0387412,8,2021-06-30,"Metallica: Some Kind of Monster","Metallica: Some Kind of Monster",https://www.imdb.com/title/tt0387412,Movie,7.5,84,2004,"Documentary, Music",21160,"2004-09","Joe Berlinger,Bruce Sinofsky"
tt6749332,6,2021-06-28,"Coin Operated","Coin Operated",https://www.imdb.com/title/tt6749332,Short,6.3,5,2017,"Animation, Short",523,"2018-11-13","Nicholas Arioli"
tt9280166,8,2021-06-28,"Feeling Through","Feeling Through",https://www.imdb.com/title/tt9280166,Short,7.5,18,2019,"Short, Drama",2241,"2020-11-09","Doug Roland"
tt11962160,6,2021-06-28,"The Letter Room","The Letter Room",https://www.imdb.com/title/tt11962160,Short,6.8,33,2020,"Short, Comedy, Drama",3420,"2021-03-11","Elvira Lind"
tt8592498,4,2021-06-28,"Murder Bury Win","Murder Bury Win",https://www.imdb.com/title/tt8592498,Movie,5.3,90,2020,"Comedy, Crime, Drama, Fantasy, Thriller",384,"2020-10-06","Michael Lovan"
tt8102806,6,2021-06-28,"The Night","The Night",https://www.imdb.com/title/tt8102806,Movie,5.5,105,2020,"Horror, Thriller, Mystery",3869,"2021-02-24","Kourosh Ahari"
tt11140488,5,2021-06-27,"The Wolf of Snow Hollow","The Wolf of Snow Hollow",https://www.imdb.com/title/tt11140488,Movie,6.2,85,2020,"Horror, Thriller, Comedy, Mystery",29769,"2020-10-09","Jim Cummings"
tt0047478,10,2021-06-26,"Seven Samurai","Shichinin no samurai",https://www.imdb.com/title/tt0047478,Movie,8.6,207,1954,"Drama, Action",404550,"1956-11-19","Akira Kurosawa"
tt0114369,10,2021-06-26,"Seven","Se7en",https://www.imdb.com/title/tt0114369,Movie,8.6,127,1995,"Mystery, Drama, Crime, Thriller",2048286,"1995-09-22","David Fincher"
tt0094625,10,2021-06-26,"Akira","Akira",https://www.imdb.com/title/tt0094625,Movie,8.0,124,1988,"Animation, Drama, Fantasy, Action, Sci-Fi",229917,"1988-07-16","Katsuhiro Ōtomo"
tt0068646,10,2021-06-26,"The Godfather","The Godfather",https://www.imdb.com/title/tt0068646,Movie,9.2,175,1972,"Crime, Drama",2247083,"1972-03-24","Francis Ford Coppola"
tt0327162,5,2021-06-25,"The Stepford Wives","The Stepford Wives",https://www.imdb.com/title/tt0327162,Movie,5.4,93,2004,"Sci-Fi, Horror, Thriller, Comedy",72876,"2004-06-11","Frank Oz"
tt0373926,6,2021-06-25,"The Interpreter","The Interpreter",https://www.imdb.com/title/tt0373926,Movie,6.4,128,2005,"Thriller, Mystery, Crime",116108,"2005-04-22","Sydney Pollack"
tt0427392,6,2021-06-25,"The Invasion","The Invasion",https://www.imdb.com/title/tt0427392,Movie,5.9,99,2007,"Thriller, Sci-Fi",89000,"2007-08-17","Oliver Hirschbiegel"
tt6920356,6,2021-06-25,"The Souvenir","The Souvenir",https://www.imdb.com/title/tt6920356,Movie,6.4,120,2019,"Drama, Romance",15761,"2019-06-07","Joanna Hogg"
tt11394182,6,2021-06-24,"Feels Good Man","Feels Good Man",https://www.imdb.com/title/tt11394182,Movie,7.5,92,2020,"Documentary, Comedy",6032,"2020-08-28","Arthur Jones"
tt0043456,8,2021-06-24,"The Day the Earth Stood Still","The Day the Earth Stood Still",https://www.imdb.com/title/tt0043456,Movie,7.7,92,1951,"Drama, Sci-Fi",89202,"1951-09-20","Robert Wise"
tt0086541,7,2021-06-21,"Videodrome","Videodrome",https://www.imdb.com/title/tt0086541,Movie,7.2,87,1983,"Horror, Thriller, Drama, Sci-Fi",114079,"1983-02-04","David Cronenberg"
tt7638348,5,2021-06-21,"Boss Level","Boss Level",https://www.imdb.com/title/tt7638348,Movie,6.8,100,2020,"Thriller, Action, Adventure, Comedy, Mystery, Sci-Fi",91327,"2021-03-05","Joe Carnahan"
tt8637440,6,2021-06-20,"The Climb","The Climb",https://www.imdb.com/title/tt8637440,Movie,6.7,98,2019,"Comedy, Drama",5627,"2020-11-13","Michael Angelo Covino"
tt0113957,5,2021-06-20,"The Net","The Net",https://www.imdb.com/title/tt0113957,Movie,6.0,114,1995,"Crime, Action, Drama, Mystery, Thriller",80410,"1995-07-28","Irwin Winkler"
tt0446029,8,2021-06-20,"Scott Pilgrim vs. the World","Scott Pilgrim vs. the World",https://www.imdb.com/title/tt0446029,Movie,7.5,112,2010,"Action, Comedy, Romance, Fantasy",499690,"2010-08-13","Edgar Wright"
tt4323594,7,2021-06-18,"I'm No Longer Here","Ya no estoy aquí",https://www.imdb.com/title/tt4323594,Movie,7.3,112,2019,"Drama, Music",10527,"2020-05-27","Fernando Frias"
tt5192124,7,2021-06-18,"Bo Burnham: Make Happy","Bo Burnham: Make Happy",https://www.imdb.com/title/tt5192124,TV Special,8.3,60,2016,"Comedy, Music",17363,"2016-06-03","Bo Burnham,Christopher Storer"
tt6857376,7,2021-06-17,"Palmer","Palmer",https://www.imdb.com/title/tt6857376,Movie,7.3,110,2021,"Drama",52166,"2021-01-29","Fisher Stevens"
tt10016180,5,2021-06-17,"The Little Things","The Little Things",https://www.imdb.com/title/tt10016180,Movie,6.3,128,2021,"Thriller, Crime, Drama, Mystery",144226,"2021-01-29","John Lee Hancock"
tt8285216,7,2021-06-15,"Better Than Us","Luchshe, chem lyudi",https://www.imdb.com/title/tt8285216,TV Series,7.3,52,2018,"Drama, Sci-Fi",12746,"2019-08-16",
tt0139654,9,2021-06-13,"Training Day","Training Day",https://www.imdb.com/title/tt0139654,Movie,7.8,122,2001,"Crime, Drama, Thriller",522849,"2001-10-05","Antoine Fuqua"
tt0314353,6,2021-06-13,"Tears of the Sun","Tears of the Sun",https://www.imdb.com/title/tt0314353,Movie,6.6,121,2003,"Drama, War, Thriller, Action",137091,"2003-03-07","Antoine Fuqua"
tt0349683,5,2021-06-13,"King Arthur","King Arthur",https://www.imdb.com/title/tt0349683,Movie,6.3,126,2004,"War, Drama, Adventure, Action",183666,"2004-07-07","Antoine Fuqua"
tt7069210,6,2021-06-11,"The Conjuring: The Devil Made Me Do It","The Conjuring: The Devil Made Me Do It",https://www.imdb.com/title/tt7069210,Movie,6.2,112,2021,"Horror, Mystery, Thriller",172425,"2021-06-04","Michael Chaves"
tt3228774,6,2021-06-06,"Cruella","Cruella",https://www.imdb.com/title/tt3228774,Movie,7.3,134,2021,"Comedy, Crime, Drama, Adventure",300036,"2021-05-28","Craig Gillespie"
tt11083552,6,2021-06-06,"Wrath of Man","Wrath of Man",https://www.imdb.com/title/tt11083552,Movie,7.1,119,2021,"Action, Thriller, Crime",241643,"2021-05-07","Guy Ritchie"
tt1972591,5,2021-06-06,"King Arthur: Legend of the Sword","King Arthur: Legend of the Sword",https://www.imdb.com/title/tt1972591,Movie,6.7,126,2017,"Action, Adventure, Fantasy, Drama",249060,"2017-05-12","Guy Ritchie"
tt0291502,4,2021-06-06,"Swept Away","Swept Away",https://www.imdb.com/title/tt0291502,Movie,3.6,89,2002,"Romance, Comedy",18903,"2002-10-11","Guy Ritchie"
tt0499097,5,2021-06-05,"Without Remorse","Without Remorse",https://www.imdb.com/title/tt0499097,Movie,5.8,109,2021,"Action, Thriller, War, Drama",71895,"2021-04-30","Stefano Sollima"
tt0249462,8,2021-06-05,"Billy Elliot","Billy Elliot",https://www.imdb.com/title/tt0249462,Movie,7.7,110,2000,"Music, Drama",153271,"2000-11-10","Stephen Daldry"
tt0251075,5,2021-06-05,"Evolution","Evolution",https://www.imdb.com/title/tt0251075,Movie,6.1,101,2001,"Sci-Fi, Comedy",142679,"2001-06-08","Ivan Reitman"
tt10265034,6,2021-06-04,"Land","Land",https://www.imdb.com/title/tt10265034,Movie,6.7,89,2021,"Drama, Adventure",17718,"2021-02-12","Robin Wright"
tt0414387,8,2021-06-03,"Pride & Prejudice","Pride & Prejudice",https://www.imdb.com/title/tt0414387,Movie,7.8,129,2005,"Romance, Drama",381403,"2005-11-23","Joe Wright"
tt6111574,5,2021-06-03,"The Woman in the Window","The Woman in the Window",https://www.imdb.com/title/tt6111574,Movie,5.7,100,2021,"Drama, Thriller, Crime, Mystery",91171,"2021-05-14","Joe Wright"
tt12792418,6,2021-06-02,"Night in Paradise","Nagwonui bam",https://www.imdb.com/title/tt12792418,Movie,6.8,131,2020,"Drama, Crime, Action, Thriller",11004,"2021-04-09","Park Hoon-jung"
tt5304084,6,2021-06-01,"Stripped","Stripped",https://www.imdb.com/title/tt5304084,Short,6.2,12,2016,"Short, Drama",677,"2016-09-07","India Dupré"
tt7520794,8,2021-06-01,"Russian Doll","Russian Doll",https://www.imdb.com/title/tt7520794,TV Series,7.7,30,2019,"Comedy, Drama, Mystery",116891,"2019-02-01",
tt0993840,6,2021-06-01,"Army of the Dead","Army of the Dead",https://www.imdb.com/title/tt0993840,Movie,5.8,148,2021,"Action, Horror, Sci-Fi, Thriller, Crime, Drama, War, Adventure",202273,"2021-05-21","Zack Snyder"
tt0389557,8,2021-05-31,"Black Book","Zwartboek",https://www.imdb.com/title/tt0389557,Movie,7.7,145,2006,"Thriller, War, Drama",84268,"2007-05-18","Paul Verhoeven"
tt0100802,7,2021-05-31,"Total Recall","Total Recall",https://www.imdb.com/title/tt0100802,Movie,7.5,113,1990,"Adventure, Sci-Fi, Action",383888,"1990-06-01","Paul Verhoeven"
tt9173264,6,2021-05-30,"Sibyl","Sibyl",https://www.imdb.com/title/tt9173264,Movie,6.0,101,2019,"Drama",6604,"2020-09-11","Justine Triet"
tt0107362,6,2021-05-28,"Last Action Hero","Last Action Hero",https://www.imdb.com/title/tt0107362,Movie,6.5,130,1993,"Fantasy, Comedy, Adventure, Action",174519,"1993-06-18","John McTiernan"
tt10563420,8,2021-05-28,"The Deeper You Dig","The Deeper You Dig",https://www.imdb.com/title/tt10563420,Movie,5.7,95,2019,"Horror, Drama",3431,"2020-06-05","John Adams,Zelda Adams,Toby Poser"
tt0091064,8,2021-05-27,"The Fly","The Fly",https://www.imdb.com/title/tt0091064,Movie,7.6,96,1986,"Horror, Drama, Sci-Fi",226549,"1986-08-15","David Cronenberg"
tt1937149,7,2021-05-24,"The Body","El cuerpo",https://www.imdb.com/title/tt1937149,Movie,7.6,112,2012,"Thriller, Mystery, Crime, Drama",80190,"2012-12-21","Oriol Paulo"
tt0293429,5,2021-05-23,"Mortal Kombat","Mortal Kombat",https://www.imdb.com/title/tt0293429,Movie,6.1,110,2021,"Thriller, Sci-Fi, Adventure, Fantasy, Action",221045,"2021-04-23","Simon McQuoid"
tt1837642,7,2021-05-23,"Revenge","Revenge",https://www.imdb.com/title/tt1837642,TV Series,7.8,44,2011,"Drama, Mystery, Thriller",130025,"2011-09-21",
tt6811236,6,2021-05-22,"Perfume","Parfum",https://www.imdb.com/title/tt6811236,TV Series,7.0,45,2018,"Drama, Thriller, Crime",10690,"2018-12-21",
tt8168678,7,2021-05-19,"The Chalet","Le chalet",https://www.imdb.com/title/tt8168678,TV Series,7.0,52,2017,"Mystery, Thriller, Drama, Horror",7964,"2018-04-17",
tt0112573,10,2021-05-17,"Braveheart","Braveheart",https://www.imdb.com/title/tt0112573,Movie,8.3,178,1995,"Drama, War",1169164,"1995-05-24","Mel Gibson"
tt0365885,6,2021-05-15,"The Upside of Anger","The Upside of Anger",https://www.imdb.com/title/tt0365885,Movie,6.8,118,2005,"Drama, Comedy",24113,"2005-04-01","Mike Binder"
tt0243017,6,2021-05-15,"Waking Life","Waking Life",https://www.imdb.com/title/tt0243017,Movie,7.6,99,2001,"Animation, Drama, Fantasy",69801,"2002-03-07","Richard Linklater"
tt0346156,6,2021-05-15,"Sky Captain and the World of Tomorrow","Sky Captain and the World of Tomorrow",https://www.imdb.com/title/tt0346156,Movie,6.1,106,2004,"Adventure, Action, Mystery, Sci-Fi, Thriller",90580,"2004-09-17","Kerry Conran"
tt0088846,8,2021-05-14,"Brazil","Brazil",https://www.imdb.com/title/tt0088846,Movie,7.8,132,1985,"Sci-Fi, Drama, Thriller",222680,"1985-12-18","Terry Gilliam"
tt1103275,7,2021-05-14,"Two Lovers","Two Lovers",https://www.imdb.com/title/tt1103275,Movie,7.0,110,2008,"Drama, Romance",46204,"2009-03-20","James Gray"
tt0976060,7,2021-05-11,"Tokyo!","Tokyo!",https://www.imdb.com/title/tt0976060,Movie,7.0,112,2008,"Drama, Comedy, Fantasy",12738,"2008-08-16","Leos Carax,Michel Gondry,Bong Joon Ho"
tt13156316,7,2021-05-10,"The Sons of Sam: A Descent into Darkness","The Sons of Sam: A Descent into Darkness",https://www.imdb.com/title/tt13156316,TV Mini Series,7.0,60,2021,"Documentary, Crime, Mystery, History",11530,"2021-05-05",
tt6079516,6,2021-05-07,"I See You","I See You",https://www.imdb.com/title/tt6079516,Movie,6.8,98,2019,"Thriller, Horror, Mystery",77194,"2025-10-01","Adam Randall"
tt11053426,7,2021-05-07,"Life in Colour","Life in Colour",https://www.imdb.com/title/tt11053426,TV Mini Series,8.2,50,2021,"Documentary, Family",4501,"2021-04-22",
tt5700672,8,2021-05-07,"Train to Busan","Busanhaeng",https://www.imdb.com/title/tt5700672,Movie,7.6,118,2016,"Horror, Thriller, Action",312534,"2016-07-20","Yeon Sang-ho"
tt7139936,7,2021-05-05,"A Rainy Day in New York","A Rainy Day in New York",https://www.imdb.com/title/tt7139936,Movie,6.4,92,2019,"Comedy, Romance",58884,"2020-11-10","Woody Allen"
tt3203290,7,2021-05-05,"Free to Play","Free to Play",https://www.imdb.com/title/tt3203290,Movie,7.6,75,2014,"Documentary, Action",13737,"2021-04-14","Valve"
tt1389137,7,2021-05-05,"We Bought a Zoo","We Bought a Zoo",https://www.imdb.com/title/tt1389137,Movie,7.0,124,2011,"Drama, Family, Comedy",161804,"2011-12-23","Cameron Crowe"
tt0096256,6,2021-05-03,"They Live","They Live",https://www.imdb.com/title/tt0096256,Movie,7.2,94,1988,"Thriller, Action, Horror, Sci-Fi",166154,"1988-11-04","John Carpenter"
tt0124718,7,2021-05-03,"He Got Game","He Got Game",https://www.imdb.com/title/tt0124718,Movie,6.9,136,1998,"Sport, Drama",55144,"1998-05-01","Spike Lee"
tt10514222,7,2021-05-02,"Ma Rainey's Black Bottom","Ma Rainey's Black Bottom",https://www.imdb.com/title/tt10514222,Movie,6.9,94,2020,"Drama, Music",78570,"2020-12-18","George C. Wolfe"
tt5918982,7,2021-05-02,"Possessor","Possessor",https://www.imdb.com/title/tt5918982,Movie,6.5,103,2020,"Thriller, Sci-Fi, Horror, Mystery",54755,"2020-10-02","Brandon Cronenberg"
tt0310775,7,2021-04-30,"Sympathy for Mr. Vengeance","Boksuneun naui geot",https://www.imdb.com/title/tt0310775,Movie,7.5,129,2002,"Thriller, Crime, Drama",82517,"2002-03-29","Park Chan-wook"
tt1032755,7,2021-04-28,"RocknRolla","RocknRolla",https://www.imdb.com/title/tt1032755,Movie,7.2,114,2008,"Action, Crime, Thriller",276364,"2008-10-31","Guy Ritchie"
tt0346491,5,2021-04-28,"Alexander","Alexander",https://www.imdb.com/title/tt0346491,Movie,5.6,175,2004,"Action, Biography, History, Drama, War",184540,"2004-11-24","Oliver Stone"
tt0210075,7,2021-04-28,"Girlfight","Girlfight",https://www.imdb.com/title/tt0210075,Movie,6.7,110,2000,"Sport, Drama",10741,"2000-10-06","Karyn Kusama"
tt7137380,6,2021-04-28,"Destroyer","Destroyer",https://www.imdb.com/title/tt7137380,Movie,6.2,121,2018,"Thriller, Action, Crime, Drama, Mystery",33969,"2019-01-25","Karyn Kusama"
tt1078940,4,2021-04-28,"Couples Retreat","Couples Retreat",https://www.imdb.com/title/tt1078940,Movie,5.6,113,2009,"Comedy",122052,"2009-10-09","Peter Billingsley"
tt1041829,7,2021-04-28,"The Proposal","The Proposal",https://www.imdb.com/title/tt1041829,Movie,6.8,108,2009,"Comedy, Romance, Drama",401751,"2009-06-19","Anne Fletcher"
tt0988595,6,2021-04-28,"27 Dresses","27 Dresses",https://www.imdb.com/title/tt0988595,Movie,6.1,111,2008,"Comedy, Romance",193523,"2008-01-18","Anne Fletcher"
tt0408839,5,2021-04-28,"The Heartbreak Kid","The Heartbreak Kid",https://www.imdb.com/title/tt0408839,Movie,5.9,116,2007,"Comedy, Romance",102223,"2007-10-05","Bobby Farrelly,Peter Farrelly"
tt9318280,7,2021-04-28,"Driveways","Driveways",https://www.imdb.com/title/tt9318280,Movie,7.2,83,2019,"Drama",7580,"2020-05-07","Andrew Ahn"
tt11248266,7,2021-04-26,"The Collapse","L'effondrement",https://www.imdb.com/title/tt11248266,TV Mini Series,7.7,21,2019,"Adventure, Sci-Fi",3141,"2019-11-11",
tt0118607,8,2021-04-26,"Amistad","Amistad",https://www.imdb.com/title/tt0118607,Movie,7.3,155,1997,"History, Biography, Drama",88500,"1997-12-12","Steven Spielberg"
tt10633456,7,2021-04-26,"Minari","Minari",https://www.imdb.com/title/tt10633456,Movie,7.4,115,2020,"Drama",127001,"2021-02-12","Lee Isaac Chung"
tt9130508,5,2021-04-25,"Cherry","Cherry",https://www.imdb.com/title/tt9130508,Movie,6.6,142,2021,"Drama, Crime, Biography",42761,"2021-03-12","Anthony Russo,Joe Russo"
tt9620292,7,2021-04-25,"Promising Young Woman","Promising Young Woman",https://www.imdb.com/title/tt9620292,Movie,7.5,113,2020,"Crime, Drama, Thriller, Mystery",257974,"2020-12-25","Emerald Fennell"
tt0780504,9,2021-04-25,"Drive","Drive",https://www.imdb.com/title/tt0780504,Movie,7.8,100,2011,"Drama, Action",771087,"2011-09-16","Nicolas Winding Refn"
tt13472984,7,2021-04-24,"Two Distant Strangers","Two Distant Strangers",https://www.imdb.com/title/tt13472984,Short,6.8,32,2020,"Short, Drama, Sci-Fi",24007,"2020-11-20","Travon Free,Martin Desmond Roe"
tt0119822,8,2021-04-24,"As Good as It Gets","As Good as It Gets",https://www.imdb.com/title/tt0119822,Movie,7.7,139,1997,"Romance, Drama, Comedy",339458,"1997-12-25","James L. Brooks"
tt0331811,7,2021-04-23,"11:14","11:14",https://www.imdb.com/title/tt0331811,Movie,7.1,86,2003,"Crime, Drama, Mystery, Thriller, Comedy",52795,"2004-08-20","Greg Marcks"
tt1512235,6,2021-04-22,"Super","Super",https://www.imdb.com/title/tt1512235,Movie,6.7,96,2010,"Comedy, Crime, Action",87645,"2011-06-10","James Gunn"
tt2222042,7,2021-04-22,"Love and Monsters","Love and Monsters",https://www.imdb.com/title/tt2222042,Movie,6.9,109,2020,"Adventure, Comedy, Fantasy, Sci-Fi, Action",161496,"2020-10-16","Michael Matthews"
tt5433114,8,2021-04-21,"Diego Maradona","Diego Maradona",https://www.imdb.com/title/tt5433114,Movie,7.7,130,2019,"Documentary, Sport, Biography",19555,"2019-09-20","Asif Kapadia"
tt1424432,8,2021-04-21,"Senna","Senna",https://www.imdb.com/title/tt1424432,Movie,8.4,106,2010,"Documentary, Biography, Sport",84112,"2011-05-25","Asif Kapadia"
tt0362269,7,2021-04-21,"Kinsey","Kinsey",https://www.imdb.com/title/tt0362269,Movie,7.0,118,2004,"Drama, Biography, Romance",52744,"2005-01-07","Bill Condon"
tt5563334,5,2021-04-21,"The Good Liar","The Good Liar",https://www.imdb.com/title/tt5563334,Movie,6.7,109,2019,"Drama, Thriller, Crime, Mystery",54709,"2019-11-15","Bill Condon"
tt0963178,6,2021-04-21,"The International","The International",https://www.imdb.com/title/tt0963178,Movie,6.5,118,2009,"Thriller, Crime, Mystery, Action, Drama",104544,"2009-02-13","Tom Tykwer"
tt4881364,6,2021-04-21,"Anti Matter","Anti Matter",https://www.imdb.com/title/tt4881364,Movie,5.7,109,2016,"Sci-Fi, Mystery, Horror",6482,"2017-09-08","Keir Burrows"
tt8258074,7,2021-04-19,"Fantastic Fungi","Fantastic Fungi",https://www.imdb.com/title/tt8258074,Movie,7.4,81,2019,"Documentary",12633,"2019-10-11","Louie Schwartzberg"
tt11080108,6,2021-04-19,"The Map of Tiny Perfect Things","The Map of Tiny Perfect Things",https://www.imdb.com/title/tt11080108,Movie,6.8,98,2021,"Fantasy, Comedy, Romance",34032,"2021-02-12","Ian Samuels"
tt6141246,6,2021-04-19,"The Aeronauts","The Aeronauts",https://www.imdb.com/title/tt6141246,Movie,6.6,100,2019,"Action, Adventure, Drama, Romance",40337,"2019-12-20","Tom Harper"
tt5116302,7,2021-04-18,"Togo","Togo",https://www.imdb.com/title/tt5116302,Movie,7.9,113,2019,"Drama, Adventure, Biography, Family, History",62920,"2019-12-20","Ericson Core"
tt2071645,7,2021-04-18,"The Following","The Following",https://www.imdb.com/title/tt2071645,TV Series,7.4,43,2013,"Thriller, Crime, Drama, Mystery, Horror",97071,"2013-01-21",
tt7888964,7,2021-04-18,"Nobody","Nobody",https://www.imdb.com/title/tt7888964,Movie,7.4,92,2021,"Action, Crime, Thriller, Drama",401755,"2021-03-26","Ilya Naishuller"
tt5022702,7,2021-04-18,"Hush","Hush",https://www.imdb.com/title/tt5022702,Movie,6.6,82,2016,"Thriller, Horror",171274,"2016-04-08","Mike Flanagan"
tt3808342,7,2021-04-17,"Son of Saul","Saul fia",https://www.imdb.com/title/tt3808342,Movie,7.4,107,2015,"Drama, War",54762,"2015-06-11","László Nemes"
tt10612922,7,2021-04-16,"One Night in Miami...","One Night in Miami...",https://www.imdb.com/title/tt10612922,Movie,7.1,114,2020,"Drama",36146,"2021-01-08","Regina King"
tt0923752,7,2021-04-15,"The King of Kong: A Fistful of Quarters","The King of Kong",https://www.imdb.com/title/tt0923752,Movie,8.0,79,2007,"Documentary, Biography, Sport",38695,"2008-02-28","Seth Gordon"
tt7557108,7,2021-04-15,"Saint Maud","Saint Maud",https://www.imdb.com/title/tt7557108,Movie,6.6,84,2019,"Horror, Drama, Thriller, Mystery",56610,"2021-02-12","Rose Glass"
tt1374989,5,2021-04-15,"Pride and Prejudice and Zombies","Pride and Prejudice and Zombies",https://www.imdb.com/title/tt1374989,Movie,5.8,108,2016,"Horror, Action, Romance, Comedy, Fantasy",64902,"2016-02-05","Burr Steers"
tt6439020,5,2021-04-15,"The Personal History of David Copperfield","The Personal History of David Copperfield",https://www.imdb.com/title/tt6439020,Movie,6.4,119,2019,"Drama, Comedy",24126,"2020-08-28","Armando Iannucci"
tt4686844,6,2021-04-14,"The Death of Stalin","The Death of Stalin",https://www.imdb.com/title/tt4686844,Movie,7.3,107,2017,"Comedy, History, Drama",127794,"2018-03-09","Armando Iannucci"
tt8633478,5,2021-04-14,"Run","Run",https://www.imdb.com/title/tt8633478,Movie,6.7,90,2020,"Thriller, Mystery, Drama, Horror",114710,"2020-11-20","Aneesh Chaganty"
tt3464902,8,2021-04-14,"The Lobster","The Lobster",https://www.imdb.com/title/tt3464902,Movie,7.1,119,2015,"Romance, Sci-Fi, Drama, Thriller",336894,"2015-10-16","Yorgos Lanthimos"
tt0071230,7,2021-04-13,"Blazing Saddles","Blazing Saddles",https://www.imdb.com/title/tt0071230,Movie,7.7,93,1974,"Comedy, Western",166156,"1974-02-07","Mel Brooks"
tt5034838,6,2021-04-13,"Godzilla vs. Kong","Godzilla vs. Kong",https://www.imdb.com/title/tt5034838,Movie,6.3,113,2021,"Sci-Fi, Action, Thriller",269920,"2021-03-31","Adam Wingard"
tt2076822,4,2021-04-12,"Chaos Walking","Chaos Walking",https://www.imdb.com/title/tt2076822,Movie,5.7,109,2021,"Sci-Fi, Adventure, Action, Fantasy, Western, Drama",64819,"2021-03-05","Doug Liman"
tt4761112,6,2021-04-12,"The Mauritanian","The Mauritanian",https://www.imdb.com/title/tt4761112,Movie,7.5,129,2021,"Thriller, Drama, Biography",72553,"2021-03-02","Kevin Macdonald"
tt0117665,9,2021-04-12,"Sleepers","Sleepers",https://www.imdb.com/title/tt0117665,Movie,7.5,147,1996,"Thriller, Crime, Drama",256232,"1996-10-18","Barry Levinson"
tt12361974,8,2021-04-11,"Zack Snyder's Justice League","Zack Snyder's Justice League",https://www.imdb.com/title/tt12361974,Movie,7.9,242,2021,"Adventure, Fantasy, Sci-Fi",478054,"2021-03-18","Zack Snyder"
tt6002232,7,2021-04-10,"Custody","Jusqu'à la garde",https://www.imdb.com/title/tt6002232,Movie,7.5,93,2017,"Drama, Thriller",11445,"2018-02-07","Xavier Legrand"
tt0486674,5,2021-04-10,"What Just Happened","What Just Happened",https://www.imdb.com/title/tt0486674,Movie,5.6,104,2008,"Drama, Comedy",29370,"2008-10-31","Barry Levinson"
tt10702760,8,2021-04-10,"National Theatre Live: Fleabag","National Theatre Live: Fleabag",https://www.imdb.com/title/tt10702760,Movie,8.3,80,2019,"Comedy",3902,"2019-09-20",
tt7025976,6,2021-04-09,"The Emperor of Paris","L'Empereur de Paris",https://www.imdb.com/title/tt7025976,Movie,6.3,120,2018,"Adventure, History, Crime, Thriller",6874,"2018-12-19","Jean-François Richet"
tt0053198,8,2021-04-08,"The 400 Blows","Les quatre cents coups",https://www.imdb.com/title/tt0053198,Movie,8.0,99,1959,"Crime, Drama",135255,"1959-11-16","François Truffaut"
tt7616148,6,2021-04-04,"Luce","Luce",https://www.imdb.com/title/tt7616148,Movie,6.6,109,2019,"Drama, Mystery, Thriller",16297,"2019-08-23","Julius Onah"
tt5109280,7,2021-04-04,"Raya and the Last Dragon","Raya and the Last Dragon",https://www.imdb.com/title/tt5109280,Movie,7.3,107,2021,"Animation, Adventure, Family, Fantasy, Comedy, Action, Drama",189411,"2021-03-05","Don Hall,Carlos López Estrada,Paul Briggs,John Ripa"
tt0328832,8,2021-04-02,"The Animatrix","The Animatrix",https://www.imdb.com/title/tt0328832,Video,7.3,102,2003,"Animation, Action, Sci-Fi",91547,"2003-04-17","Peter Chung,Andrew R. Jones,Yoshiaki Kawajiri,Takeshi Koike,Mahiro Maeda,Kōji Morimoto,Shin'ichirō Watanabe"
tt0120913,6,2021-04-02,"Titan A.E.","Titan A.E.",https://www.imdb.com/title/tt0120913,Movie,6.6,94,2000,"Animation, Family, Action, Sci-Fi, Adventure",67091,"2000-06-16","Don Bluth,Gary Goldman"
tt10915286,7,2021-03-31,"Tell Me Who I Am","Tell Me Who I Am",https://www.imdb.com/title/tt10915286,Movie,7.6,86,2019,"Documentary, Drama, Mystery",20252,"2019-10-18","Ed Perkins"
tt1847731,8,2021-03-30,"Tomboy","Tomboy",https://www.imdb.com/title/tt1847731,Movie,7.4,82,2011,"Drama",23440,"2011-04-20","Céline Sciamma"
tt9784798,7,2021-03-30,"Judas and the Black Messiah","Judas and the Black Messiah",https://www.imdb.com/title/tt9784798,Movie,7.4,126,2021,"Biography, Drama, History, Crime",115922,"2021-02-12","Shaka King"
tt5863126,8,2021-03-29,"Last Chance U","Last Chance U",https://www.imdb.com/title/tt5863126,TV Series,8.4,55,2016,"Documentary, Sport",8037,"2016-07-29",
tt0204626,4,2021-03-25,"The Watcher","The Watcher",https://www.imdb.com/title/tt0204626,Movie,5.3,97,2000,"Drama, Crime, Thriller, Mystery",29726,"2000-09-08","Joe Charbanic"
tt3472226,7,2021-03-25,"Kung Fury","Kung Fury",https://www.imdb.com/title/tt3472226,Short,7.9,31,2015,"Short, Action, Comedy, Fantasy, Sci-Fi",65297,"2015-05-28","David Sandberg"
tt0423977,7,2021-03-19,"Charlie Bartlett","Charlie Bartlett",https://www.imdb.com/title/tt0423977,Movie,6.9,97,2007,"Comedy, Drama, Romance",68397,"2008-02-22","Jon Poll"
tt1164999,7,2021-03-19,"Biutiful","Biutiful",https://www.imdb.com/title/tt1164999,Movie,7.4,148,2010,"Drama, Romance",98385,"2011-02-04","Alejandro G. Iñárritu"
tt0118929,8,2021-03-19,"Dark City","Dark City",https://www.imdb.com/title/tt0118929,Movie,7.5,100,1998,"Thriller, Mystery, Fantasy, Sci-Fi",227911,"1998-02-27","Alex Proyas"
tt8580274,5,2021-03-17,"Eurovision Song Contest: The Story of Fire Saga","Eurovision Song Contest: The Story of Fire Saga",https://www.imdb.com/title/tt8580274,Movie,6.5,123,2020,"Comedy, Music",110340,"2020-06-26","David Dobkin"
tt14058484,7,2021-03-17,"Biggie: I Got a Story to Tell","Biggie: I Got a Story to Tell",https://www.imdb.com/title/tt14058484,Movie,6.8,97,2021,"Documentary, Biography, Music",5912,"2021-03-01","Emmett Malloy"
tt7344360,7,2021-03-16,"Long Shot","Long Shot",https://www.imdb.com/title/tt7344360,TV Movie,7.4,40,2017,"Documentary, Sport, Crime",9481,"2017-09-29","Jacob LaMendola"
tt0366627,7,2021-03-16,"The Jacket","The Jacket",https://www.imdb.com/title/tt0366627,Movie,7.1,103,2005,"Thriller, Mystery, Sci-Fi, Drama, Fantasy",125313,"2005-03-04","John Maybury"
tt9893250,5,2021-03-16,"I Care a Lot","I Care a Lot",https://www.imdb.com/title/tt9893250,Movie,6.4,118,2020,"Comedy, Crime, Thriller, Drama",160124,"2021-02-19","J Blakeson"
tt10530176,7,2021-03-15,"The Call","Kol",https://www.imdb.com/title/tt10530176,Movie,7.1,112,2020,"Thriller, Mystery, Crime, Sci-Fi, Horror",54292,"2020-11-27","Chung-Hyun Lee"
tt13087512,7,2021-03-15,"Last Chance U: Basketball","Last Chance U: Basketball",https://www.imdb.com/title/tt13087512,TV Series,8.3,60,2021,"Documentary, Sport",3928,"2021-03-10",
tt0422295,6,2021-03-12,"Fur: An Imaginary Portrait of Diane Arbus","Fur: An Imaginary Portrait of Diane Arbus",https://www.imdb.com/title/tt0422295,Movie,6.3,122,2006,"Drama, Biography, Romance, Thriller",16775,"2006-10-20","Steven Shainberg"
tt6285944,6,2021-03-12,"The Banker","The Banker",https://www.imdb.com/title/tt6285944,Movie,7.3,120,2020,"Drama, Biography",43477,"2020-03-20","George Nolfi"
tt12038300,6,2021-03-12,"The Speed Cubers","The Speed Cubers",https://www.imdb.com/title/tt12038300,Short,7.4,39,2020,"Documentary, Short, Sport",4461,"2020-07-29","Sue Kim"
tt3042408,5,2021-03-11,"Who Am I","Who Am I - Kein System ist sicher",https://www.imdb.com/title/tt3042408,Movie,7.4,102,2014,"Thriller, Crime, Drama, Mystery",67354,"2014-09-25","Baran bo Odar"
tt13987620,7,2021-03-08,"Murder Among the Mormons","Murder Among the Mormons",https://www.imdb.com/title/tt13987620,TV Mini Series,7.0,60,2021,"Documentary, Crime, History",7933,"2021-03-03",
tt1247692,6,2021-03-06,"Shrink","Shrink",https://www.imdb.com/title/tt1247692,Movie,6.6,104,2009,"Drama, Comedy",19694,"2009-08-06","Jonas Pate"
tt0372824,8,2021-03-05,"The Chorus","Les choristes",https://www.imdb.com/title/tt0372824,Movie,7.9,97,2004,"Drama, Music",72606,"2004-03-17","Christophe Barratier"
tt0379225,7,2021-03-04,"The Corporation","The Corporation",https://www.imdb.com/title/tt0379225,Movie,8.0,145,2003,"Documentary, History",22347,"2004-06-04","Mark Achbar,Jennifer Abbott"
tt11296058,7,2021-03-04,"The Painter and the Thief","Kunstneren og tyven",https://www.imdb.com/title/tt11296058,Movie,7.5,106,2020,"Documentary",4644,"2020-05-22","Benjamin Ree"
tt9770150,8,2021-03-03,"Nomadland","Nomadland",https://www.imdb.com/title/tt9770150,Movie,7.3,107,2020,"Drama",221218,"2021-02-19","Chloé Zhao"
tt9016974,6,2021-03-01,"Synchronic","Synchronic",https://www.imdb.com/title/tt9016974,Movie,6.2,102,2019,"Sci-Fi, Thriller, Drama, Horror, Mystery",46750,"2020-10-23","Justin Benson,Aaron Moorhead"
tt9000224,7,2021-02-28,"The Assistant","The Assistant",https://www.imdb.com/title/tt9000224,Movie,6.3,87,2019,"Drama",29829,"2020-01-31","Kitty Green"
tt11161474,7,2021-02-28,"Pieces of a Woman","Pieces of a Woman",https://www.imdb.com/title/tt11161474,Movie,7.0,126,2020,"Drama",60542,"2021-01-07","Kornél Mundruczó"
tt5861260,5,2021-02-27,"Reggie Watts: Spatial","Reggie Watts: Spatial",https://www.imdb.com/title/tt5861260,TV Special,6.0,61,2016,"Comedy, Music",569,"2016-12-06","Benjamin Dickinson"
tt11994750,5,2021-02-25,"Made You Look: A True Story About Fake Art","Made You Look: A True Story About Fake Art",https://www.imdb.com/title/tt11994750,Movie,7.0,94,2020,"Documentary, Crime",5167,"2021-02-23","Barry Avrich"
tt4284010,7,2021-02-24,"What Happened, Miss Simone?","What Happened, Miss Simone?",https://www.imdb.com/title/tt4284010,Movie,7.6,101,2015,"Documentary, Biography, Music",15481,"2015-06-24","Liz Garbus"
tt1305619,7,2021-02-24,"Miles Davis: Birth of the Cool","Miles Davis: Birth of the Cool",https://www.imdb.com/title/tt1305619,Movie,7.5,115,2019,"Documentary, Biography, Music",1783,"2019-08-23","Stanley Nelson"
tt7798646,6,2021-02-24,"The Photograph","The Photograph",https://www.imdb.com/title/tt7798646,Movie,6.1,106,2020,"Drama, Romance",6739,"2020-02-14","Stella Meghie"
tt11394298,8,2021-02-24,"The Mole Agent","El agente topo",https://www.imdb.com/title/tt11394298,Movie,7.5,84,2020,"Documentary",10327,"2020-09-01","Maite Alberdi"
tt1136608,8,2021-02-23,"District 9","District 9",https://www.imdb.com/title/tt1136608,Movie,7.9,112,2009,"Sci-Fi, Action, Thriller",756150,"2009-08-14","Neill Blomkamp"
tt12676326,7,2021-02-21,"Malcolm & Marie","Malcolm & Marie",https://www.imdb.com/title/tt12676326,Movie,6.6,106,2021,"Drama, Romance",44096,"2021-02-05","Sam Levinson"
tt3661210,7,2021-02-20,"The Dig","The Dig",https://www.imdb.com/title/tt3661210,Movie,7.1,112,2021,"Drama, Biography, History",90234,"2021-01-29","Simon Stone"
tt12838766,7,2021-02-18,"Space Sweepers","Seungriho",https://www.imdb.com/title/tt12838766,Movie,6.5,136,2021,"Sci-Fi, Action, Adventure, Drama, Fantasy",31417,"2021-02-05","Jo Sung-hee"
tt13837672,6,2021-02-17,"Crime Scene: The Vanishing at the Cecil Hotel","Crime Scene: The Vanishing at the Cecil Hotel",https://www.imdb.com/title/tt13837672,TV Mini Series,6.0,55,2021,"Documentary, Crime, Mystery",21777,"2021-02-10",
tt0090366,7,2021-02-05,"A Zed & Two Noughts","A Zed & Two Noughts",https://www.imdb.com/title/tt0090366,Movie,7.2,115,1985,"Comedy, Drama",8199,"1990-05-25","Peter Greenaway"
tt0290673,8,2021-02-04,"Irreversible","Irréversible",https://www.imdb.com/title/tt0290673,Movie,7.3,97,2002,"Crime, Mystery, Drama, Thriller",164790,"2002-05-22","Gaspar Noé"
tt0111495,7,2021-02-03,"Three Colors: Red","Trois couleurs : Rouge",https://www.imdb.com/title/tt0111495,Movie,8.0,99,1994,"Mystery, Romance, Drama",116570,"1994-11-23","Krzysztof Kieślowski"
tt0070460,8,2021-02-02,"Day for Night","La nuit américaine",https://www.imdb.com/title/tt0070460,Movie,8.0,116,1973,"Comedy, Romance, Drama",26588,"1973-09-07","François Truffaut"
tt1194238,6,2021-02-01,"Polytechnique","Polytechnique",https://www.imdb.com/title/tt1194238,Movie,7.2,77,2009,"Drama, Crime, History",21519,"2009-02-06","Denis Villeneuve"
tt6571548,7,2021-01-30,"The White Tiger","The White Tiger",https://www.imdb.com/title/tt6571548,Movie,7.1,125,2021,"Drama, Crime",70546,"2021-01-22","Ramin Bahrani"
tt8550800,7,2021-01-27,"The Outsider","The Outsider",https://www.imdb.com/title/tt8550800,TV Mini Series,7.6,60,2020,"Thriller, Crime, Drama, Mystery, Horror",118374,"2020-01-12",
tt13660958,7,2021-01-25,"Pretend It's a City","Pretend It's a City",https://www.imdb.com/title/tt13660958,TV Mini Series,8.0,30,2021,"Documentary, Biography, Comedy",9220,"2021-01-08",
tt1086064,5,2021-01-24,"Bill & Ted Face the Music","Bill & Ted Face the Music",https://www.imdb.com/title/tt1086064,Movie,5.9,91,2020,"Comedy, Music, Sci-Fi, Adventure",57153,"2020-08-28","Dean Parisot"
tt0795351,6,2021-01-22,"Case 39","Case 39",https://www.imdb.com/title/tt0795351,Movie,6.2,109,2009,"Horror, Thriller, Mystery",100018,"2010-10-01","Christian Alvart"
tt10539608,5,2021-01-22,"The Midnight Sky","The Midnight Sky",https://www.imdb.com/title/tt10539608,Movie,5.7,118,2020,"Drama, Sci-Fi, Thriller, Adventure",95244,"2020-12-23","George Clooney"
tt13651632,7,2021-01-21,"Night Stalker: The Hunt for a Serial Killer","Night Stalker: The Hunt for a Serial Killer",https://www.imdb.com/title/tt13651632,TV Mini Series,7.5,50,2021,"Documentary, Crime, Mystery",34215,"2021-01-13",
tt9606374,7,2021-01-21,"On the Rocks","On the Rocks",https://www.imdb.com/title/tt9606374,Movie,6.4,96,2020,"Drama, Comedy, Romance",40070,"2020-10-23","Sofia Coppola"
tt4881578,7,2021-01-19,"Zappa","Zappa",https://www.imdb.com/title/tt4881578,Movie,7.5,129,2020,"Documentary, Biography, Music, History",4035,"2020-11-27","Alex Winter"
tt0111507,7,2021-01-19,"Three Colors: White","Trois couleurs : Blanc",https://www.imdb.com/title/tt0111507,Movie,7.6,92,1994,"Comedy, Romance, Drama",85173,"1994-06-10","Krzysztof Kieślowski"
tt1645089,8,2021-01-15,"Inside Job","Inside Job",https://www.imdb.com/title/tt1645089,Movie,8.2,109,2010,"Documentary, Crime",82770,"2010-11-12","Charles Ferguson"
tt7347846,5,2021-01-15,"The Lodge","The Lodge",https://www.imdb.com/title/tt7347846,Movie,6.0,108,2019,"Thriller, Drama, Horror, Mystery",65612,"2020-01-16","Severin Fiala,Veronika Franz"
tt5198068,8,2021-01-14,"Wolfwalkers","WolfWalkers",https://www.imdb.com/title/tt5198068,Movie,8.0,103,2020,"Animation, Adventure, Family, Fantasy, Action, Drama, Thriller",45858,"2020-11-13","Tomm Moore,Ross Stewart"
tt0393109,8,2021-01-14,"Brick","Brick",https://www.imdb.com/title/tt0393109,Movie,7.1,110,2005,"Mystery, Drama, Crime, Thriller",114430,"2006-04-14","Rian Johnson"
tt11095742,7,2021-01-12,"Boys State","Boys State",https://www.imdb.com/title/tt11095742,Movie,7.5,109,2020,"Documentary",6222,"2020-08-14","Amanda McBaine,Jesse Moss"
tt8980602,6,2021-01-12,"The Kid Detective","The Kid Detective",https://www.imdb.com/title/tt8980602,Movie,7.0,100,2020,"Comedy, Drama, Mystery, Crime",26496,"2020-10-16","Evan Morgan"
tt5774060,6,2021-01-11,"Underwater","Underwater",https://www.imdb.com/title/tt5774060,Movie,5.9,95,2020,"Action, Thriller, Horror, Sci-Fi, Adventure",109716,"2020-01-10","William Eubank"
tt0427954,7,2021-01-11,"The Protector","Tom yum goong",https://www.imdb.com/title/tt0427954,Movie,7.0,83,2005,"Action, Crime, Thriller, Drama",40505,"2006-09-08","Prachya Pinkaew"
tt12274228,6,2021-01-10,"Rent-a-Pal","Rent-a-Pal",https://www.imdb.com/title/tt12274228,Movie,6.3,108,2020,"Thriller, Horror",7011,"2020-09-11","Jon Stevenson"
tt9072352,6,2021-01-10,"Relic","Relic",https://www.imdb.com/title/tt9072352,Movie,6.0,89,2020,"Drama, Horror, Thriller, Mystery",33415,"2020-07-10","Natalie Erika James"
tt8618654,7,2021-01-10,"Kiss the Ground","Kiss the Ground",https://www.imdb.com/title/tt8618654,Movie,8.1,84,2020,"Documentary",8213,"2020-04","Joshua Tickell,Rebecca Harrell Tickell"
tt0424345,7,2021-01-09,"Clerks II","Clerks II",https://www.imdb.com/title/tt0424345,Movie,7.3,97,2006,"Comedy",144927,"2006-07-21","Kevin Smith"
tt0362225,7,2021-01-05,"Tell No One","Ne le dis à personne",https://www.imdb.com/title/tt0362225,Movie,7.5,131,2006,"Drama, Thriller, Crime, Mystery, Romance",61791,"2006-11-01","Guillaume Canet"
tt0078841,7,2021-01-04,"Being There","Being There",https://www.imdb.com/title/tt0078841,Movie,7.9,130,1979,"Drama, Comedy",82380,"1980-02-08","Hal Ashby"
tt0059448,7,2021-01-04,"Mirage","Mirage",https://www.imdb.com/title/tt0059448,Movie,7.2,108,1965,"Thriller, Mystery",6773,"1965-09-23","Edward Dmytryk"
tt0117318,7,2021-01-02,"The People vs. Larry Flynt","The People vs. Larry Flynt",https://www.imdb.com/title/tt0117318,Movie,7.3,130,1996,"Biography, Drama",106513,"1997-01-10","Miloš Forman"
tt0083190,7,2021-01-02,"Thief","Thief",https://www.imdb.com/title/tt0083190,Movie,7.4,123,1981,"Action, Crime, Drama, Thriller",51042,"1981-03-27","Michael Mann"
tt7126948,5,2020-12-31,"Wonder Woman 1984","Wonder Woman 1984",https://www.imdb.com/title/tt7126948,Movie,5.3,151,2020,"Action, Adventure, Fantasy",313598,"2020-12-25","Patty Jenkins"
tt7984734,8,2020-12-30,"The Lighthouse","The Lighthouse",https://www.imdb.com/title/tt7984734,Movie,7.4,109,2019,"Drama, Fantasy, Mystery, Thriller, Horror",307511,"2019-11-01","Robert Eggers"
tt0108394,8,2020-12-28,"Three Colors: Blue","Trois couleurs : Bleu",https://www.imdb.com/title/tt0108394,Movie,7.8,98,1993,"Music, Mystery, Romance, Drama",118905,"1993-09-08","Krzysztof Kieślowski"
tt5516154,8,2020-12-27,"Godless","Godless",https://www.imdb.com/title/tt5516154,TV Mini Series,8.2,65,2017,"Western, Drama, Action",92069,"2017-11-22",
tt11768948,6,2020-12-26,"If Anything Happens I Love You","If Anything Happens I Love You",https://www.imdb.com/title/tt11768948,Short,7.8,13,2020,"Animation, Short, Drama",24501,"2020-11-20","Michael Govier,Will McCormack"
tt6908274,7,2020-12-26,"Mirage","Durante la tormenta",https://www.imdb.com/title/tt6908274,Movie,7.4,128,2018,"Drama, Thriller, Romance, Mystery, Fantasy",72454,"2019-03-22","Oriol Paulo"
tt13570366,8,2020-12-25,"Break It All: The History of Rock in Latin America","Break It All: The History of Rock in Latin America",https://www.imdb.com/title/tt13570366,TV Mini Series,7.6,,2020,"Documentary, Music, Biography",1485,"2020-12-16",
tt10618286,7,2020-12-25,"Mank","Mank",https://www.imdb.com/title/tt10618286,Movie,6.8,131,2020,"Biography, Drama",105538,"2020-12-04","David Fincher"
tt6723592,7,2020-12-23,"Tenet","Tenet",https://www.imdb.com/title/tt6723592,Movie,7.3,150,2020,"Action, Sci-Fi, Thriller",704983,"2020-09-03","Christopher Nolan"
tt0116705,7,2020-12-21,"Jingle All the Way","Jingle All the Way",https://www.imdb.com/title/tt0116705,Movie,5.8,89,1996,"Adventure, Comedy, Family",130827,"1996-11-22","Brian Levant"
tt1655420,7,2020-12-17,"My Week with Marilyn","My Week with Marilyn",https://www.imdb.com/title/tt1655420,Movie,6.9,99,2011,"Drama, Biography",91688,"2011-12-23","Simon Curtis"
tt1478839,7,2020-12-17,"The Art of Racing in the Rain","The Art of Racing in the Rain",https://www.imdb.com/title/tt1478839,Movie,7.6,109,2019,"Comedy, Drama, Sport, Romance",49470,"2019-08-09","Simon Curtis"
tt5180504,7,2020-12-15,"The Witcher","The Witcher",https://www.imdb.com/title/tt5180504,TV Series,7.8,60,2019,"Adventure, Fantasy, Mystery, Action, Drama",623448,"2019-12-20",
tt0327679,6,2020-12-09,"Ella Enchanted","Ella Enchanted",https://www.imdb.com/title/tt0327679,Movie,6.3,96,2004,"Family, Romance, Comedy, Fantasy",81583,"2004-04-09","Tommy O'Haver"
tt0265086,8,2020-12-09,"Black Hawk Down","Black Hawk Down",https://www.imdb.com/title/tt0265086,Movie,7.7,144,2001,"Drama, Action, History, War",458058,"2002-01-18","Ridley Scott"
tt8784956,4,2020-12-09,"Ava","Ava",https://www.imdb.com/title/tt8784956,Movie,5.5,96,2020,"Action, Thriller, Drama, Crime",68698,"2020-09-25","Tate Taylor"
tt9231040,7,2020-12-03,"First Cow","First Cow",https://www.imdb.com/title/tt9231040,Movie,7.1,122,2019,"Drama, Western",24771,"2020-07-10","Kelly Reichardt"
tt1001526,8,2020-11-30,"Megamind","Megamind",https://www.imdb.com/title/tt1001526,Movie,7.3,95,2010,"Animation, Comedy, Family, Sci-Fi, Action, Crime, Fantasy, Adventure",329363,"2010-11-05","Tom McGrath"
tt8399664,7,2020-11-28,"Babyteeth","Babyteeth",https://www.imdb.com/title/tt8399664,Movie,7.2,118,2019,"Comedy, Drama, Romance",20832,"2020-06-19","Shannon Murphy"
tt0256276,6,2020-11-27,"Possession","Possession",https://www.imdb.com/title/tt0256276,Movie,6.3,102,2002,"Drama, Mystery, Romance",14049,"2002-08-30","Neil LaBute"
tt0322259,5,2020-11-25,"2 Fast 2 Furious","2 Fast 2 Furious",https://www.imdb.com/title/tt0322259,Movie,6.0,107,2003,"Crime, Thriller, Action",328267,"2003-06-06","John Singleton"
tt0162650,6,2020-11-25,"Shaft","Shaft",https://www.imdb.com/title/tt0162650,Movie,6.0,99,2000,"Thriller, Crime, Action",85862,"2000-06-16","John Singleton"
tt0101507,8,2020-11-25,"Boyz n the Hood","Boyz n the Hood",https://www.imdb.com/title/tt0101507,Movie,7.8,112,1991,"Crime, Drama",170055,"1991-07-12","John Singleton"
tt4682266,4,2020-11-24,"The New Mutants","The New Mutants",https://www.imdb.com/title/tt4682266,Movie,5.3,94,2020,"Action, Sci-Fi, Horror, Mystery",102877,"2020-08-28","Josh Boone"
tt0183790,7,2020-11-24,"A Knight's Tale","A Knight's Tale",https://www.imdb.com/title/tt0183790,Movie,7.0,132,2001,"Adventure, Romance, Drama, Action",221994,"2001-05-11","Brian Helgeland"
tt0101452,6,2020-11-23,"Bill & Ted's Bogus Journey","Bill & Ted's Bogus Journey",https://www.imdb.com/title/tt0101452,Movie,6.3,93,1991,"Sci-Fi, Music, Comedy, Adventure, Fantasy",85510,"1991-07-19","Peter Hewitt"
tt0096928,7,2020-11-23,"Bill & Ted's Excellent Adventure","Bill & Ted's Excellent Adventure",https://www.imdb.com/title/tt0096928,Movie,6.9,90,1989,"Sci-Fi, Music, Romance, Comedy, Adventure",150539,"1989-02-17","Stephen Herek"
tt0464913,6,2020-11-23,"OSS 117: Cairo, Nest of Spies","OSS 117: Le Caire, nid d'espions",https://www.imdb.com/title/tt0464913,Movie,7.0,99,2006,"Adventure, Comedy, Crime, Action",25516,"2008-05-09","Michel Hazanavicius"
tt1402488,5,2020-11-22,"Happy Feet Two","Happy Feet Two",https://www.imdb.com/title/tt1402488,Movie,5.8,100,2011,"Animation, Musical, Comedy, Family, Adventure, Romance",51322,"2011-11-18","George Miller,Gary Eck,David Peers"
tt0488604,6,2020-11-22,"The Oxford Murders","The Oxford Murders",https://www.imdb.com/title/tt0488604,Movie,6.0,108,2008,"Crime, Thriller, Mystery",32104,"2010-07-02","Álex de la Iglesia"
tt0366548,7,2020-11-22,"Happy Feet","Happy Feet",https://www.imdb.com/title/tt0366548,Movie,6.4,108,2006,"Animation, Musical, Family, Comedy, Music, Romance, Adventure",215332,"2006-11-17","George Miller,Warren Coleman,Judy Morris"
tt0401792,8,2020-11-22,"Sin City","Sin City",https://www.imdb.com/title/tt0401792,Movie,8.0,124,2005,"Crime, Thriller",823028,"2005-04-01","Frank Miller,Robert Rodriguez"
tt0116322,6,2020-11-22,"Flipper","Flipper",https://www.imdb.com/title/tt0116322,Movie,5.4,95,1996,"Crime, Drama, Adventure, Family",12732,"1996-05-17","Alan Shapiro"
tt0120647,6,2020-11-22,"Deep Impact","Deep Impact",https://www.imdb.com/title/tt0120647,Movie,6.3,120,1998,"Drama, Action, Thriller, Sci-Fi",206809,"1998-05-08","Mimi Leder"
tt0096874,9,2020-11-22,"Back to the Future Part II","Back to the Future Part II",https://www.imdb.com/title/tt0096874,Movie,7.8,108,1989,"Adventure, Sci-Fi, Comedy",627115,"1989-11-22","Robert Zemeckis"
tt0107034,7,2020-11-22,"The Good Son","The Good Son",https://www.imdb.com/title/tt0107034,Movie,6.4,87,1993,"Drama, Thriller",48857,"1993-09-24","Joseph Ruben"
tt0106223,6,2020-11-22,"The Adventures of Huck Finn","The Adventures of Huck Finn",https://www.imdb.com/title/tt0106223,Movie,6.2,108,1993,"Comedy, Drama, Adventure, Family",9928,"1993-04-02","Stephen Sommers"
tt5301662,6,2020-11-22,"Marshall","Marshall",https://www.imdb.com/title/tt5301662,Movie,7.3,118,2017,"Drama, Biography, Crime, History",29223,"2017-10-13","Reginald Hudlin"
tt0110364,6,2020-11-22,"Little Giants","Little Giants",https://www.imdb.com/title/tt0110364,Movie,6.5,107,1994,"Sport, Family, Comedy",33322,"1994-10-14","Duwayne Dunham"
tt0109813,4,2020-11-22,"The Flintstones","The Flintstones",https://www.imdb.com/title/tt0109813,Movie,5.1,91,1994,"Fantasy, Comedy, Family",92905,"1994-05-27","Brian Levant"
tt0098067,7,2020-11-22,"Parenthood","Parenthood",https://www.imdb.com/title/tt0098067,Movie,7.1,124,1989,"Drama, Comedy",59418,"1989-08-02","Ron Howard"
tt0097523,7,2020-11-22,"Honey, I Shrunk the Kids","Honey, I Shrunk the Kids",https://www.imdb.com/title/tt0097523,Movie,6.5,93,1989,"Sci-Fi, Comedy, Adventure, Family",178556,"1989-06-23","Joe Johnston"
tt0097428,6,2020-11-22,"Ghostbusters II","Ghostbusters II",https://www.imdb.com/title/tt0097428,Movie,6.6,108,1989,"Fantasy, Sci-Fi, Action, Comedy",241008,"1989-06-16","Ivan Reitman"
tt0094012,7,2020-11-22,"Spaceballs","Spaceballs",https://www.imdb.com/title/tt0094012,Movie,7.1,96,1987,"Adventure, Sci-Fi, Comedy",228209,"1987-06-24","Mel Brooks"
tt1865505,8,2020-11-19,"Song of the Sea","Song of the Sea",https://www.imdb.com/title/tt1865505,Movie,8.0,93,2014,"Animation, Family, Fantasy, Adventure, Drama",68783,"2015-11-20","Tomm Moore"
tt0800039,7,2020-11-19,"Forgetting Sarah Marshall","Forgetting Sarah Marshall",https://www.imdb.com/title/tt0800039,Movie,7.1,111,2008,"Comedy, Romance, Drama",321540,"2008-04-18","Nicholas Stoller"
tt8236336,7,2020-11-15,"The Report","The Report",https://www.imdb.com/title/tt8236336,Movie,7.2,119,2019,"Drama, Thriller, Biography, History, Crime",57391,"2019-11-15","Scott Z. Burns"
tt0485601,8,2020-11-15,"The Secret of Kells","The Secret of Kells",https://www.imdb.com/title/tt0485601,Movie,7.5,75,2009,"Animation, Family, Fantasy, Adventure",41133,"2016-06-22","Tomm Moore,Nora Twomey"
tt0159382,7,2020-11-13,"Croupier","Croupier",https://www.imdb.com/title/tt0159382,Movie,7.0,94,1998,"Thriller, Crime, Drama",24946,"2000-07-28","Mike Hodges"
tt0392878,6,2020-11-13,"The Onion Movie","The Onion Movie",https://www.imdb.com/title/tt0392878,Movie,6.2,86,2008,"Comedy",17325,"2008-01-07","Tom Kuntz,Mike Maguire"
tt1639084,6,2020-11-13,"Tallulah","Tallulah",https://www.imdb.com/title/tt1639084,Movie,6.7,111,2016,"Drama, Comedy, Romance",22516,"2016-07-29","Sian Heder"
tt8850222,3,2020-11-12,"Peninsula","Bando",https://www.imdb.com/title/tt8850222,Movie,5.5,116,2020,"Action, Horror, Thriller, Drama",44444,"2020-08-07","Yeon Sang-ho"
tt7530404,6,2020-11-11,"Gamemaster","Gamemaster",https://www.imdb.com/title/tt7530404,Movie,6.7,97,2020,"Documentary",243,"2020-07","Charles Mruz"
tt13143964,6,2020-11-10,"Borat Subsequent Moviefilm","Borat Subsequent Moviefilm: Delivery of Prodigious Bribe to American Regime for Make Benefit Once Glorious Nation of Kazakhstan",https://www.imdb.com/title/tt13143964,Movie,6.6,95,2020,"Comedy",166348,"2020-10-23","Jason Woliner"
tt4566758,6,2020-11-09,"Mulan","Mulan",https://www.imdb.com/title/tt4566758,Movie,5.8,115,2020,"Adventure, Drama, Action, Fantasy",168268,"2020-09-04","Niki Caro"
tt1833116,6,2020-11-09,"The Informer","The Informer",https://www.imdb.com/title/tt1833116,Movie,6.6,113,2019,"Crime, Drama, Thriller, Action",46619,"2019-08-30","Andrea Di Stefano"
tt0413267,6,2020-11-08,"Shrek the Third","Shrek the Third",https://www.imdb.com/title/tt0413267,Movie,6.1,93,2007,"Animation, Comedy, Family, Fantasy, Adventure, Romance",363944,"2007-05-18","Chris Miller,Raman Hui"
tt0910936,7,2020-11-08,"Pineapple Express","Pineapple Express",https://www.imdb.com/title/tt0910936,Movie,6.9,111,2008,"Comedy, Crime, Action",374728,"2008-08-06","David Gordon Green"
tt1007028,6,2020-11-08,"Zack and Miri Make a Porno","Zack and Miri Make a Porno",https://www.imdb.com/title/tt1007028,Movie,6.5,101,2008,"Comedy, Romance",187245,"2008-10-31","Kevin Smith"
tt0990407,5,2020-11-08,"The Green Hornet","The Green Hornet",https://www.imdb.com/title/tt0990407,Movie,5.8,119,2011,"Action, Comedy, Crime",169433,"2011-01-14","Michel Gondry"
tt1092026,6,2020-11-08,"Paul","Paul",https://www.imdb.com/title/tt1092026,Movie,6.9,104,2011,"Comedy, Sci-Fi, Adventure",284494,"2011-03-18","Greg Mottola"
tt1114740,5,2020-11-08,"Paul Blart: Mall Cop","Paul Blart: Mall Cop",https://www.imdb.com/title/tt1114740,Movie,5.3,91,2009,"Comedy, Crime, Action, Family",126108,"2009-01-16","Steve Carr"
tt8311792,4,2020-11-07,"Murder Me, Monster","Muere, monstruo, muere",https://www.imdb.com/title/tt8311792,Movie,5.5,109,2018,"Drama, Horror, Thriller",1175,"2019-05-09","Alejandro Fadel"
tt9059704,5,2020-10-26,"An American Pickle","An American Pickle",https://www.imdb.com/title/tt9059704,Movie,5.7,88,2020,"Comedy, Fantasy",29960,"2020-08-06","Brandon Trost"
tt10048342,8,2020-10-24,"The Queen's Gambit","The Queen's Gambit",https://www.imdb.com/title/tt10048342,TV Mini Series,8.5,60,2020,"Drama",674046,"2020-10-23",
tt10970552,6,2020-10-21,"The Haunting of Bly Manor","The Haunting of Bly Manor",https://www.imdb.com/title/tt10970552,TV Mini Series,7.4,60,2020,"Drama, Horror, Mystery, Thriller",146404,"2020-10-09",
tt0230600,9,2020-10-20,"The Others","The Others",https://www.imdb.com/title/tt0230600,Movie,7.6,104,2001,"Mystery, Thriller, Horror",430328,"2001-08-10","Alejandro Amenábar"
tt11615290,8,2020-10-19,"Beastie Boys Story","Beastie Boys Story",https://www.imdb.com/title/tt11615290,Movie,7.7,119,2020,"Documentary, Biography, Music",8958,"2020-04-24","Spike Jonze"
tt1070874,7,2020-10-19,"The Trial of the Chicago 7","The Trial of the Chicago 7",https://www.imdb.com/title/tt1070874,Movie,7.7,129,2020,"Drama, Thriller, History",206600,"2020-10-16","Aaron Sorkin"
tt0445946,6,2020-10-15,"The Contract","The Contract",https://www.imdb.com/title/tt0445946,Movie,5.6,96,2006,"Drama, Thriller, Crime, Action",27539,"2007-04-05","Bruce Beresford"
tt0449061,5,2020-10-15,"London","London",https://www.imdb.com/title/tt0449061,Movie,6.3,92,2005,"Drama, Romance",25833,"2021-07-03","Hunter Richards"
tt0760311,6,2020-10-15,"He Was a Quiet Man","He Was a Quiet Man",https://www.imdb.com/title/tt0760311,Movie,6.7,100,2007,"Thriller, Romance, Drama",23908,"2020-05-17","Frank A. Cappello"
tt8206668,7,2020-10-15,"Bad Education","Bad Education",https://www.imdb.com/title/tt8206668,Movie,7.1,108,2019,"Comedy, Drama, Biography, Crime",46386,"2020-04-25","Cory Finley"
tt6882604,6,2020-10-15,"Archive","Archive",https://www.imdb.com/title/tt6882604,Movie,6.4,109,2020,"Sci-Fi, Drama, Thriller, Mystery",30169,"2020-07-10","Gavin Rothery"
tt6803046,7,2020-10-14,"The Vast of Night","The Vast of Night",https://www.imdb.com/title/tt6803046,Movie,6.7,91,2019,"Mystery, Sci-Fi, Thriller, Drama",50876,"2020-05-29","Andrew Patterson"
tt0369672,7,2020-10-09,"A Love Song for Bobby Long","A Love Song for Bobby Long",https://www.imdb.com/title/tt0369672,Movie,7.1,119,2004,"Drama",28269,"2005-01-21","Shainee Gabel"
tt0455782,7,2020-10-09,"The Hunting Party","The Hunting Party",https://www.imdb.com/title/tt0455782,Movie,6.7,101,2007,"Adventure, Comedy, Drama, Thriller, War",26897,"2007-09-21","Richard Shepard"
tt0119485,7,2020-10-09,"Kundun","Kundun",https://www.imdb.com/title/tt0119485,Movie,7.0,134,1997,"Biography, History, War, Drama",32405,"1998-01-16","Martin Scorsese"
tt0265349,7,2020-10-09,"The Mothman Prophecies","The Mothman Prophecies",https://www.imdb.com/title/tt0265349,Movie,6.4,119,2002,"Drama, Horror, Mystery, Thriller",90726,"2002-01-25","Mark Pellington"
tt0842929,7,2020-10-07,"Paranoid Park","Paranoid Park",https://www.imdb.com/title/tt0842929,Movie,6.6,85,2007,"Drama, Crime, Mystery",33111,"2007-10-24","Gus Van Sant"
tt11394180,8,2020-10-07,"Dick Johnson Is Dead","Dick Johnson Is Dead",https://www.imdb.com/title/tt11394180,Movie,7.4,89,2020,"Documentary, Drama, Biography",7696,"2020-10-02","Kirsten Johnson"
tt6994156,7,2020-10-06,"Close Enough","Close Enough",https://www.imdb.com/title/tt6994156,TV Series,7.8,23,2020,"Animation, Comedy, Fantasy, Sci-Fi, Action, Adventure, Romance, Thriller, Drama",14536,"2020-07-09",
tt4827558,6,2020-10-05,"High Life","High Life",https://www.imdb.com/title/tt4827558,Movie,5.7,113,2018,"Sci-Fi, Thriller, Drama",45797,"2019-04-12","Claire Denis"
tt4158096,6,2020-10-05,"Free Fire","Free Fire",https://www.imdb.com/title/tt4158096,Movie,6.3,91,2016,"Crime, Thriller, Action, Comedy",53874,"2017-04-21","Ben Wheatley"
tt1433811,7,2020-10-05,"Disconnect","Disconnect",https://www.imdb.com/title/tt1433811,Movie,7.5,115,2012,"Thriller, Drama, Crime, Mystery",80484,"2013-07-05","Henry Alex Rubin"
tt2852458,7,2020-10-05,"Stranger by the Lake","L'Inconnu du lac",https://www.imdb.com/title/tt2852458,Movie,6.9,100,2013,"Drama, Thriller, Romance",17830,"2013-06-12","Alain Guiraudie"
tt1951261,5,2020-10-05,"The Hangover Part III","The Hangover Part III",https://www.imdb.com/title/tt1951261,Movie,5.9,100,2013,"Comedy, Crime",367219,"2013-05-23","Todd Phillips"
tt1323594,8,2020-10-05,"Despicable Me","Despicable Me",https://www.imdb.com/title/tt1323594,Movie,7.6,95,2010,"Animation, Family, Comedy, Sci-Fi, Crime, Adventure",638969,"2010-07-09","Pierre Coffin,Chris Renaud"
tt0390022,7,2020-10-05,"Friday Night Lights","Friday Night Lights",https://www.imdb.com/title/tt0390022,Movie,7.2,118,2004,"Drama, Sport, Action",71190,"2004-10-08","Peter Berg"
tt1690953,7,2020-10-05,"Despicable Me 2","Despicable Me 2",https://www.imdb.com/title/tt1690953,Movie,7.3,98,2013,"Animation, Comedy, Family, Sci-Fi, Adventure, Crime",464116,"2013-07-03","Pierre Coffin,Chris Renaud"
tt1300854,6,2020-10-05,"Iron Man 3","Iron Man Three",https://www.imdb.com/title/tt1300854,Movie,7.1,130,2013,"Action, Adventure, Sci-Fi",978013,"2013-05-03","Shane Black"
tt2140373,7,2020-10-05,"Saving Mr. Banks","Saving Mr. Banks",https://www.imdb.com/title/tt2140373,Movie,7.5,125,2013,"Drama, Biography, Comedy",176369,"2013-12-20","John Lee Hancock"
tt2024469,6,2020-10-05,"Non-Stop","Non-Stop",https://www.imdb.com/title/tt2024469,Movie,6.9,106,2014,"Action, Thriller, Mystery",288757,"2014-02-28","Jaume Collet-Serra"
tt2315200,7,2020-10-05,"Me, Myself and Mum","Les garçons et Guillaume, à table!",https://www.imdb.com/title/tt2315200,Movie,6.6,85,2013,"Comedy",8324,"2013-11-20","Guillaume Gallienne"
tt0795368,8,2020-10-05,"Death at a Funeral","Death at a Funeral",https://www.imdb.com/title/tt0795368,Movie,7.3,90,2007,"Comedy",128745,"2007-09-07","Frank Oz"
tt3132738,7,2020-10-05,"Houdini","Houdini",https://www.imdb.com/title/tt3132738,TV Mini Series,7.3,76,2014,"Biography, Drama",13284,"2014-09-01",
tt1094249,7,2020-10-05,"Hotel Chevalier","Hotel Chevalier",https://www.imdb.com/title/tt1094249,Short,7.1,13,2007,"Short, Drama, Romance",37772,"2007-10-26","Wes Anderson"
tt2306745,8,2020-10-05,"Sound City","Sound City",https://www.imdb.com/title/tt2306745,Movie,7.8,107,2013,"Documentary, Music",13812,"2013-02-18","Dave Grohl"
tt0101410,7,2020-10-05,"Barton Fink","Barton Fink",https://www.imdb.com/title/tt0101410,Movie,7.6,116,1991,"Comedy, Thriller, Drama",136251,"1991-08-21","Joel Coen,Ethan Coen"
tt0087332,8,2020-10-05,"Ghostbusters","Ghostbusters",https://www.imdb.com/title/tt0087332,Movie,7.8,105,1984,"Fantasy, Comedy, Action, Sci-Fi",489347,"1984-06-08","Ivan Reitman"
tt0203119,7,2020-10-05,"Sexy Beast","Sexy Beast",https://www.imdb.com/title/tt0203119,Movie,7.3,89,2000,"Thriller, Drama, Crime",76564,"2001-07-13","Jonathan Glazer"
tt1020072,7,2020-10-05,"Selma","Selma",https://www.imdb.com/title/tt1020072,Movie,7.5,128,2014,"History, Drama, Biography",99552,"2015-01-09","Ava DuVernay"
tt0060390,7,2020-10-05,"Fahrenheit 451","Fahrenheit 451",https://www.imdb.com/title/tt0060390,Movie,7.2,112,1966,"Drama, Sci-Fi",47758,"1966-11-14","François Truffaut"
tt0091605,7,2020-10-05,"The Name of the Rose","The Name of the Rose",https://www.imdb.com/title/tt0091605,Movie,7.7,130,1986,"Drama, Thriller, Mystery",128064,"1986-09-24","Jean-Jacques Annaud"
tt0082484,7,2020-10-05,"Quest for Fire","La guerre du feu",https://www.imdb.com/title/tt0082484,Movie,7.3,100,1981,"Drama, Adventure",26650,"1982-02-12","Jean-Jacques Annaud"
tt1937390,6,2020-10-05,"Nymphomaniac: Vol. I","Nymphomaniac: Vol. I",https://www.imdb.com/title/tt1937390,Movie,6.9,117,2013,"Drama",139675,"2014-03-06","Lars von Trier"
tt2382009,6,2020-10-05,"Nymphomaniac: Vol. II","Nymphomaniac: Vol. II",https://www.imdb.com/title/tt2382009,Movie,6.6,124,2013,"Drama",104370,"2014-03-20","Lars von Trier"
tt2473794,6,2020-10-05,"Mr. Turner","Mr. Turner",https://www.imdb.com/title/tt2473794,Movie,6.8,150,2014,"Drama, Biography, History",28789,"2014-10-31","Mike Leigh"
tt1372686,6,2020-10-05,"Coriolanus","Coriolanus",https://www.imdb.com/title/tt1372686,Movie,6.1,123,2011,"Drama, Thriller, War",35046,"2012-01-20","Ralph Fiennes"
tt0083866,9,2020-10-05,"E.T. the Extra-Terrestrial","E.T. the Extra-Terrestrial",https://www.imdb.com/title/tt0083866,Movie,7.9,115,1982,"Adventure, Sci-Fi, Family",475247,"1982-06-11","Steven Spielberg"
tt1640718,6,2020-10-05,"Kahlil Gibran's The Prophet","The Prophet",https://www.imdb.com/title/tt1640718,Movie,7.1,85,2014,"Animation, Drama",5372,"2015-08-07","Roger Allers,Gaëtan Brizzi,Paul Brizzi,Joan C. Gratz,Mohammed Saeed Harib,Tomm Moore,Nina Paley,Bill Plympton,Joann Sfar,Michal Socha"
tt2631580,6,2020-10-05,"Captain Sparky vs. the Flying Saucers","Captain Sparky vs. the Flying Saucers",https://www.imdb.com/title/tt2631580,Short,6.2,3,2013,"Animation, Short, Adventure, Comedy, Family, Sci-Fi",969,"2013-01-07","Mark Waring"
tt3068194,6,2020-10-05,"Love & Friendship","Love & Friendship",https://www.imdb.com/title/tt3068194,Movie,6.4,90,2016,"Drama, Romance, Comedy",27814,"2016-06-03","Whit Stillman"
tt0449059,8,2020-10-05,"Little Miss Sunshine","Little Miss Sunshine",https://www.imdb.com/title/tt0449059,Movie,7.8,101,2006,"Comedy, Drama",563838,"2006-08-18","Jonathan Dayton,Valerie Faris"
tt3410834,5,2020-10-05,"The Divergent Series: Allegiant","The Divergent Series: Allegiant",https://www.imdb.com/title/tt3410834,Movie,5.7,120,2016,"Adventure, Sci-Fi, Action, Mystery, Thriller, Fantasy",148072,"2016-03-18","Robert Schwentke"
tt5613056,8,2020-10-05,"Piper","Piper",https://www.imdb.com/title/tt5613056,Short,8.3,6,2016,"Animation, Short, Family",34116,"2016-06-17","Alan Barillaro"
tt4171032,7,2020-10-05,"World of Tomorrow","World of Tomorrow",https://www.imdb.com/title/tt4171032,Short,8.1,17,2015,"Animation, Short, Comedy, Drama, Sci-Fi",11066,"2015-03-31","Don Hertzfeldt"
tt4955294,6,2020-10-05,"Prologue","Prologue",https://www.imdb.com/title/tt4955294,Short,6.5,6,2015,"Animation, Short, Drama",1370,"2016-02-23","Richard Williams"
tt4661600,6,2020-10-05,"Sanjay's Super Team","Sanjay's Super Team",https://www.imdb.com/title/tt4661600,Short,6.8,7,2015,"Animation, Short, Action, Family, Fantasy, Thriller",5899,"2015-11-25","Sanjay Patel"
tt0066434,8,2020-10-05,"THX 1138","THX 1138",https://www.imdb.com/title/tt0066434,Movie,6.6,86,1971,"Thriller, Drama, Sci-Fi",57897,"1971-03-11","George Lucas"
tt0488905,6,2020-10-05,"The Banishment","Izgnanie",https://www.imdb.com/title/tt0488905,Movie,7.5,157,2007,"Drama, Romance",9687,"2018-01-18","Andrey Zvyagintsev"
tt1648190,5,2020-10-05,"The Dark Tower","The Dark Tower",https://www.imdb.com/title/tt1648190,Movie,5.6,95,2017,"Adventure, Fantasy, Sci-Fi, Western, Action, Drama",156869,"2017-08-04","Nikolaj Arcel"
tt8116428,7,2020-10-05,"Along With the Gods: The Last 49 Days","Sin-gwa ham-kke: In-gwa yeon",https://www.imdb.com/title/tt8116428,Movie,7.1,142,2018,"Fantasy, Action, Drama, Adventure, Thriller",10852,"2018-08-01","Kim Yong-hwa"
tt6212478,7,2020-10-05,"American Animals","American Animals",https://www.imdb.com/title/tt6212478,Movie,7.0,116,2018,"Crime, Drama, Biography, Thriller, History",53582,"2018-08-14","Bart Layton"
tt4537896,6,2020-10-05,"White Boy Rick","White Boy Rick",https://www.imdb.com/title/tt4537896,Movie,6.5,111,2018,"Crime, Drama",49243,"2018-09-14","Yann Demange"
tt3824386,8,2020-10-05,"Lava","Lava",https://www.imdb.com/title/tt3824386,Short,7.2,7,2014,"Animation, Musical, Short, Family, Romance, Fantasy, Music",20855,"2015-06-19","James Ford Murphy"
tt7334642,5,2020-10-05,"Miss Fritter's Racing Skoool","Miss Fritter's Racing Skoool",https://www.imdb.com/title/tt7334642,Video,5.0,3,2017,"Animation, Short, Comedy, Family",768,"2017-11-07","James Ford Murphy"
tt3116154,7,2020-10-05,"Party Central","Party Central",https://www.imdb.com/title/tt3116154,Short,7.0,5,2013,"Animation, Short, Comedy, Family, Fantasy, Adventure",4453,"2014-03-21","Kelsey Mann"
tt4941804,7,2020-10-05,"Riley's First Date?","Riley's First Date?",https://www.imdb.com/title/tt4941804,Video,7.4,5,2015,"Animation, Short, Comedy, Family, Romance, Fantasy",12125,"2015-10-13","Josh Cooley"
tt0100150,8,2020-10-05,"Miller's Crossing","Miller's Crossing",https://www.imdb.com/title/tt0100150,Movie,7.7,115,1990,"Thriller, Crime, Drama",148938,"1990-10-05","Joel Coen,Ethan Coen"
tt2616880,8,2020-10-05,"The Blue Umbrella","The Blue Umbrella",https://www.imdb.com/title/tt2616880,Short,7.5,7,2013,"Animation, Short, Family, Fantasy, Romance, Drama",11988,"2013-06-21","Saschka Unseld"
tt2340678,7,2020-10-05,"Toy Story Toons: Partysaurus Rex","Partysaurus Rex",https://www.imdb.com/title/tt2340678,Short,7.4,7,2012,"Animation, Short, Comedy, Family, Fantasy, Adventure",9831,"2012-09-14","Mark A. Walsh,Dylan Brown"
tt0120679,7,2020-10-05,"Frida","Frida",https://www.imdb.com/title/tt0120679,Movie,7.3,123,2002,"Biography, Romance, Drama",101851,"2002-11-22","Julie Taymor"
tt2205697,6,2020-10-05,"Stuck in Love.","Stuck in Love",https://www.imdb.com/title/tt2205697,Movie,7.2,97,2012,"Drama, Comedy, Romance",96016,"2013-05-02","Josh Boone"
tt2366450,7,2020-10-05,"Stories We Tell","Stories We Tell",https://www.imdb.com/title/tt2366450,Movie,7.5,108,2012,"Documentary",14716,"2013-01-17","Sarah Polley"
tt2234155,6,2020-10-05,"The Internship","The Internship",https://www.imdb.com/title/tt2234155,Movie,6.3,119,2013,"Comedy",228674,"2013-06-07","Shawn Levy"
tt1924396,8,2020-10-05,"The Best Offer","La migliore offerta",https://www.imdb.com/title/tt1924396,Movie,7.7,131,2013,"Drama, Romance, Crime, Mystery, Thriller",138173,"2014-01-01","Giuseppe Tornatore"
tt1343092,7,2020-10-05,"The Great Gatsby","The Great Gatsby",https://www.imdb.com/title/tt1343092,Movie,7.2,143,2013,"Drama, Romance",647650,"2013-05-10","Baz Luhrmann"
tt0168122,7,2020-10-05,"Pirates of Silicon Valley","Pirates of Silicon Valley",https://www.imdb.com/title/tt0168122,TV Movie,7.2,95,1999,"Biography, History, Drama",26268,"1999-06-20","Martyn Burke,Dorine Maze"
tt0162346,7,2020-10-05,"Ghost World","Ghost World",https://www.imdb.com/title/tt0162346,Movie,7.3,111,2001,"Drama, Comedy",131572,"2001-09-21","Terry Zwigoff"
tt0070510,8,2020-10-05,"Paper Moon","Paper Moon",https://www.imdb.com/title/tt0070510,Movie,8.1,102,1973,"Crime, Drama, Comedy",58077,"1973-05-09","Peter Bogdanovich"
tt2330866,7,2020-10-05,"The Thieves","Dodookdeul",https://www.imdb.com/title/tt2330866,Movie,6.8,135,2012,"Action, Crime, Comedy, Thriller",12451,"2012-07-25","Choi Dong-hoon"
tt1583421,5,2020-10-05,"G.I. Joe: Retaliation","G.I. Joe: Retaliation",https://www.imdb.com/title/tt1583421,Movie,5.7,110,2013,"Action, Adventure, Sci-Fi, Thriller",193813,"2013-03-28","Jon M. Chu"
tt2179121,8,2020-10-05,"What's in a Name?","Le prénom",https://www.imdb.com/title/tt2179121,Movie,7.3,109,2012,"Comedy, Drama",20326,"2013-12-13","Alexandre de La Patellière,Matthieu Delaporte"
tt0790724,6,2020-10-05,"Jack Reacher","Jack Reacher",https://www.imdb.com/title/tt0790724,Movie,7.0,130,2012,"Action, Thriller",394209,"2012-12-21","Christopher McQuarrie"
tt1772925,7,2020-10-05,"Jiro Dreams of Sushi","Jiro Dreams of Sushi",https://www.imdb.com/title/tt1772925,Movie,7.8,81,2011,"Documentary",39964,"2012-03-15","David Gelb"
tt1045658,8,2020-10-05,"Silver Linings Playbook","Silver Linings Playbook",https://www.imdb.com/title/tt1045658,Movie,7.7,122,2012,"Comedy, Drama, Romance",776501,"2012-12-25","David O. Russell"
tt1462758,7,2020-10-05,"Buried","Buried",https://www.imdb.com/title/tt1462758,Movie,7.0,95,2010,"Mystery, Thriller, Drama",177191,"2010-10-15","Rodrigo Cortés"
tt0366943,7,2020-10-05,"Reconstruction","Reconstruction",https://www.imdb.com/title/tt0366943,Movie,7.3,90,2003,"Drama, Romance",7816,"2003-09-26","Christoffer Boe"
tt0265651,7,2020-10-05,"Ripley's Game","Ripley's Game",https://www.imdb.com/title/tt0265651,Movie,6.6,110,2002,"Crime, Mystery, Drama, Thriller",20725,"2003-02-07","Liliana Cavani"
tt0361862,9,2020-10-05,"The Machinist","The Machinist",https://www.imdb.com/title/tt0361862,Movie,7.6,101,2004,"Thriller, Drama",444967,"2004-12-03","Brad Anderson"
tt1242460,8,2020-10-05,"We Need to Talk About Kevin","We Need to Talk About Kevin",https://www.imdb.com/title/tt1242460,Movie,7.4,112,2011,"Drama, Thriller, Mystery",182951,"2011-10-21","Lynne Ramsay"
tt1568334,8,2020-10-05,"The Tillman Story","The Tillman Story",https://www.imdb.com/title/tt1568334,Movie,7.7,94,2010,"Documentary, Biography, Mystery, War",5101,"2010-01-23","Amir Bar-Lev"
tt0072271,7,2020-10-05,"The Texas Chain Saw Massacre","The Texas Chain Saw Massacre",https://www.imdb.com/title/tt0072271,Movie,7.4,83,1974,"Horror",214746,"1974-10-11","Tobe Hooper"
tt1307068,6,2020-10-05,"Seeking a Friend for the End of the World","Seeking a Friend for the End of the World",https://www.imdb.com/title/tt1307068,Movie,6.7,101,2012,"Romance, Drama, Sci-Fi, Comedy, Adventure",123634,"2012-06-22","Lorene Scafaria"
tt1839492,7,2020-10-05,"Ruby Sparks","Ruby Sparks",https://www.imdb.com/title/tt1839492,Movie,7.2,104,2012,"Comedy, Romance, Fantasy, Drama",109664,"2012-09-06","Jonathan Dayton,Valerie Faris"
tt1613750,8,2020-10-05,"Kon-Tiki","Kon-Tiki",https://www.imdb.com/title/tt1613750,Movie,7.1,118,2012,"History, Biography, Drama, Adventure",54807,"2013-04-26","Joachim Rønning,Espen Sandberg"
tt0095895,7,2020-10-05,"Powaqqatsi","Powaqqatsi",https://www.imdb.com/title/tt0095895,Movie,7.2,99,1988,"Documentary, Music",9439,"1988-06-02","Godfrey Reggio"
tt0145937,6,2020-10-05,"Naqoyqatsi","Naqoyqatsi",https://www.imdb.com/title/tt0145937,Movie,6.4,89,2002,"Documentary, Music",6552,"2003-01-21","Godfrey Reggio"
tt1540133,7,2020-10-05,"The Guard","The Guard",https://www.imdb.com/title/tt1540133,Movie,7.3,96,2011,"Thriller, Comedy, Crime",102150,"2011-07-07","John Michael McDonagh"
tt1063669,8,2020-10-05,"The Wave","Die Welle",https://www.imdb.com/title/tt1063669,Movie,7.6,107,2008,"Drama, Thriller",122550,"2011-05-27","Dennis Gansel"
tt1465522,7,2020-10-05,"Tucker and Dale vs Evil","Tucker and Dale vs Evil",https://www.imdb.com/title/tt1465522,Movie,7.5,89,2010,"Comedy, Horror",210630,"2010-12-09","Eli Craig"
tt1217209,6,2020-10-05,"Brave","Brave",https://www.imdb.com/title/tt1217209,Movie,7.1,93,2012,"Animation, Adventure, Fantasy, Family, Comedy, Drama, Mystery, Action",483908,"2012-06-22","Mark Andrews,Brenda Chapman,Steve Purcell"
tt1692486,7,2020-10-05,"Carnage","Carnage",https://www.imdb.com/title/tt1692486,Movie,7.1,80,2011,"Comedy, Drama",138958,"2011-11-18","Roman Polanski"
tt1567609,6,2020-10-05,"Get the Gringo","Get the Gringo",https://www.imdb.com/title/tt1567609,Movie,6.9,96,2012,"Action, Drama, Thriller",115106,"2012-06-22","Adrian Grunberg"
tt1912398,6,2020-10-05,"God Bless America","God Bless America",https://www.imdb.com/title/tt1912398,Movie,7.1,105,2011,"Comedy, Crime, Drama",74722,"2012-05-31","Bobcat Goldthwait"
tt1189340,7,2020-10-05,"The Lincoln Lawyer","The Lincoln Lawyer",https://www.imdb.com/title/tt1189340,Movie,7.3,118,2011,"Drama, Crime, Thriller, Mystery",272022,"2011-03-18","Brad Furman"
tt1568338,6,2020-10-05,"Man on a Ledge","Man on a Ledge",https://www.imdb.com/title/tt1568338,Movie,6.6,102,2012,"Thriller, Crime, Action",162683,"2012-01-27","Asger Leth"
tt0765128,8,2020-10-05,"Oceans","Océans",https://www.imdb.com/title/tt0765128,Movie,7.7,84,2008,"Documentary",10240,"2010-04-22","Jacques Perrin,Jacques Cluzaud"
tt1661420,7,2020-10-05,"Polisse","Polisse",https://www.imdb.com/title/tt1661420,Movie,7.3,127,2011,"Drama, Crime",16405,"2011-10-19","Maïwenn"
tt1637725,7,2020-10-05,"Ted","Ted",https://www.imdb.com/title/tt1637725,Movie,6.9,106,2012,"Comedy",716165,"2012-06-29","Seth MacFarlane"
tt1672723,8,2020-10-05,"Batman: Year One","Batman: Year One",https://www.imdb.com/title/tt1672723,Video,7.3,64,2011,"Animation, Action, Crime, Thriller, Drama",41101,"2011-10-18","Sam Liu,Lauren Montgomery"
tt0106364,8,2020-10-05,"Batman: Mask of the Phantasm","Batman: Mask of the Phantasm",https://www.imdb.com/title/tt0106364,Movie,7.8,76,1993,"Animation, Adventure, Sci-Fi, Mystery, Crime, Family, Action",64538,"1993-12-25","Kevin Altieri,Boyd Kirkland,Frank Paur,Dan Riba,Eric Radomski,Bruce Timm"
tt0096895,8,2020-10-05,"Batman","Batman",https://www.imdb.com/title/tt0096895,Movie,7.5,126,1989,"Crime",434652,"1989-06-23","Tim Burton"
tt0103776,8,2020-10-05,"Batman Returns","Batman Returns",https://www.imdb.com/title/tt0103776,Movie,7.1,126,1992,"Fantasy, Crime, Action",351859,"1992-06-19","Tim Burton"
tt0112462,6,2020-10-05,"Batman Forever","Batman Forever",https://www.imdb.com/title/tt0112462,Movie,5.5,121,1995,"Action, Adventure",284161,"1995-06-16","Joel Schumacher"
tt0118688,3,2020-10-05,"Batman & Robin","Batman & Robin",https://www.imdb.com/title/tt0118688,Movie,3.8,125,1997,"Sci-Fi, Action",284282,"1997-06-20","Joel Schumacher"
tt1645170,6,2020-10-05,"The Dictator","The Dictator",https://www.imdb.com/title/tt1645170,Movie,6.5,83,2012,"Comedy",371600,"2012-05-16","Larry Charles"
tt1320253,6,2020-10-05,"The Expendables","The Expendables",https://www.imdb.com/title/tt1320253,Movie,6.4,103,2010,"Thriller, Action, Adventure",382147,"2010-08-13","Sylvester Stallone"
tt1764651,5,2020-10-05,"The Expendables 2","The Expendables 2",https://www.imdb.com/title/tt1764651,Movie,6.6,103,2012,"Action, Thriller, Adventure",335854,"2012-08-17","Simon West"
tt2063781,7,2020-10-05,"Smashed","Smashed",https://www.imdb.com/title/tt2063781,Movie,6.7,81,2012,"Drama",18510,"2012-12-14","James Ponsoldt"
tt6977338,6,2020-10-05,"Good Boys","Good Boys",https://www.imdb.com/title/tt6977338,Movie,6.7,90,2019,"Comedy, Adventure",90634,"2019-08-16","Gene Stupnitsky"
tt2935510,7,2020-10-05,"Ad Astra","Ad Astra",https://www.imdb.com/title/tt2935510,Movie,6.5,123,2019,"Sci-Fi, Thriller, Adventure, Drama, Mystery",283322,"2019-09-20","James Gray"
tt7689964,8,2020-10-05,"RBG","RBG",https://www.imdb.com/title/tt7689964,Movie,7.6,98,2018,"Documentary, Biography",15672,"2018-07-26","Julie Cohen,Betsy West"
tt6851066,7,2020-10-05,"Filmworker","Filmworker",https://www.imdb.com/title/tt6851066,Movie,7.4,94,2017,"Documentary, Biography",3804,"2018-05-11","Tony Zierra"
tt7467476,6,2020-10-05,"Fauve","Fauve",https://www.imdb.com/title/tt7467476,Short,7.6,17,2018,"Short, Drama",3857,"2020-08-15","Jérémy Comte"
tt6806448,6,2020-10-05,"Fast & Furious Presents: Hobbs & Shaw","Fast & Furious Presents: Hobbs & Shaw",https://www.imdb.com/title/tt6806448,Movie,6.4,137,2019,"Action, Adventure, Thriller",259914,"2019-08-02","David Leitch"
tt2565938,6,2020-10-05,"The Legend of Mor'du","The Legend of Mor'du",https://www.imdb.com/title/tt2565938,Video,6.1,7,2012,"Animation, Short, Family, Fantasy",2864,"2012-11-13","Brian Larsen"
tt0289992,7,2020-10-04,"The Life of David Gale","The Life of David Gale",https://www.imdb.com/title/tt0289992,Movie,7.5,130,2003,"Mystery, Crime, Drama, Thriller",133101,"2003-02-21","Alan Parker"
tt0802948,7,2020-10-03,"An American Crime","An American Crime",https://www.imdb.com/title/tt0802948,Movie,7.2,98,2007,"Drama, Crime, Biography, Horror",40117,"2007-12-07","Tommy O'Haver"
tt9686708,7,2020-10-02,"The King of Staten Island","The King of Staten Island",https://www.imdb.com/title/tt9686708,Movie,7.1,136,2020,"Comedy, Drama",82733,"2020-06-12","Judd Apatow"
tt4190530,7,2020-09-30,"Anthropoid","Anthropoid",https://www.imdb.com/title/tt4190530,Movie,7.2,120,2016,"History, Thriller, War, Drama, Romance, Action",60388,"2016-09-09","Sean Ellis"
tt12939836,6,2020-09-30,"A Perfect Crime","A Perfect Crime",https://www.imdb.com/title/tt12939836,TV Mini Series,7.3,40,2020,"Documentary, Crime",1825,"2020-09-25",
tt9827854,8,2020-09-29,"Hollywood","Hollywood",https://www.imdb.com/title/tt9827854,TV Mini Series,7.5,50,2020,"Drama, Comedy",44185,"2020-05-01",
tt0119468,7,2020-09-28,"Kiss the Girls","Kiss the Girls",https://www.imdb.com/title/tt0119468,Movie,6.6,115,1997,"Crime, Drama, Thriller, Mystery",101115,"1997-10-03","Gary Fleder"
tt0093779,8,2020-09-28,"The Princess Bride","The Princess Bride",https://www.imdb.com/title/tt0093779,Movie,8.0,98,1987,"Family, Comedy, Romance, Adventure, Fantasy",489515,"1987-10-09","Rob Reiner"
tt0107977,7,2020-09-28,"Robin Hood: Men in Tights","Robin Hood: Men in Tights",https://www.imdb.com/title/tt0107977,Movie,6.7,104,1993,"Musical, Adventure, Romance, Comedy",146864,"1993-07-28","Mel Brooks"
tt0171363,5,2020-09-28,"The Haunting","The Haunting",https://www.imdb.com/title/tt0171363,Movie,5.1,113,1999,"Fantasy, Mystery, Thriller, Horror",85121,"1999-07-23","Jan de Bont"
tt0325703,5,2020-09-28,"Lara Croft: Tomb Raider - The Cradle of Life","Lara Croft: Tomb Raider - The Cradle of Life",https://www.imdb.com/title/tt0325703,Movie,5.5,117,2003,"Fantasy, Adventure, Action",151620,"2003-07-25","Jan de Bont"
tt0111257,8,2020-09-28,"Speed","Speed",https://www.imdb.com/title/tt0111257,Movie,7.3,116,1994,"Adventure, Thriller, Action",425768,"1994-06-10","Jan de Bont"
tt0117998,7,2020-09-28,"Twister","Twister",https://www.imdb.com/title/tt0117998,Movie,6.6,113,1996,"Adventure, Action, Thriller",253000,"1996-05-10","Jan de Bont"
tt1735898,6,2020-09-28,"Snow White and the Huntsman","Snow White and the Huntsman",https://www.imdb.com/title/tt1735898,Movie,6.1,127,2012,"Action, Fantasy, Adventure, Drama",316357,"2012-06-01","Rupert Sanders"
tt7846844,6,2020-09-28,"Enola Holmes","Enola Holmes",https://www.imdb.com/title/tt7846844,Movie,6.7,123,2020,"Drama, Mystery, Crime, Adventure",253949,"2020-09-23","Harry Bradbeer"
tt0110478,7,2020-09-28,"Maverick","Maverick",https://www.imdb.com/title/tt0110478,Movie,7.0,127,1994,"Action, Adventure, Comedy, Western",125712,"1994-05-20","Richard Donner"
tt0056869,8,2020-09-27,"The Birds","The Birds",https://www.imdb.com/title/tt0056869,Movie,7.6,119,1963,"Drama, Mystery, Romance, Horror",221573,"1963-03-29","Alfred Hitchcock"
tt0977855,7,2020-09-24,"Fair Game","Fair Game",https://www.imdb.com/title/tt0977855,Movie,6.8,108,2010,"Biography, Drama, Thriller",52980,"2010-12-03","Doug Liman"
tt0404030,7,2020-09-24,"Everything Is Illuminated","Everything Is Illuminated",https://www.imdb.com/title/tt0404030,Movie,7.4,106,2005,"Drama, Comedy",61551,"2005-11-04","Liev Schreiber"
tt0318462,8,2020-09-22,"The Motorcycle Diaries","Diarios de motocicleta",https://www.imdb.com/title/tt0318462,Movie,7.7,126,2004,"Biography, Adventure, Drama",109645,"2004-10-15","Walter Salles"
tt0955308,7,2020-09-22,"Robin Hood","Robin Hood",https://www.imdb.com/title/tt0955308,Movie,6.6,140,2010,"Drama, Action, History, Adventure",297760,"2010-05-14","Ridley Scott"
tt5687612,10,2020-09-22,"Fleabag","Fleabag",https://www.imdb.com/title/tt5687612,TV Series,8.7,30,2016,"Comedy, Drama",250999,"2016-09-16",
tt8244784,7,2020-09-22,"The Hunt","The Hunt",https://www.imdb.com/title/tt8244784,Movie,6.6,90,2020,"Action, Horror, Thriller",157460,"2020-03-13","Craig Zobel"
tt0429591,5,2020-09-22,"Aquamarine","Aquamarine",https://www.imdb.com/title/tt0429591,Movie,5.5,110,2006,"Comedy, Fantasy, Family, Romance",48047,"2006-03-03","Elizabeth Allen Rosenbaum"
tt12888462,8,2020-09-21,"My Octopus Teacher","My Octopus Teacher",https://www.imdb.com/title/tt12888462,Movie,8.1,85,2020,"Documentary, Drama",72269,"2020-09-07","Pippa Ehrlich,James Reed"
tt7395114,7,2020-09-21,"The Devil All the Time","The Devil All the Time",https://www.imdb.com/title/tt7395114,Movie,7.1,138,2020,"Drama, Thriller, Crime",172263,"2020-09-10","Antonio Campos"
tt3829254,8,2020-09-19,"Bear Story","Historia de un oso",https://www.imdb.com/title/tt3829254,Short,7.7,11,2014,"Animation, Short, Adventure, Drama, Family",3953,"2016-02-23","Gabriel Osorio Vargas"
tt3043542,7,2020-09-19,"Mr. Hublot","Mr. Hublot",https://www.imdb.com/title/tt3043542,Short,7.2,11,2013,"Animation, Short, Comedy, Family, Fantasy",5561,"2014-02-26","Laurent Witz,Alexandre Espigares"
tt0082096,8,2020-09-18,"Das Boot","Das Boot",https://www.imdb.com/title/tt0082096,Movie,8.3,149,1981,"Drama, War",289789,"1982-02-10","Wolfgang Petersen"
tt0384814,6,2020-09-17,"Ask the Dust","Ask the Dust",https://www.imdb.com/title/tt0384814,Movie,5.7,117,2006,"Drama, Romance",10501,"2006-03-24","Robert Towne"
tt11464826,7,2020-09-17,"The Social Dilemma","The Social Dilemma",https://www.imdb.com/title/tt11464826,Movie,7.6,94,2020,"Documentary, Drama",94875,"2020-09-09","Jeff Orlowski-Yang"
tt0799934,6,2020-09-12,"Be Kind Rewind","Be Kind Rewind",https://www.imdb.com/title/tt0799934,Movie,6.4,102,2008,"Comedy",96722,"2008-02-22","Michel Gondry"
tt1649419,8,2020-09-11,"The Impossible","Lo imposible",https://www.imdb.com/title/tt1649419,Movie,7.5,114,2012,"Thriller, Drama, History",266064,"2013-01-04","J.A. Bayona"
tt0152930,7,2020-09-11,"Taxi","Taxi",https://www.imdb.com/title/tt0152930,Movie,7.0,89,1998,"Crime, Comedy, Action",95953,"1998-11-20","Gérard Pirès"
tt7939766,6,2020-09-11,"I'm Thinking of Ending Things","I'm Thinking of Ending Things",https://www.imdb.com/title/tt7939766,Movie,6.5,134,2020,"Drama, Thriller",111601,"2020-09-04","Charlie Kaufman"
tt0382077,7,2020-09-09,"Hide and Seek","Hide and Seek",https://www.imdb.com/title/tt0382077,Movie,6.0,101,2005,"Horror, Mystery",93165,"2005-01-28","John Polson"
tt0110657,4,2020-09-09,"The Next Karate Kid","The Next Karate Kid",https://www.imdb.com/title/tt0110657,Movie,4.6,107,1994,"Family, Sport, Romance, Drama, Action",38496,"1994-09-09","Christopher Cain"
tt1155076,6,2020-09-09,"The Karate Kid","The Karate Kid",https://www.imdb.com/title/tt1155076,Movie,6.3,140,2010,"Action, Drama, Family, Sport",229294,"2010-06-11","Harald Zwart"
tt0097647,5,2020-09-09,"The Karate Kid Part III","The Karate Kid Part III",https://www.imdb.com/title/tt0097647,Movie,5.4,112,1989,"Sport, Drama, Family, Action",78474,"1989-06-30","John G. Avildsen"
tt0091326,6,2020-09-09,"The Karate Kid Part II","The Karate Kid Part II",https://www.imdb.com/title/tt0091326,Movie,6.2,113,1986,"Sport, Family, Action",110718,"1986-06-20","John G. Avildsen"
tt0087538,8,2020-09-09,"The Karate Kid","The Karate Kid",https://www.imdb.com/title/tt0087538,Movie,7.4,126,1984,"Drama, Sport, Family, Action",273766,"1984-06-22","John G. Avildsen"
tt7375404,8,2020-09-08,"Kidding","Kidding",https://www.imdb.com/title/tt7375404,TV Series,8.0,30,2018,"Comedy, Drama",21617,"2018-08-31",
tt0353969,8,2020-09-07,"Memories of Murder","Salinui chueok",https://www.imdb.com/title/tt0353969,Movie,8.1,131,2003,"Mystery, Crime, Drama, Thriller",272805,"2003-05-02","Bong Joon Ho"
tt1602613,4,2020-09-06,"Only God Forgives","Only God Forgives",https://www.imdb.com/title/tt1602613,Movie,5.7,90,2013,"Crime, Drama, Thriller, Action",123662,"2013-05-22","Nicolas Winding Refn"
tt0424136,7,2020-09-06,"Hard Candy","Hard Candy",https://www.imdb.com/title/tt0424136,Movie,7.0,104,2005,"Thriller, Drama",174980,"2006-04-28","David Slade"
tt6304046,7,2020-09-06,"Thelma","Thelma",https://www.imdb.com/title/tt6304046,Movie,6.9,116,2017,"Romance, Thriller, Drama, Mystery, Fantasy, Horror",40122,"2017-09-15","Joachim Trier"
tt0113862,7,2020-09-05,"Mr. Holland's Opus","Mr. Holland's Opus",https://www.imdb.com/title/tt0113862,Movie,7.4,144,1995,"Music, Drama",44438,"1996-01-19","Stephen Herek"
tt4065552,7,2020-09-02,"The Unknown Soldier","Tuntematon sotilas",https://www.imdb.com/title/tt4065552,Movie,7.7,132,2017,"War, Drama",14918,"2018-12-06","Aku Louhimies"
tt3322940,5,2020-08-30,"Annabelle","Annabelle",https://www.imdb.com/title/tt3322940,Movie,5.5,99,2014,"Horror, Mystery, Thriller",198213,"2014-10-03","John R. Leonetti"
tt1741273,6,2020-08-30,"Secret in Their Eyes","Secret in Their Eyes",https://www.imdb.com/title/tt1741273,Movie,6.3,111,2015,"Mystery, Thriller, Crime, Drama",55245,"2015-11-20","Billy Ray"
tt9652782,7,2020-08-30,"Bait","Bait",https://www.imdb.com/title/tt9652782,Movie,7.1,89,2019,"Drama",5801,"2023-04-18","Mark Jenkin"
tt0456396,8,2020-08-29,"The Child","L'enfant",https://www.imdb.com/title/tt0456396,Movie,7.4,95,2005,"Drama, Crime, Romance",20178,"2005-09-14","Jean-Pierre Dardenne,Luc Dardenne"
tt0108291,7,2020-08-29,"Wild Tango","Tango feroz: la leyenda de Tanguito",https://www.imdb.com/title/tt0108291,Movie,6.7,124,1993,"Music, Romance, Biography, Drama",1883,"1997-03-21","Marcelo Piñeyro"
tt0104684,8,2020-08-28,"Hard Boiled","Lat sau san taam",https://www.imdb.com/title/tt0104684,Movie,7.7,128,1992,"Action, Crime, Thriller",60448,"2025-06-24","John Woo"
tt7550000,6,2020-08-27,"Project Power","Project Power",https://www.imdb.com/title/tt7550000,Movie,6.0,113,2020,"Thriller, Sci-Fi, Action, Crime",104285,"2020-08-14","Henry Joost,Ariel Schulman"
tt9789660,7,2020-08-27,"Transformers: War for Cybertron Trilogy","Transformers: War for Cybertron",https://www.imdb.com/title/tt9789660,TV Series,7.2,30,2020,"Animation, Adventure, Action, Sci-Fi",4745,"2020-07-30",
tt0181689,7,2020-08-26,"Minority Report","Minority Report",https://www.imdb.com/title/tt0181689,Movie,7.6,145,2002,"Crime, Sci-Fi, Mystery, Thriller, Action",625367,"2002-06-21","Steven Spielberg"
tt2762506,6,2020-08-26,"Bacurau","Bacurau",https://www.imdb.com/title/tt2762506,Movie,7.3,131,2019,"Thriller, Adventure, Mystery, Western, Horror, Action, Drama",35261,"2020-03-19","Juliano Dornelles,Kleber Mendonça Filho"
tt1029234,7,2020-08-26,"Martyrs","Martyrs",https://www.imdb.com/title/tt1029234,Movie,7.0,99,2008,"Horror",122033,"2008-09-03","Pascal Laugier"
tt12759400,7,2020-08-23,"High Score","High Score",https://www.imdb.com/title/tt12759400,TV Mini Series,7.4,45,2020,"Documentary",9413,"2020-08-19",
tt6565702,5,2020-08-22,"X-Men: Dark Phoenix","X-Men: Dark Phoenix",https://www.imdb.com/title/tt6565702,Movie,5.7,113,2019,"Action, Adventure, Sci-Fi",231182,"2019-06-07","Simon Kinberg"
tt0398027,6,2020-08-22,"Down in the Valley","Down in the Valley",https://www.imdb.com/title/tt0398027,Movie,6.3,114,2005,"Drama, Romance, Thriller",19573,"2005-12-09","David Jacobson"
tt0119167,7,2020-08-21,"Funny Games","Funny Games",https://www.imdb.com/title/tt0119167,Movie,7.5,108,1997,"Crime, Drama, Horror, Thriller",98805,"1998-03-11","Michael Haneke"
tt11426660,8,2020-08-21,"Cheer","Cheer",https://www.imdb.com/title/tt11426660,TV Series,8.0,60,2020,"Documentary, Sport",7303,"2020-01-08",
tt0246460,6,2020-08-20,"Die Another Day","Die Another Day",https://www.imdb.com/title/tt0246460,Movie,6.1,133,2002,"Thriller, Adventure, Action",242034,"2002-11-22","Lee Tamahori"
tt0421715,8,2020-08-20,"The Curious Case of Benjamin Button","The Curious Case of Benjamin Button",https://www.imdb.com/title/tt0421715,Movie,7.8,166,2008,"Romance, Drama, Fantasy",752013,"2008-12-25","David Fincher"
tt1013753,7,2020-08-20,"Milk","Milk",https://www.imdb.com/title/tt1013753,Movie,7.5,128,2008,"Biography, Drama, History",186702,"2009-01-30","Gus Van Sant"
tt0375679,8,2020-08-20,"Crash","Crash",https://www.imdb.com/title/tt0375679,Movie,7.7,112,2004,"Drama, Crime, Thriller",463620,"2005-05-06","Paul Haggis"
tt0388795,9,2020-08-20,"Brokeback Mountain","Brokeback Mountain",https://www.imdb.com/title/tt0388795,Movie,7.7,134,2005,"Drama, Romance",420686,"2006-01-13","Ang Lee"
tt0433383,8,2020-08-20,"Good Night, and Good Luck.","Good Night, and Good Luck.",https://www.imdb.com/title/tt0433383,Movie,7.4,93,2005,"Drama, Biography, History",105595,"2005-11-04","George Clooney"
tt0379725,7,2020-08-20,"Capote","Capote",https://www.imdb.com/title/tt0379725,Movie,7.3,114,2005,"Drama, Crime, Biography, History",150225,"2006-02-03","Bennett Miller"
tt0408306,8,2020-08-20,"Munich","Munich",https://www.imdb.com/title/tt0408306,Movie,7.5,164,2005,"Drama, Thriller, History",255059,"2006-01-06","Steven Spielberg"
tt0842926,7,2020-08-20,"The Kids Are All Right","The Kids Are All Right",https://www.imdb.com/title/tt0842926,Movie,7.0,106,2010,"Comedy, Drama, Romance",137748,"2010-07-30","Lisa Cholodenko"
tt0065531,8,2020-08-19,"The Red Circle","Le Cercle rouge",https://www.imdb.com/title/tt0065531,Movie,7.9,140,1970,"Drama, Crime, Thriller",32060,"1970-10-20","Jean-Pierre Melville"
tt0143145,6,2020-08-19,"The World Is Not Enough","The World Is Not Enough",https://www.imdb.com/title/tt0143145,Movie,6.4,128,1999,"Adventure, Thriller, Action",221807,"1999-11-19","Michael Apted"
tt8151874,7,2020-08-18,"Honey Boy","Honey Boy",https://www.imdb.com/title/tt8151874,Movie,7.2,94,2019,"Drama",43216,"2019-11-27","Alma Har'el"
tt0103874,7,2020-08-18,"Dracula","Bram Stoker's Dracula",https://www.imdb.com/title/tt0103874,Movie,7.4,128,1992,"Fantasy, Romance, Horror",269961,"1992-11-13","Francis Ford Coppola"
tt0116669,5,2020-08-18,"Jack","Jack",https://www.imdb.com/title/tt0116669,Movie,5.8,113,1996,"Fantasy, Drama, Comedy",66331,"1996-08-09","Francis Ford Coppola"
tt0964185,6,2020-08-18,"Tetro","Tetro",https://www.imdb.com/title/tt0964185,Movie,6.8,127,2009,"Drama",14312,"2009-06-26","Francis Ford Coppola"
tt0099674,8,2020-08-18,"The Godfather Part III","The Godfather Part III",https://www.imdb.com/title/tt0099674,Movie,7.5,162,1990,"Crime, Drama",459059,"1990-12-25","Francis Ford Coppola"
tt6916362,7,2020-08-17,"Journal 64","Journal 64",https://www.imdb.com/title/tt6916362,Movie,7.4,119,2018,"Crime, Mystery, Thriller",22507,"2018-10-04","Christoffer Boe"
tt0155267,7,2020-08-15,"The Thomas Crown Affair","The Thomas Crown Affair",https://www.imdb.com/title/tt0155267,Movie,6.9,113,1999,"Crime, Romance, Thriller",110369,"1999-08-06","John McTiernan"
tt0048021,8,2020-08-15,"Rififi","Du rififi chez les hommes",https://www.imdb.com/title/tt0048021,Movie,8.1,118,1955,"Drama, Crime, Thriller",39605,"1956-06-05","Jules Dassin"
tt11963042,7,2020-08-15,"Trial by Media","Trial by Media",https://www.imdb.com/title/tt11963042,TV Series,7.1,60,2020,"Documentary, Crime",3822,"2020-05-11",
tt0120347,7,2020-08-13,"Tomorrow Never Dies","Tomorrow Never Dies",https://www.imdb.com/title/tt0120347,Movie,6.5,119,1997,"Thriller, Adventure, Action",217273,"1997-12-19","Roger Spottiswoode"
tt0064757,7,2020-08-13,"On Her Majesty's Secret Service","On Her Majesty's Secret Service",https://www.imdb.com/title/tt0064757,Movie,6.7,142,1969,"Thriller, Adventure, Action",109699,"1969-12-19","Peter R. Hunt"
tt2379713,6,2020-08-13,"Spectre","Spectre",https://www.imdb.com/title/tt2379713,Movie,6.8,148,2015,"Adventure, Thriller, Action",500223,"2015-11-06","Sam Mendes"
tt0097742,6,2020-08-12,"Licence to Kill","Licence to Kill",https://www.imdb.com/title/tt0097742,Movie,6.7,133,1989,"Thriller, Adventure, Action",121460,"1989-07-14","John Glen"
tt0093428,7,2020-08-11,"The Living Daylights","The Living Daylights",https://www.imdb.com/title/tt0093428,Movie,6.7,130,1987,"Thriller, Adventure, Action",115554,"1987-07-31","John Glen"
tt0119038,8,2020-08-11,"Le Dîner de Cons","Le dîner de cons",https://www.imdb.com/title/tt0119038,Movie,7.6,80,1998,"Comedy",46775,"1998-04-15","Francis Veber"
tt0090264,6,2020-08-10,"A View to a Kill","A View to a Kill",https://www.imdb.com/title/tt0090264,Movie,6.3,131,1985,"Adventure, Thriller, Action",113680,"1985-05-24","John Glen"
tt1334553,6,2020-08-08,"The Perfect Host","The Perfect Host",https://www.imdb.com/title/tt1334553,Movie,6.7,93,2010,"Comedy, Crime, Thriller",31027,"2011-05-07","Nicholas Tomnay"
tt0113189,7,2020-08-07,"GoldenEye","GoldenEye",https://www.imdb.com/title/tt0113189,Movie,7.2,130,1995,"Thriller, Adventure, Action",288182,"1995-11-17","Martin Campbell"
tt0086034,5,2020-08-06,"Octopussy","Octopussy",https://www.imdb.com/title/tt0086034,Movie,6.5,131,1983,"Adventure, Thriller, Action",120785,"1983-06-10","John Glen"
tt9053874,6,2020-08-06,"Black Mirror: Rachel, Jack and Ashley Too","Black Mirror: Rachel, Jack and Ashley Too",https://www.imdb.com/title/tt9053874,TV Episode,6.1,67,2019,"Drama, Thriller, Sci-Fi, Mystery, Crime",48235,"2019-06-05","Anne Sewitsky"
tt8758202,8,2020-08-06,"Black Mirror: Smithereens","Black Mirror: Smithereens",https://www.imdb.com/title/tt8758202,TV Episode,7.5,70,2019,"Drama, Thriller, Sci-Fi, Mystery, Crime",48091,"2019-06-05","James Hawes"
tt8503298,6,2020-08-06,"Black Mirror: Striking Vipers","Black Mirror: Striking Vipers",https://www.imdb.com/title/tt8503298,TV Episode,6.8,61,2019,"Drama, Thriller, Sci-Fi, Mystery, Crime",52786,"2019-06-05","Owen Harris"
tt1733785,9,2020-08-06,"The Bridge","Bron/Broen",https://www.imdb.com/title/tt1733785,TV Series,8.6,60,2011,"Crime, Thriller, Mystery",85192,"2011-09-21",
tt0082398,5,2020-08-05,"For Your Eyes Only","For Your Eyes Only",https://www.imdb.com/title/tt0082398,Movie,6.7,127,1981,"Adventure, Thriller, Action",117295,"1981-06-26","John Glen"
tt0830515,7,2020-08-05,"Quantum of Solace","Quantum of Solace",https://www.imdb.com/title/tt0830515,Movie,6.5,106,2008,"Action, Adventure, Thriller, Mystery",501595,"2008-11-14","Marc Forster"
tt0335266,9,2020-08-04,"Lost in Translation","Lost in Translation",https://www.imdb.com/title/tt0335266,Movie,7.7,102,2003,"Comedy, Drama",533489,"2003-10-03","Sofia Coppola"
tt0079574,6,2020-08-03,"Moonraker","Moonraker",https://www.imdb.com/title/tt0079574,Movie,6.3,126,1979,"Adventure, Thriller, Sci-Fi, Action",118513,"1979-06-29","Lewis Gilbert"
tt1183665,6,2020-08-02,"Cracks","Cracks",https://www.imdb.com/title/tt1183665,Movie,6.6,104,2009,"Drama, Thriller, Mystery",22272,"2011-03-18","Jordan Scott"
tt1439572,7,2020-08-02,"Perfect Sense","Perfect Sense",https://www.imdb.com/title/tt1439572,Movie,7.0,92,2011,"Drama, Romance, Sci-Fi",67560,"2011-10-07","David Mackenzie"
tt0180093,9,2020-08-01,"Requiem for a Dream","Requiem for a Dream",https://www.imdb.com/title/tt0180093,Movie,8.3,102,2000,"Drama",981697,"2000-12-15","Darren Aronofsky"
tt0076752,6,2020-07-31,"The Spy Who Loved Me","The Spy Who Loved Me",https://www.imdb.com/title/tt0076752,Movie,7.0,125,1977,"Adventure, Thriller, Action",126238,"1977-08-03","Lewis Gilbert"
tt0071807,6,2020-07-31,"The Man with the Golden Gun","The Man with the Golden Gun",https://www.imdb.com/title/tt0071807,Movie,6.7,125,1974,"Adventure, Thriller, Action",122775,"1974-12-20","Guy Hamilton"
tt0063522,8,2020-07-31,"Rosemary's Baby","Rosemary's Baby",https://www.imdb.com/title/tt0063522,Movie,8.0,137,1968,"Drama, Horror",260144,"1968-06-12","Roman Polanski"
tt7556122,6,2020-07-28,"The Old Guard","The Old Guard",https://www.imdb.com/title/tt7556122,Movie,6.7,125,2020,"Action, Thriller, Fantasy",212129,"2020-07-10","Gina Prince-Bythewood"
tt8613070,8,2020-07-27,"Portrait of a Lady on Fire","Portrait de la jeune fille en feu",https://www.imdb.com/title/tt8613070,Movie,8.0,122,2019,"Drama, Romance",129426,"2020-02-14","Céline Sciamma"
tt9777644,8,2020-07-26,"Da 5 Bloods","Da 5 Bloods",https://www.imdb.com/title/tt9777644,Movie,6.5,154,2020,"Drama, War, Adventure",57834,"2020-06-12","Spike Lee"
tt8367814,8,2020-07-25,"The Gentlemen","The Gentlemen",https://www.imdb.com/title/tt8367814,Movie,7.8,113,2019,"Action, Crime, Comedy",462908,"2020-01-24","Guy Ritchie"
tt0887883,6,2020-07-25,"Burn After Reading","Burn After Reading",https://www.imdb.com/title/tt0887883,Movie,7.0,96,2008,"Comedy, Drama, Crime, Thriller",379035,"2008-09-12","Ethan Coen,Joel Coen"
tt0339291,6,2020-07-25,"A Series of Unfortunate Events","A Series of Unfortunate Events",https://www.imdb.com/title/tt0339291,Movie,6.8,108,2004,"Fantasy, Family, Comedy, Adventure",232479,"2004-12-17","Brad Silberling"
tt0364961,7,2020-07-25,"The Assassination of Richard Nixon","The Assassination of Richard Nixon",https://www.imdb.com/title/tt0364961,Movie,6.9,95,2004,"Drama, Biography, Crime, History, Thriller",26591,"2004-10-22","Niels Mueller"
tt0245574,8,2020-07-25,"Y tu mamá también","Y tu mamá también",https://www.imdb.com/title/tt0245574,Movie,7.7,106,2001,"Drama",142727,"2001-06-08","Alfonso Cuarón"
tt1230414,6,2020-07-25,"It's Complicated","It's Complicated",https://www.imdb.com/title/tt1230414,Movie,6.6,120,2009,"Romance, Comedy, Drama",104028,"2009-12-25","Nancy Meyers"
tt0942385,7,2020-07-25,"Tropic Thunder","Tropic Thunder",https://www.imdb.com/title/tt0942385,Movie,7.1,107,2008,"Comedy, Action, War",495494,"2008-08-13","Ben Stiller"
tt0479537,6,2020-07-25,"Seraphim Falls","Seraphim Falls",https://www.imdb.com/title/tt0479537,Movie,6.6,115,2006,"Drama, War, Western, Thriller, Action",36905,"2007-04-13","David Von Ancken"
tt0325710,7,2020-07-25,"The Last Samurai","The Last Samurai",https://www.imdb.com/title/tt0325710,Movie,7.8,154,2003,"Drama, Action",508004,"2003-12-05","Edward Zwick"
tt0259711,7,2020-07-25,"Vanilla Sky","Vanilla Sky",https://www.imdb.com/title/tt0259711,Movie,6.9,136,2001,"Mystery, Fantasy, Sci-Fi, Romance, Thriller",311116,"2001-12-14","Cameron Crowe"
tt0181875,8,2020-07-25,"Almost Famous","Almost Famous",https://www.imdb.com/title/tt0181875,Movie,7.9,122,2000,"Music, Comedy, Adventure, Drama",316740,"2000-09-22","Cameron Crowe"
tt5827916,7,2020-07-25,"A Hidden Life","A Hidden Life",https://www.imdb.com/title/tt5827916,Movie,7.4,174,2019,"Biography, Drama, War, Romance",32586,"2019-12-11","Terrence Malick"
tt0087544,7,2020-07-24,"Nausicaä of the Valley of the Wind","Kaze no tani no Naushika",https://www.imdb.com/title/tt0087544,Movie,8.0,117,1984,"Animation, Adventure, Sci-Fi",198756,"1987-11-25","Hayao Miyazaki"
tt0110008,7,2020-07-23,"Pom Poko","Heisei tanuki gassen ponpoko",https://www.imdb.com/title/tt0110008,Movie,7.2,119,1994,"Animation, Drama, Family, Comedy, Fantasy",39332,"1995-12-25","Isao Takahata"
tt0421054,6,2020-07-23,"Domino","Domino",https://www.imdb.com/title/tt0421054,Movie,5.9,127,2005,"Thriller, Drama, Crime, Action, Biography",71700,"2005-10-14","Tony Scott"
tt0362478,6,2020-07-23,"The Box","The Box",https://www.imdb.com/title/tt0362478,Movie,5.6,115,2009,"Thriller, Drama, Mystery",98159,"2009-11-06","Richard Kelly"
tt0118771,7,2020-07-23,"Breakdown","Breakdown",https://www.imdb.com/title/tt0118771,Movie,7.0,93,1997,"Mystery, Crime, Drama, Action, Thriller",71414,"1997-05-02","Jonathan Mostow"
tt1820488,7,2020-07-22,"War Witch","Rebelle",https://www.imdb.com/title/tt1820488,Movie,7.0,90,2012,"Drama, War",7762,"2012-08-23","Kim Nguyen"
tt0206013,7,2020-07-21,"My Neighbors the Yamadas","Hôhokekyo tonari no Yamada-kun",https://www.imdb.com/title/tt0206013,Movie,7.1,104,1999,"Animation, Family, Comedy",17908,"2000-12-22","Isao Takahata"
tt4916630,8,2020-07-21,"Just Mercy","Just Mercy",https://www.imdb.com/title/tt4916630,Movie,7.6,137,2019,"Drama, Biography, Crime",85560,"2020-01-10","Destin Daniel Cretton"
tt0113824,8,2020-07-20,"Whisper of the Heart","Mimi o sumaseba",https://www.imdb.com/title/tt0113824,Movie,7.8,111,1995,"Animation, Family, Romance, Drama",84386,"1996-12-13","Yoshifumi Kondō"
tt0113277,9,2020-07-20,"Heat","Heat",https://www.imdb.com/title/tt0113277,Movie,8.3,170,1995,"Drama, Action, Crime",814556,"1995-12-15","Michael Mann"
tt0120657,6,2020-07-20,"The 13th Warrior","The 13th Warrior",https://www.imdb.com/title/tt0120657,Movie,6.6,102,1999,"History, Adventure, Action",140148,"1999-08-27","John McTiernan"
tt0119395,6,2020-07-20,"The Jackal","The Jackal",https://www.imdb.com/title/tt0119395,Movie,6.4,124,1997,"Drama, Action, Crime, Thriller",131805,"1997-11-14","Michael Caton-Jones"
tt0117509,6,2020-07-20,"Romeo + Juliet","Romeo + Juliet",https://www.imdb.com/title/tt0117509,Movie,6.7,120,1996,"Romance, Drama",262719,"1996-11-01","Baz Luhrmann"
tt0495596,6,2020-07-19,"Tales from Earthsea","Gedo senki",https://www.imdb.com/title/tt0495596,Movie,6.3,115,2006,"Animation, Adventure, Fantasy",49027,"2006-07-29","Gorō Miyazaki"
tt11905462,7,2020-07-19,"Athlete A","Athlete A",https://www.imdb.com/title/tt11905462,Movie,7.6,103,2020,"Documentary, Crime, Sport",13560,"2020-06-24","Bonni Cohen,Jon Shenk"
tt0454065,7,2020-07-18,"The Aerial","La antena",https://www.imdb.com/title/tt0454065,Movie,7.3,99,2007,"Drama, Sci-Fi, Fantasy",4966,"2007-04-19","Esteban Sapir"
tt0369702,8,2020-07-18,"The Sea Inside","Mar adentro",https://www.imdb.com/title/tt0369702,Movie,7.9,126,2004,"Drama, Biography",89284,"2005-03-04","Alejandro Amenábar"
tt1512685,7,2020-07-18,"Julia's Eyes","Los ojos de Julia",https://www.imdb.com/title/tt1512685,Movie,6.7,118,2010,"Horror, Thriller, Mystery",39395,"2010-10-29","Guillem Morales"
tt1306980,8,2020-07-18,"50/50","50/50",https://www.imdb.com/title/tt1306980,Movie,7.6,100,2011,"Comedy, Drama, Romance",355770,"2011-09-30","Jonathan Levine"
tt5797184,7,2020-07-17,"Escape from Pretoria","Escape from Pretoria",https://www.imdb.com/title/tt5797184,Movie,6.8,106,2020,"Thriller, Crime, Mystery, Biography, Action",50616,"2020-03-06","Francis Annan"
tt10376068,7,2020-07-17,"The Unauthorized Bash Brothers Experience","The Unauthorized Bash Brothers Experience",https://www.imdb.com/title/tt10376068,Short,6.9,30,2019,"Short, Comedy, Music, Sport",6101,"2019-05-23","Mike Diva,Akiva Schaffer"
tt0409799,8,2020-07-17,"Cashback","Cashback",https://www.imdb.com/title/tt0409799,Short,7.5,18,2004,"Short, Comedy, Drama",11601,"2004-10-10","Sean Ellis"
tt1590089,8,2020-07-17,"Confessions","Kokuhaku",https://www.imdb.com/title/tt1590089,Movie,7.6,106,2010,"Drama, Thriller",45551,"2010-06-05","Tetsuya Nakashima"
tt8923484,8,2020-07-16,"Crip Camp","Crip Camp",https://www.imdb.com/title/tt8923484,Movie,7.7,106,2020,"Documentary, History",8803,"2020-03-25","James Lebrecht,Nicole Newnham"
tt0347618,6,2020-07-16,"The Cat Returns","Neko no ongaeshi",https://www.imdb.com/title/tt0347618,Movie,7.1,75,2002,"Animation, Comedy, Romance, Family, Adventure, Fantasy",73297,"2005-07-13","Hiroyuki Morita"
tt4088268,7,2020-07-16,"Department Q: A Conspiracy of Faith","Flaskepost fra P",https://www.imdb.com/title/tt4088268,Movie,7.0,112,2016,"Drama, Thriller, Crime, Mystery",24980,"2016-06-17","Hans Petter Moland"
tt0165078,7,2020-07-15,"After Life","Wandafuru raifu",https://www.imdb.com/title/tt0165078,Movie,7.6,119,1998,"Fantasy, Drama",15880,"1999-04-17","Hirokazu Koreeda"
tt0114558,7,2020-07-15,"Strange Days","Strange Days",https://www.imdb.com/title/tt0114558,Movie,7.2,145,1995,"Crime, Thriller, Drama, Sci-Fi",86274,"1995-10-13","Kathryn Bigelow"
tt0102685,8,2020-07-15,"Point Break","Point Break",https://www.imdb.com/title/tt0102685,Movie,7.3,122,1991,"Thriller, Crime, Action",228255,"1991-07-12","Kathryn Bigelow"
tt8771910,7,2020-07-14,"Self Made: Inspired by the Life of Madam C.J. Walker","Self Made: Inspired by the Life of Madam C.J. Walker",https://www.imdb.com/title/tt8771910,TV Mini Series,7.3,48,2020,"Drama, Biography, History",15353,"2020-03-20",
tt0069400,7,2020-07-14,"Trafic","Trafic",https://www.imdb.com/title/tt0069400,Movie,7.0,96,1971,"Comedy",8440,"1972-12-11","Jacques Tati"
tt7131622,8,2020-07-14,"Once Upon a Time in... Hollywood","Once Upon a Time in... Hollywood",https://www.imdb.com/title/tt7131622,Movie,7.6,161,2019,"Drama, Comedy",973495,"2019-07-26","Quentin Tarantino"
tt0875113,7,2020-07-13,"99 Francs","99 francs",https://www.imdb.com/title/tt0875113,Movie,7.1,100,2007,"Comedy, Drama",21838,"2007-09-26","Jan Kounen,Laurent Lafran,Bruno Vatin"
tt0443274,5,2020-07-13,"Vantage Point","Vantage Point",https://www.imdb.com/title/tt0443274,Movie,6.6,90,2008,"Drama, Thriller, Action",158381,"2008-02-22","Pete Travis"
tt0397535,7,2020-07-13,"Memoirs of a Geisha","Memoirs of a Geisha",https://www.imdb.com/title/tt0397535,Movie,7.3,145,2005,"Drama, Romance",173824,"2005-12-23","Rob Marshall"
tt0369339,8,2020-07-13,"Collateral","Collateral",https://www.imdb.com/title/tt0369339,Movie,7.5,120,2004,"Crime, Thriller, Action, Drama",472145,"2004-08-06","Michael Mann"
tt1190539,7,2020-07-13,"The Chaser","Chugyeokja",https://www.imdb.com/title/tt1190539,Movie,7.8,125,2008,"Thriller, Crime, Drama, Action",81966,"2008-02-14","Na Hong-jin"
tt3140100,6,2020-07-13,"Department Q: The Absent One","Fasandræberne",https://www.imdb.com/title/tt3140100,Movie,7.1,119,2014,"Thriller, Crime, Mystery, Drama",29097,"2016-06-17","Mikkel Nørgaard"
tt0102587,7,2020-07-12,"Only Yesterday","Omohide poro poro",https://www.imdb.com/title/tt0102587,Movie,7.6,119,1991,"Animation, Romance, Drama",42957,"2016-02-26","Isao Takahata"
tt3748172,7,2020-07-12,"Gerald's Game","Gerald's Game",https://www.imdb.com/title/tt3748172,Movie,6.5,103,2017,"Thriller, Horror, Drama",143418,"2017-09-29","Mike Flanagan"
tt0427969,7,2020-07-12,"Hollywoodland","Hollywoodland",https://www.imdb.com/title/tt0427969,Movie,6.5,126,2006,"Drama, Mystery, Thriller, History, Crime, Biography, Romance",37206,"2006-09-08","Allen Coulter"
tt0318974,6,2020-07-12,"The Alamo","The Alamo",https://www.imdb.com/title/tt0318974,Movie,6.1,137,2004,"War, Western, History, Drama",23794,"2004-04-09","John Lee Hancock"
tt1502397,6,2020-07-12,"Bad Boys for Life","Bad Boys for Life",https://www.imdb.com/title/tt1502397,Movie,6.5,124,2020,"Action, Comedy, Thriller, Crime",198838,"2020-01-17","Adil El Arbi,Bilall Fallah"
tt7713068,6,2020-07-12,"Birds of Prey and the Fantabulous Emancipation of One Harley Quinn","Birds of Prey (and the Fantabulous Emancipation of One Harley Quinn)",https://www.imdb.com/title/tt7713068,Movie,6.1,109,2020,"Action, Crime, Comedy",284601,"2020-02-07","Cathy Yan"
tt3398268,7,2020-07-11,"When Marnie Was There","Omoide no Mânî",https://www.imdb.com/title/tt3398268,Movie,7.6,103,2014,"Animation, Drama, Family, Mystery",56027,"2015-08-07","Hiromasa Yonebayashi"
tt0109445,7,2020-07-11,"Clerks","Clerks",https://www.imdb.com/title/tt0109445,Movie,7.7,92,1994,"Comedy",241418,"1994-11-09","Kevin Smith"
tt0462519,6,2020-07-11,"School for Scoundrels","School for Scoundrels",https://www.imdb.com/title/tt0462519,Movie,5.9,100,2006,"Comedy",31942,"2006-09-29","Todd Phillips"
tt2438644,7,2020-07-11,"Department Q: The Keeper of Lost Causes","Kvinden i buret",https://www.imdb.com/title/tt2438644,Movie,7.2,96,2013,"Thriller, Crime, Mystery, Drama",36529,"2016-06-17","Mikkel Nørgaard"
tt5431890,7,2020-07-11,"Official Secrets","Official Secrets",https://www.imdb.com/title/tt5431890,Movie,7.3,112,2019,"Drama, Thriller, Biography, War, Crime, History",61267,"2019-08-30","Gavin Hood"
tt1216492,5,2020-07-11,"Leap Year","Leap Year",https://www.imdb.com/title/tt1216492,Movie,6.5,100,2010,"Comedy, Romance",117240,"2010-01-08","Anand Tucker"
tt0468565,7,2020-07-11,"Tsotsi","Tsotsi",https://www.imdb.com/title/tt0468565,Movie,7.2,94,2005,"Crime, Drama",32437,"2006-03-31","Gavin Hood"
tt3260524,7,2020-07-09,"A Secret Love","A Secret Love",https://www.imdb.com/title/tt3260524,Movie,7.8,81,2020,"Documentary, Drama, Biography, Romance",5324,"2020-04-29","Chris Bolan"
tt0113247,8,2020-07-09,"La haine","La haine",https://www.imdb.com/title/tt0113247,Movie,8.1,98,1995,"Crime, Drama",230213,"1996-02-23","Mathieu Kassovitz"
tt0324133,7,2020-07-09,"Swimming Pool","Swimming Pool",https://www.imdb.com/title/tt0324133,Movie,6.7,102,2003,"Thriller, Drama, Crime, Mystery",51745,"2003-08-01","François Ozon"
tt8544498,7,2020-07-09,"The Way Back","The Way Back",https://www.imdb.com/title/tt8544498,Movie,6.7,108,2020,"Drama, Sport",57208,"2020-03-06","Gavin O'Connor"
tt3794354,6,2020-07-08,"Sonic the Hedgehog","Sonic the Hedgehog",https://www.imdb.com/title/tt3794354,Movie,6.5,99,2020,"Action, Adventure, Sci-Fi, Comedy, Family, Fantasy",195561,"2020-02-14","Jeff Fowler"
tt0361127,7,2020-07-08,"The Woodsman","The Woodsman",https://www.imdb.com/title/tt0361127,Movie,7.1,87,2004,"Drama",37024,"2005-01-28","Nicole Kassell"
tt6675244,6,2020-07-08,"Transit","Transit",https://www.imdb.com/title/tt6675244,Movie,6.9,101,2018,"Drama, Sci-Fi",12962,"2019-03-01","Christian Petzold"
tt0115988,6,2020-07-08,"The Crucible","The Crucible",https://www.imdb.com/title/tt0115988,Movie,6.8,124,1996,"History, Drama",42988,"1996-11-27","Nicholas Hytner"
tt0090863,7,2020-07-08,"The Color of Money","The Color of Money",https://www.imdb.com/title/tt0090863,Movie,7.0,119,1986,"Sport, Drama",102270,"1986-10-17","Martin Scorsese"
tt0108399,7,2020-07-07,"True Romance","True Romance",https://www.imdb.com/title/tt0108399,Movie,7.9,119,1993,"Thriller, Drama, Crime, Romance",262698,"1993-09-10","Tony Scott"
tt1922777,6,2020-07-07,"Sinister","Sinister",https://www.imdb.com/title/tt1922777,Movie,6.8,110,2012,"Horror, Mystery, Thriller",320816,"2012-10-12","Scott Derrickson"
tt1596365,6,2020-07-07,"The Woman in Black","The Woman in Black",https://www.imdb.com/title/tt1596365,Movie,6.4,95,2012,"Horror, Drama, Thriller, Fantasy",200232,"2012-02-03","James Watkins"
tt6902676,5,2020-07-07,"Guns Akimbo","Guns Akimbo",https://www.imdb.com/title/tt6902676,Movie,6.3,98,2019,"Action, Comedy, Thriller, Crime",78697,"2020-02-28","Jason Lei Howden"
tt0332047,6,2020-07-07,"Fever Pitch","Fever Pitch",https://www.imdb.com/title/tt0332047,Movie,6.3,104,2005,"Romance, Sport, Drama, Comedy",50235,"2005-04-08","Bobby Farrelly,Peter Farrelly"
tt4068576,7,2020-07-06,"The Nightingale","The Nightingale",https://www.imdb.com/title/tt4068576,Movie,7.3,136,2018,"Drama, Adventure, Thriller, Western",41326,"2019-08-29","Jennifer Kent"
tt1798188,7,2020-07-06,"From Up on Poppy Hill","Kokuriko-zaka kara",https://www.imdb.com/title/tt1798188,Movie,7.4,90,2011,"Animation, Drama, Family, Romance, Comedy, History",60165,"2011-07-16","Gorō Miyazaki"
tt1568921,6,2020-07-06,"The Secret World of Arrietty","Karigurashi no Arietti",https://www.imdb.com/title/tt1568921,Movie,7.6,94,2010,"Animation, Fantasy, Family, Adventure, Drama",118593,"2012-02-17","Hiromasa Yonebayashi"
tt0099348,8,2020-07-05,"Dances with Wolves","Dances with Wolves",https://www.imdb.com/title/tt0099348,Movie,8.0,181,1990,"Drama, Adventure, Western",312292,"1990-11-21","Kevin Costner"
tt0082971,10,2020-07-05,"Raiders of the Lost Ark","Raiders of the Lost Ark",https://www.imdb.com/title/tt0082971,Movie,8.4,115,1981,"Adventure",1117722,"1981-06-12","Steven Spielberg"
tt9071322,7,2020-07-05,"Dark Waters","Dark Waters",https://www.imdb.com/title/tt9071322,Movie,7.6,126,2019,"Drama, Biography, History, Thriller",122893,"2019-12-06","Todd Haynes"
tt1832382,9,2020-07-05,"A Separation","Jodaeiye Nader az Simin",https://www.imdb.com/title/tt1832382,Movie,8.3,123,2011,"Drama",279641,"2011-03-16","Asghar Farhadi"
tt0456470,7,2020-07-04,"The Bow","Hwal",https://www.imdb.com/title/tt0456470,Movie,7.1,90,2005,"Drama, Romance",12248,"2005-05-12","Kim Ki-duk"
tt0490215,7,2020-07-04,"Silence","Silence",https://www.imdb.com/title/tt0490215,Movie,7.2,161,2016,"Drama, History",135528,"2017-01-13","Martin Scorsese"
tt0017136,8,2020-07-03,"Metropolis","Metropolis",https://www.imdb.com/title/tt0017136,Movie,8.2,150,1927,"Drama, Sci-Fi",202532,"1927-03-13","Fritz Lang"
tt1127877,6,2020-07-02,"Cold Souls","Cold Souls",https://www.imdb.com/title/tt1127877,Movie,6.4,101,2009,"Drama, Comedy, Fantasy, Sci-Fi",10655,"2010-05-05","Sophie Barthes"
tt2101383,5,2020-07-01,"Knight of Cups","Knight of Cups",https://www.imdb.com/title/tt2101383,Movie,5.6,118,2015,"Drama, Romance, Fantasy",32058,"2016-03-04","Terrence Malick"
tt0113497,8,2020-07-01,"Jumanji","Jumanji",https://www.imdb.com/title/tt0113497,Movie,7.1,104,1995,"Comedy, Adventure, Family, Fantasy",417800,"1995-12-15","Joe Johnston"
tt0122718,7,2020-07-01,"Small Soldiers","Small Soldiers",https://www.imdb.com/title/tt0122718,Movie,6.3,110,1998,"Family, Sci-Fi, Comedy, Adventure, Action",111067,"1998-07-10","Joe Dante"
tt0204946,6,2020-07-01,"Bring It On","Bring It On",https://www.imdb.com/title/tt0204946,Movie,6.2,98,2000,"Sport, Romance, Comedy",115378,"2000-08-25","Peyton Reed"
tt0360201,6,2020-07-01,"Wimbledon","Wimbledon",https://www.imdb.com/title/tt0360201,Movie,6.4,98,2004,"Comedy, Romance, Sport",68373,"2004-09-17","Richard Loncraine"
tt0368709,6,2020-07-01,"Elizabethtown","Elizabethtown",https://www.imdb.com/title/tt0368709,Movie,6.3,123,2005,"Drama, Comedy, Romance",75549,"2005-10-14","Cameron Crowe"
tt0422720,6,2020-07-01,"Marie Antoinette","Marie Antoinette",https://www.imdb.com/title/tt0422720,Movie,6.5,123,2006,"Drama, Biography, History, Romance",133204,"2006-10-20","Sofia Coppola"
tt1920849,5,2020-07-01,"Bachelorette","Bachelorette",https://www.imdb.com/title/tt1920849,Movie,5.3,87,2012,"Comedy, Romance",50479,"2012-10-04","Leslye Headland"
tt0099871,8,2020-07-01,"Jacob's Ladder","Jacob's Ladder",https://www.imdb.com/title/tt0099871,Movie,7.4,113,1990,"Drama, Mystery, Horror",130430,"1990-11-02","Adrian Lyne"
tt1827487,8,2020-06-30,"Once Upon a Time in Anatolia","Bir Zamanlar Anadolu'da",https://www.imdb.com/title/tt1827487,Movie,7.8,157,2011,"Drama, Crime, Thriller",54395,"2011-09-23","Nuri Bilge Ceylan"
tt2758880,7,2020-06-30,"Winter Sleep","Kis Uykusu",https://www.imdb.com/title/tt2758880,Movie,8.0,196,2014,"Drama",59336,"2014-06-13","Nuri Bilge Ceylan"
tt8652728,7,2020-06-30,"Waves","Waves",https://www.imdb.com/title/tt8652728,Movie,7.5,135,2019,"Drama, Romance, Sport",38989,"2019-12-06","Trey Edward Shults"
tt0038650,9,2020-06-29,"It's a Wonderful Life","It's a Wonderful Life",https://www.imdb.com/title/tt0038650,Movie,8.6,130,1946,"Family, Fantasy, Romance, Drama",557624,"1947-01-07","Frank Capra"
tt0116410,7,2020-06-29,"Ghosts of Mississippi","Ghosts of Mississippi",https://www.imdb.com/title/tt0116410,Movie,6.7,130,1996,"History, Drama",13742,"1997-01-03","Rob Reiner"
tt1527186,7,2020-06-26,"Melancholia","Melancholia",https://www.imdb.com/title/tt1527186,Movie,7.1,135,2011,"Drama, Sci-Fi",209522,"2011-05-26","Lars von Trier"
tt0091790,7,2020-06-26,"Pretty in Pink","Pretty in Pink",https://www.imdb.com/title/tt0091790,Movie,6.7,97,1986,"Romance, Drama, Comedy",96194,"1986-02-28","Howard Deutch"
tt0390808,7,2020-06-26,"36th Precinct","36 quai des orfèvres",https://www.imdb.com/title/tt0390808,Movie,7.1,111,2004,"Drama, Crime, Thriller, Action",19561,"2004-11-24","Olivier Marchal"
tt0269347,6,2020-06-26,"The Hunted","The Hunted",https://www.imdb.com/title/tt0269347,Movie,6.1,94,2003,"Crime, Drama, Thriller, Action",55379,"2003-03-14","William Friedkin"
tt0046268,8,2020-06-26,"The Wages of Fear","Le salaire de la peur",https://www.imdb.com/title/tt0046268,Movie,8.1,156,1953,"Drama, Adventure, Thriller",74145,"1955-02-16","Henri-Georges Clouzot"
tt0108432,6,2020-06-24,"Ocean Waves","Umi ga kikoeru",https://www.imdb.com/title/tt0108432,TV Movie,6.6,76,1993,"Animation, Drama, Romance",23819,"1994-07-13","Tomomi Mochizuki"
tt0102059,7,2020-06-22,"Hot Shots!","Hot Shots!",https://www.imdb.com/title/tt0102059,Movie,6.7,85,1991,"Action, Comedy",125844,"1991-07-31","Jim Abrahams"
tt0338348,6,2020-06-22,"The Polar Express","The Polar Express",https://www.imdb.com/title/tt0338348,Movie,6.6,100,2004,"Animation, Musical, Adventure, Family, Fantasy",273188,"2004-11-10","Robert Zemeckis"
tt3281548,8,2020-06-20,"Little Women","Little Women",https://www.imdb.com/title/tt3281548,Movie,7.7,135,2019,"Drama, Romance",287334,"2019-12-25","Greta Gerwig"
tt0057012,8,2020-06-19,"Dr. Strangelove or: How I Learned to Stop Worrying and Love the Bomb","Dr. Strangelove or: How I Learned to Stop Worrying and Love the Bomb",https://www.imdb.com/title/tt0057012,Movie,8.3,95,1964,"War, Comedy",553252,"1964-01-29","Stanley Kubrick"
tt0111143,6,2020-06-19,"The Shadow","The Shadow",https://www.imdb.com/title/tt0111143,Movie,6.1,108,1994,"Fantasy, Thriller, Crime, Mystery, Adventure, Action",29317,"1994-07-01","Russell Mulcahy"
tt0119567,7,2020-06-19,"The Lost World: Jurassic Park","The Lost World: Jurassic Park",https://www.imdb.com/title/tt0119567,Movie,6.6,129,1997,"Action, Sci-Fi, Adventure",481502,"1997-05-22","Steven Spielberg"
tt0120832,6,2020-06-19,"Snake Eyes","Snake Eyes",https://www.imdb.com/title/tt0120832,Movie,6.2,98,1998,"Crime, Thriller, Mystery",93961,"1998-08-07","Brian De Palma"
tt0258000,7,2020-06-19,"Panic Room","Panic Room",https://www.imdb.com/title/tt0258000,Movie,6.8,112,2002,"Crime, Drama, Thriller",316277,"2002-03-29","David Fincher"
tt0145487,7,2020-06-19,"Spider-Man","Spider-Man",https://www.imdb.com/title/tt0145487,Movie,7.4,121,2002,"Adventure, Sci-Fi, Action",988021,"2002-05-03","Sam Raimi"
tt0407304,7,2020-06-19,"War of the Worlds","War of the Worlds",https://www.imdb.com/title/tt0407304,Movie,6.6,117,2005,"Sci-Fi, Adventure, Action",511675,"2005-06-29","Steven Spielberg"
tt1205537,6,2020-06-19,"Jack Ryan: Shadow Recruit","Jack Ryan: Shadow Recruit",https://www.imdb.com/title/tt1205537,Movie,6.2,105,2014,"Action, Thriller, Drama",144064,"2014-01-17","Kenneth Branagh"
tt0995039,6,2020-06-19,"Ghost Town","Ghost Town",https://www.imdb.com/title/tt0995039,Movie,6.7,102,2008,"Comedy, Romance, Fantasy, Drama",82795,"2008-09-19","David Koepp"
tt1149362,7,2020-06-18,"The White Ribbon","Das weiße Band - Eine deutsche Kindergeschichte",https://www.imdb.com/title/tt1149362,Movie,7.8,144,2009,"Drama, Mystery, Thriller",81978,"2010-03-05","Michael Haneke"
tt0044837,8,2020-06-18,"Limelight","Limelight",https://www.imdb.com/title/tt0044837,Movie,8.0,137,1952,"Music, Romance, Comedy, Drama",24165,"1952-10-31","Charles Chaplin"
tt0243155,7,2020-06-17,"Bridget Jones's Diary","Bridget Jones's Diary",https://www.imdb.com/title/tt0243155,Movie,6.8,97,2001,"Drama, Romance, Comedy",288512,"2001-04-13","Sharon Maguire"
tt0116695,8,2020-06-17,"Jerry Maguire","Jerry Maguire",https://www.imdb.com/title/tt0116695,Movie,7.3,139,1996,"Sport, Romance, Drama, Comedy",314763,"1996-12-13","Cameron Crowe"
tt7549996,7,2020-06-17,"Judy","Judy",https://www.imdb.com/title/tt7549996,Movie,6.8,118,2019,"Biography, Drama, Romance, Music",58815,"2019-10-04","Rupert Goold"
tt8163822,7,2020-06-16,"The Neighbors' Window","The Neighbors' Window",https://www.imdb.com/title/tt8163822,Short,7.3,21,2019,"Short, Drama",6934,"2019-04-26","Marshall Curry"
tt0056111,7,2020-06-16,"Ivan's Childhood","Ivanovo detstvo",https://www.imdb.com/title/tt0056111,Movie,8.0,95,1962,"Drama, War",43858,"1963-06-27","Andrei Tarkovsky,Eduard Abalov"
tt4285496,7,2020-06-16,"Embrace of the Serpent","El abrazo de la serpiente",https://www.imdb.com/title/tt4285496,Movie,7.8,125,2015,"Adventure, Drama, Biography",26034,"2015-05-25","Ciro Guerra"
tt0355295,6,2020-06-16,"The Brothers Grimm","The Brothers Grimm",https://www.imdb.com/title/tt0355295,Movie,5.9,118,2005,"Comedy, Action, Horror, Mystery, Thriller, Adventure, Fantasy",132699,"2005-08-26","Terry Gilliam"
tt0095016,9,2020-06-16,"Die Hard","Die Hard",https://www.imdb.com/title/tt0095016,Movie,8.2,132,1988,"Thriller, Action",1036762,"1988-07-20","John McTiernan"
tt0111503,8,2020-06-16,"True Lies","True Lies",https://www.imdb.com/title/tt0111503,Movie,7.3,141,1994,"Thriller, Comedy, Action",302601,"1994-07-15","James Cameron"
tt1675192,8,2020-06-16,"Take Shelter","Take Shelter",https://www.imdb.com/title/tt1675192,Movie,7.3,120,2011,"Drama, Thriller",116898,"2011-11-10","Jeff Nichols"
tt6864046,8,2020-06-15,"Shadow","Ying",https://www.imdb.com/title/tt6864046,Movie,7.0,116,2018,"Action, War, Adventure, Fantasy, History",20042,"2018-09-30","Yimou Zhang"
tt0058461,9,2020-06-14,"A Fistful of Dollars","Per un pugno di dollari",https://www.imdb.com/title/tt0058461,Movie,7.9,99,1964,"Drama, Western",255791,"1967-01-18","Sergio Leone"
tt0298845,7,2020-06-13,"In America","In America",https://www.imdb.com/title/tt0298845,Movie,7.6,105,2002,"Drama",44466,"2004-02-06","Jim Sheridan"
tt0278731,7,2020-06-13,"Spider","Spider",https://www.imdb.com/title/tt0278731,Movie,6.7,98,2002,"Mystery, Thriller, Drama",42188,"2002-12-13","David Cronenberg"
tt0337876,6,2020-06-13,"Birth","Birth",https://www.imdb.com/title/tt0337876,Movie,6.3,100,2004,"Thriller, Mystery, Drama, Fantasy",45183,"2004-10-29","Jonathan Glazer"
tt0119951,6,2020-06-12,"Private Parts","Private Parts",https://www.imdb.com/title/tt0119951,Movie,6.9,109,1997,"Biography, Drama, Comedy",40652,"1997-03-07","Betty Thomas"
tt6728096,6,2020-06-12,"The Breaker Upperers","The Breaker Upperers",https://www.imdb.com/title/tt6728096,Movie,5.9,90,2018,"Comedy",7321,"2019-02-15","Madeleine Sami,Jackie van Beek"
tt5338774,6,2020-06-12,"Power of Grayskull: The Definitive History of He-Man and the Masters of the Universe","Power of Grayskull: The Definitive History of He-Man and the Masters of the Universe",https://www.imdb.com/title/tt5338774,Movie,6.8,95,2017,"Documentary, History",1956,"2018-08-24","Randall Lobb,Robert McCallum"
tt11644096,5,2020-06-12,"What Did Jack Do?","What Did Jack Do?",https://www.imdb.com/title/tt11644096,Short,6.4,17,2017,"Short, Comedy, Mystery, Crime, Drama, Thriller",17107,"2020-01-20","David Lynch"
tt3242934,7,2020-06-12,"SlingShot","SlingShot",https://www.imdb.com/title/tt3242934,Movie,7.6,88,2014,"Documentary, News, Biography",957,"2015-07-10","Paul Lazarus"
tt3557464,6,2020-06-12,"Print the Legend","Print the Legend",https://www.imdb.com/title/tt3557464,Movie,7.0,100,2014,"Documentary, Biography, Drama, History",2107,"2014-09-26","Luis Lopez,Clay Tweel"
tt1862079,7,2020-06-12,"Safety Not Guaranteed","Safety Not Guaranteed",https://www.imdb.com/title/tt1862079,Movie,6.9,86,2012,"Comedy, Romance, Drama, Fantasy, Adventure",135630,"2012-06-15","Colin Trevorrow"
tt0276919,7,2020-06-12,"Dogville","Dogville",https://www.imdb.com/title/tt0276919,Movie,8.0,171,2003,"Drama, Crime",168504,"2004-04-23","Lars von Trier"
tt0117589,8,2020-06-11,"Secrets & Lies","Secrets & Lies",https://www.imdb.com/title/tt0117589,Movie,8.0,136,1996,"Comedy, Drama",50682,"1997-02-28","Mike Leigh"
tt0268397,6,2020-06-11,"Jimmy Neutron: Boy Genius","Jimmy Neutron: Boy Genius",https://www.imdb.com/title/tt0268397,Movie,6.1,82,2001,"Animation, Adventure, Action, Sci-Fi, Family, Comedy",40876,"2001-12-21","John A. Davis"
tt9358052,7,2020-06-11,"Knock Down the House","Knock Down the House",https://www.imdb.com/title/tt9358052,Movie,7.4,87,2019,"Documentary",10562,"2019-05-01","Rachel Lears"
tt5311542,8,2020-06-10,"Never Look Away","Werk ohne Autor",https://www.imdb.com/title/tt5311542,Movie,7.7,189,2018,"Drama, Thriller, Romance, Biography, War",28429,"2018-10-03","Florian Henckel von Donnersmarck"
tt5323662,7,2020-06-10,"A Silent Voice: The Movie","Koe no katachi",https://www.imdb.com/title/tt5323662,Movie,8.2,130,2016,"Animation, Drama",147878,"2016-09-17","Naoko Yamada"
tt4431208,7,2020-06-10,"Ice Guardians","Ice Guardians",https://www.imdb.com/title/tt4431208,Movie,7.4,108,2016,"Documentary, Sport",1957,"2016-10-28","Brett Harvey"
tt0086022,6,2020-06-09,"Nostalgia","Nostalghia",https://www.imdb.com/title/tt0086022,Movie,7.9,125,1983,"Drama",33500,"1992-03","Andrei Tarkovsky"
tt0385887,7,2020-06-09,"Motherless Brooklyn","Motherless Brooklyn",https://www.imdb.com/title/tt0385887,Movie,6.8,144,2019,"Crime, Drama, Mystery",66507,"2019-11-01","Edward Norton"
tt0103767,9,2020-06-08,"Baraka","Baraka",https://www.imdb.com/title/tt0103767,Movie,8.5,96,1992,"Documentary",43394,"1993-11-19","Ron Fricke"
tt0770802,7,2020-06-08,"Samsara","Samsara",https://www.imdb.com/title/tt0770802,Movie,8.4,102,2011,"Documentary, Music",40156,"2012-08-23","Ron Fricke"
tt0441881,7,2020-06-08,"Danger Close","Danger Close: The Battle of Long Tan",https://www.imdb.com/title/tt0441881,Movie,6.8,118,2019,"War, Action, Drama",16814,"2019-11-08","Kriv Stenders"
tt0091670,5,2020-06-08,"The Sacrifice","Offret",https://www.imdb.com/title/tt0091670,Movie,7.8,149,1986,"Drama",35422,"1986-05-09","Andrei Tarkovsky"
tt0120863,8,2020-06-07,"The Thin Red Line","The Thin Red Line",https://www.imdb.com/title/tt0120863,Movie,7.6,170,1998,"History, Drama, War",213323,"1999-01-15","Terrence Malick"
tt4830786,7,2020-06-07,"The Cakemaker","The Cakemaker",https://www.imdb.com/title/tt4830786,Movie,7.3,113,2017,"Drama, Romance",5549,"2017-12-28","Ofir Raul Graizer"
tt6714534,7,2020-06-07,"Get Me Roger Stone","Get Me Roger Stone",https://www.imdb.com/title/tt6714534,Movie,7.3,92,2017,"Documentary, Biography",7995,"2017-05-12","Dylan Bank,Daniel DiMauro,Morgan Pehme"
tt0118583,6,2020-06-07,"Alien: Resurrection","Alien: Resurrection",https://www.imdb.com/title/tt0118583,Movie,6.2,109,1997,"Sci-Fi, Horror, Action",293787,"1997-11-26","Jean-Pierre Jeunet"
tt8359848,6,2020-06-06,"Climax","Climax",https://www.imdb.com/title/tt8359848,Movie,6.9,97,2018,"Drama, Horror, Music, Thriller",90794,"2019-03-15","Gaspar Noé"
tt0091167,7,2020-06-06,"Hannah and Her Sisters","Hannah and Her Sisters",https://www.imdb.com/title/tt0091167,Movie,7.8,107,1986,"Drama, Comedy",82029,"1986-03-14","Woody Allen"
tt6105098,6,2020-06-05,"The Lion King","The Lion King",https://www.imdb.com/title/tt6105098,Movie,6.8,118,2019,"Animation, Musical, Adventure, Drama, Family",294569,"2019-07-19","Jon Favreau"
tt6063090,7,2020-06-05,"Light of My Life","Light of My Life",https://www.imdb.com/title/tt6063090,Movie,6.6,119,2019,"Drama, Sci-Fi, Thriller",17241,"2019-08-09","Casey Affleck"
tt0108122,7,2020-06-05,"Short Cuts","Short Cuts",https://www.imdb.com/title/tt0108122,Movie,7.6,188,1993,"Comedy, Drama",50217,"1993-10-01","Robert Altman"
tt2884018,5,2020-06-04,"Macbeth","Macbeth",https://www.imdb.com/title/tt2884018,Movie,6.6,113,2015,"Drama, War, History",62002,"2015-12-11","Justin Kurzel"
tt3289724,6,2020-06-04,"Welcome to Marwen","Welcome to Marwen",https://www.imdb.com/title/tt3289724,Movie,6.2,116,2018,"Drama, Biography, Comedy, Fantasy, Romance",27817,"2018-12-21","Robert Zemeckis"
tt0275277,7,2020-06-04,"Cowboy Bebop: The Movie","Kauboi bibappu tengoku no tobira",https://www.imdb.com/title/tt0275277,Movie,7.8,115,2001,"Animation, Crime, Action, Drama, Sci-Fi",57697,"2003-05-16","Shin'ichirō Watanabe,Yoshiyuki Takei"
tt0120780,7,2020-06-04,"Out of Sight","Out of Sight",https://www.imdb.com/title/tt0120780,Movie,7.0,123,1998,"Romance, Drama, Thriller, Comedy, Crime",106232,"1998-06-26","Steven Soderbergh"
tt1318517,5,2020-06-03,"The Man Who Killed Don Quixote","The Man Who Killed Don Quixote",https://www.imdb.com/title/tt1318517,Movie,6.3,132,2018,"Adventure, Comedy, Fantasy, Drama",24017,"2019-04-19","Terry Gilliam"
tt0448694,6,2020-06-03,"Puss in Boots","Puss in Boots",https://www.imdb.com/title/tt0448694,Movie,6.6,90,2011,"Animation, Adventure, Comedy, Family, Fantasy, Action",213769,"2011-11-15","Chris Miller"
tt1778342,8,2020-06-03,"The Fantastic Flying Books of Mr. Morris Lessmore","The Fantastic Flying Books of Mr. Morris Lessmore",https://www.imdb.com/title/tt1778342,Short,7.8,15,2011,"Animation, Short, Adventure, Drama, Family",5959,"2014-09-24","William Joyce,Brandon Oldenburg"
tt0433035,7,2020-06-03,"Real Steel","Real Steel",https://www.imdb.com/title/tt0433035,Movie,7.1,127,2011,"Drama, Sci-Fi, Sport, Action",383411,"2011-10-07","Shawn Levy"
tt0983193,6,2020-06-03,"The Adventures of Tintin","The Adventures of Tintin",https://www.imdb.com/title/tt0983193,Movie,7.3,107,2011,"Animation, Adventure, Family, Mystery, Action",256895,"2011-12-21","Steven Spielberg"
tt1436562,7,2020-06-03,"Rio","Rio",https://www.imdb.com/title/tt1436562,Movie,6.9,96,2011,"Animation, Adventure, Comedy, Family, Music, Romance",276578,"2011-04-15","Carlos Saldanha"
tt1201607,8,2020-06-03,"Harry Potter and the Deathly Hallows: Part 2","Harry Potter and the Deathly Hallows: Part 2",https://www.imdb.com/title/tt1201607,Movie,8.1,130,2011,"Adventure, Mystery, Fantasy, Family",1058167,"2011-07-15","David Yates"
tt1124035,7,2020-06-03,"The Ides of March","The Ides of March",https://www.imdb.com/title/tt1124035,Movie,7.1,101,2011,"Drama, Thriller",240355,"2011-10-07","George Clooney"
tt1615147,7,2020-06-03,"Margin Call","Margin Call",https://www.imdb.com/title/tt1615147,Movie,7.1,107,2011,"Thriller, Drama",163890,"2011-09-29","J.C. Chandor"
tt1568346,7,2020-06-03,"The Girl with the Dragon Tattoo","The Girl with the Dragon Tattoo",https://www.imdb.com/title/tt1568346,Movie,7.8,158,2011,"Drama, Thriller, Crime, Mystery",531639,"2011-12-21","David Fincher"
tt1210166,8,2020-06-03,"Moneyball","Moneyball",https://www.imdb.com/title/tt1210166,Movie,7.6,133,2011,"Drama, Sport, Biography",514843,"2011-09-23","Bennett Miller"
tt0477302,6,2020-06-03,"Extremely Loud & Incredibly Close","Extremely Loud & Incredibly Close",https://www.imdb.com/title/tt0477302,Movie,6.9,129,2011,"Drama, Adventure, Mystery",108168,"2012-01-20","Stephen Daldry"
tt1655442,7,2020-06-03,"The Artist","The Artist",https://www.imdb.com/title/tt1655442,Movie,7.8,100,2011,"Romance, Comedy, Drama",256126,"2012-01-20","Michel Hazanavicius"
tt1859446,6,2020-06-02,"Alps","Alpeis",https://www.imdb.com/title/tt1859446,Movie,6.3,93,2011,"Drama",15929,"2011-10-27","Yorgos Lanthimos"
tt0486655,7,2020-06-02,"Stardust","Stardust",https://www.imdb.com/title/tt0486655,Movie,7.6,127,2007,"Adventure, Fantasy, Romance",300057,"2007-08-10","Matthew Vaughn"
tt3861390,6,2020-06-02,"Dumbo","Dumbo",https://www.imdb.com/title/tt3861390,Movie,6.2,112,2019,"Family, Fantasy, Adventure",89013,"2019-03-29","Tim Burton"
tt5084170,6,2020-06-02,"Blade of the Immortal","Mugen no jûnin",https://www.imdb.com/title/tt5084170,Movie,6.7,140,2017,"Action, Drama, History",20763,"2017-11-03","Takashi Miike"
tt2802154,6,2020-06-01,"Leviathan","Leviathan",https://www.imdb.com/title/tt2802154,Movie,7.6,140,2014,"Drama, Crime",60437,"2015-02-05","Andrey Zvyagintsev"
tt6062774,7,2020-06-01,"Monos","Monos",https://www.imdb.com/title/tt6062774,Movie,6.8,102,2019,"Drama, Thriller, Adventure",19962,"2019-08-15","Alejandro Landes"
tt0117666,8,2020-05-31,"Sling Blade","Sling Blade",https://www.imdb.com/title/tt0117666,Movie,8.0,135,1996,"Drama",104563,"1997-03-14","Billy Bob Thornton"
tt6394270,6,2020-05-31,"Bombshell","Bombshell",https://www.imdb.com/title/tt6394270,Movie,6.8,109,2019,"Biography, Drama",137058,"2019-12-20","Jay Roach"
tt2051879,6,2020-05-30,"Europa Report","Europa Report",https://www.imdb.com/title/tt2051879,Movie,6.4,90,2013,"Sci-Fi, Thriller, Drama, Mystery",79928,"2013-06-27","Sebastián Cordero"
tt7589524,6,2020-05-30,"Aniara","Aniara",https://www.imdb.com/title/tt7589524,Movie,6.3,106,2018,"Drama, Sci-Fi",16143,"2019-05-17","Pella Kagerman,Hugo Lilja"
tt2262161,6,2020-05-29,"Sunset Song","Sunset Song",https://www.imdb.com/title/tt2262161,Movie,6.4,135,2015,"Drama",4271,"2015-12-04","Terence Davies"
tt0056119,8,2020-05-28,"La Jetée","La Jetée",https://www.imdb.com/title/tt0056119,Short,8.2,28,1962,"Short, Romance, Drama, Sci-Fi",40126,"1962-02-16","Chris Marker"
tt0060196,10,2020-05-27,"The Good, the Bad and the Ugly","Il buono, il brutto, il cattivo",https://www.imdb.com/title/tt0060196,Movie,8.8,178,1966,"Adventure, Drama, Western",897431,"1967-12-29","Sergio Leone"
tt0050083,10,2020-05-27,"12 Angry Men","12 Angry Men",https://www.imdb.com/title/tt0050083,Movie,9.0,96,1957,"Crime, Drama",997686,"1957-04-10","Sidney Lumet"
tt0120735,8,2020-05-27,"Lock, Stock and Two Smoking Barrels","Lock, Stock and Two Smoking Barrels",https://www.imdb.com/title/tt0120735,Movie,8.1,107,1998,"Crime, Comedy",652607,"1998-08-28","Guy Ritchie"
tt3006802,9,2020-05-26,"Outlander","Outlander",https://www.imdb.com/title/tt3006802,TV Series,8.3,60,2014,"Drama, Romance, Fantasy, Adventure",203705,"2014-08-09",
tt0114148,7,2020-05-26,"Pocahontas","Pocahontas",https://www.imdb.com/title/tt0114148,Movie,6.7,81,1995,"Animation, Musical, Drama, Adventure, Romance, Family",219428,"1995-06-23","Mike Gabriel,Eric Goldberg"
tt0423294,6,2020-05-26,"Surf's Up","Surf's Up",https://www.imdb.com/title/tt0423294,Movie,6.7,85,2007,"Animation, Family, Comedy, Sport, Adventure",103720,"2007-06-08","Ash Brannon,Chris Buck"
tt4520988,7,2020-05-26,"Frozen II","Frozen II",https://www.imdb.com/title/tt4520988,Movie,6.8,103,2019,"Animation, Musical, Adventure, Comedy, Family, Fantasy, Drama",222371,"2019-11-22","Chris Buck,Jennifer Lee"
tt2294629,8,2020-05-26,"Frozen","Frozen",https://www.imdb.com/title/tt2294629,Movie,7.4,102,2013,"Animation, Musical, Family, Fantasy, Adventure, Comedy",719395,"2013-11-27","Chris Buck,Jennifer Lee"
tt7058080,6,2020-05-25,"Angel of Mine","Angel of Mine",https://www.imdb.com/title/tt7058080,Movie,6.4,98,2019,"Thriller, Drama, Mystery",13226,"2019-08-30","Kim Farrant"
tt6018306,7,2020-05-25,"Last Flag Flying","Last Flag Flying",https://www.imdb.com/title/tt6018306,Movie,6.9,125,2017,"Comedy, Drama, War",30954,"2017-11-03","Richard Linklater"
tt0405296,7,2020-05-25,"A Scanner Darkly","A Scanner Darkly",https://www.imdb.com/title/tt0405296,Movie,7.0,100,2006,"Animation, Sci-Fi, Thriller, Drama, Mystery, Crime, Comedy",122374,"2006-07-28","Richard Linklater"
tt0102943,7,2020-05-25,"Slacker","Slacker",https://www.imdb.com/title/tt0102943,Movie,7.0,97,1990,"Drama, Comedy",25599,"1991-07-05","Richard Linklater"
tt8722346,8,2020-05-25,"Queen & Slim","Queen & Slim",https://www.imdb.com/title/tt8722346,Movie,7.1,132,2019,"Drama, Crime, Romance, Thriller",37514,"2019-11-27","Melina Matsoukas"
tt4353250,7,2020-05-25,"The Last Black Man in San Francisco","The Last Black Man in San Francisco",https://www.imdb.com/title/tt4353250,Movie,7.2,121,2019,"Drama",23219,"2019-06-07","Joe Talbot"
tt0150377,7,2020-05-25,"Double Jeopardy","Double Jeopardy",https://www.imdb.com/title/tt0150377,Movie,6.5,105,1999,"Crime, Drama, Mystery, Thriller",106065,"1999-09-24","Bruce Beresford"
tt0264935,6,2020-05-25,"Murder by Numbers","Murder by Numbers",https://www.imdb.com/title/tt0264935,Movie,6.2,115,2002,"Mystery, Crime, Thriller",67375,"2002-04-19","Barbet Schroeder"
tt0070328,6,2020-05-24,"Live and Let Die","Live and Let Die",https://www.imdb.com/title/tt0070328,Movie,6.7,121,1973,"Thriller, Adventure, Action",125667,"1973-06-27","Guy Hamilton"
tt0062512,6,2020-05-24,"You Only Live Twice","You Only Live Twice",https://www.imdb.com/title/tt0062512,Movie,6.8,117,1967,"Adventure, Thriller, Action",128420,"1967-06-13","Lewis Gilbert"
tt0059800,6,2020-05-24,"Thunderball","Thunderball",https://www.imdb.com/title/tt0059800,Movie,6.9,130,1965,"Thriller, Adventure, Action",138905,"1965-12-22","Terence Young"
tt0066995,6,2020-05-24,"Diamonds Are Forever","Diamonds Are Forever",https://www.imdb.com/title/tt0066995,Movie,6.5,120,1971,"Thriller, Adventure, Action",124234,"1971-12-17","Guy Hamilton"
tt6450804,5,2020-05-24,"Terminator: Dark Fate","Terminator: Dark Fate",https://www.imdb.com/title/tt6450804,Movie,6.2,128,2019,"Sci-Fi, Action, Adventure, Thriller",214119,"2019-11-01","Tim Miller"
tt0432348,6,2020-05-24,"Saw II","Saw II",https://www.imdb.com/title/tt0432348,Movie,6.6,93,2005,"Horror, Mystery",299267,"2005-10-28","Darren Lynn Bousman"
tt1051906,7,2020-05-24,"The Invisible Man","The Invisible Man",https://www.imdb.com/title/tt1051906,Movie,7.1,124,2020,"Sci-Fi, Thriller, Horror, Mystery, Drama",288878,"2020-02-28","Leigh Whannell"
tt0164052,5,2020-05-24,"Hollow Man","Hollow Man",https://www.imdb.com/title/tt0164052,Movie,5.9,112,2000,"Action, Thriller, Sci-Fi, Horror",148799,"2000-08-04","Paul Verhoeven"
tt0075314,9,2020-05-23,"Taxi Driver","Taxi Driver",https://www.imdb.com/title/tt0075314,Movie,8.2,114,1976,"Crime, Drama",1037535,"1976-02-09","Martin Scorsese"
tt0338751,7,2020-05-23,"The Aviator","The Aviator",https://www.imdb.com/title/tt0338751,Movie,7.5,170,2004,"Biography, Drama",411672,"2004-12-25","Martin Scorsese"
tt0970179,8,2020-05-23,"Hugo","Hugo",https://www.imdb.com/title/tt0970179,Movie,7.5,126,2011,"Adventure, Mystery, Drama, Fantasy, Family",350843,"2011-11-23","Martin Scorsese"
tt0088247,8,2020-05-23,"The Terminator","The Terminator",https://www.imdb.com/title/tt0088247,Movie,8.1,107,1984,"Action, Adventure, Sci-Fi",1013947,"1984-10-26","James Cameron"
tt0052311,7,2020-05-22,"Touch of Evil","Touch of Evil",https://www.imdb.com/title/tt0052311,Movie,7.9,95,1958,"Drama, Crime, Thriller, Film-Noir",115384,"1958-05-09","Orson Welles"
tt1531924,7,2020-05-22,"The Disappearance of Eleanor Rigby: Him","The Disappearance of Eleanor Rigby: Him",https://www.imdb.com/title/tt1531924,Movie,6.8,89,2013,"Drama, Romance",10789,"2014-10-10","Ned Benson"
tt3720788,7,2020-05-22,"The Disappearance of Eleanor Rigby: Her","The Disappearance of Eleanor Rigby: Her",https://www.imdb.com/title/tt3720788,Movie,6.8,100,2013,"Drama, Romance",10153,"2014-10-10","Ned Benson"
tt8228288,6,2020-05-21,"The Platform","El hoyo",https://www.imdb.com/title/tt8228288,Movie,7.0,94,2019,"Thriller, Sci-Fi, Horror, Mystery",328387,"2020-03-20","Galder Gaztelu-Urrutia"
tt7146812,7,2020-05-21,"Onward","Onward",https://www.imdb.com/title/tt7146812,Movie,7.3,102,2020,"Animation, Comedy, Family, Fantasy, Adventure, Drama",188446,"2020-03-06","Dan Scanlon"
tt1791528,6,2020-05-21,"Inherent Vice","Inherent Vice",https://www.imdb.com/title/tt1791528,Movie,6.6,148,2014,"Crime, Drama, Mystery, Comedy, Romance",120356,"2015-01-09","Paul Thomas Anderson"
tt1037705,7,2020-05-20,"The Book of Eli","The Book of Eli",https://www.imdb.com/title/tt1037705,Movie,6.8,118,2010,"Adventure, Drama, Thriller, Action",363319,"2010-01-15","Albert Hughes,Allen Hughes"
tt0762125,6,2020-05-20,"Planet 51","Planet 51",https://www.imdb.com/title/tt0762125,Movie,6.0,91,2009,"Animation, Adventure, Comedy, Family, Sci-Fi, Fantasy",62478,"2009-11-20","Jorge Blanco,Javier Abad,Marcos Martínez"
tt0094963,6,2020-05-20,"The Dead Pool","The Dead Pool",https://www.imdb.com/title/tt0094963,Movie,6.3,91,1988,"Mystery, Crime, Thriller, Action",51499,"1988-07-13","Buddy Van Horn"
tt0088933,7,2020-05-20,"Cocoon","Cocoon",https://www.imdb.com/title/tt0088933,Movie,6.7,117,1985,"Comedy, Drama, Sci-Fi",73872,"1985-06-21","Ron Howard"
tt0104231,6,2020-05-20,"Far and Away","Far and Away",https://www.imdb.com/title/tt0104231,Movie,6.6,140,1992,"Adventure, Western, Romance, Drama",73170,"1992-05-22","Ron Howard"
tt0870111,7,2020-05-20,"Frost/Nixon","Frost/Nixon",https://www.imdb.com/title/tt0870111,Movie,7.6,122,2008,"Drama, Biography, History",116245,"2009-01-23","Ron Howard"
tt0382625,6,2020-05-20,"The Da Vinci Code","The Da Vinci Code",https://www.imdb.com/title/tt0382625,Movie,6.7,149,2006,"Thriller, Mystery",489072,"2006-05-19","Ron Howard"
tt0352248,8,2020-05-20,"Cinderella Man","Cinderella Man",https://www.imdb.com/title/tt0352248,Movie,8.0,144,2005,"Sport, Biography, Romance, Drama",210429,"2005-06-03","Ron Howard"
tt0338188,6,2020-05-20,"The Missing","The Missing",https://www.imdb.com/title/tt0338188,Movie,6.5,137,2003,"Adventure, Thriller, Western, Drama",41820,"2003-11-26","Ron Howard"
tt7362036,8,2020-05-20,"Dying to Survive","Wo bu shi yao shen",https://www.imdb.com/title/tt7362036,Movie,7.8,117,2018,"Drama, Comedy",9227,"2019-08-09","Muye Wen"
tt0479952,6,2020-05-18,"Madagascar: Escape 2 Africa","Madagascar: Escape 2 Africa",https://www.imdb.com/title/tt0479952,Movie,6.7,89,2008,"Animation, Adventure, Comedy, Family",274110,"2008-11-07","Eric Darnell,Tom McGrath"
tt0441773,8,2020-05-18,"Kung Fu Panda","Kung Fu Panda",https://www.imdb.com/title/tt0441773,Movie,7.6,92,2008,"Animation, Comedy, Action, Adventure, Family, Fantasy",587678,"2008-06-06","Mark Osborne,John Stevenson"
tt1667889,6,2020-05-18,"Ice Age: Continental Drift","Ice Age: Continental Drift",https://www.imdb.com/title/tt1667889,Movie,6.5,88,2012,"Animation, Comedy, Adventure, Family",245626,"2012-07-13","Steve Martino,Michael Thurmeier"
tt1302011,7,2020-05-18,"Kung Fu Panda 2","Kung Fu Panda 2",https://www.imdb.com/title/tt1302011,Movie,7.3,90,2011,"Animation, Comedy, Action, Family, Adventure, Fantasy, Drama",362188,"2011-05-26","Jennifer Yuh Nelson"
tt3606752,6,2020-05-18,"Cars 3","Cars 3",https://www.imdb.com/title/tt3606752,Movie,6.7,102,2017,"Animation, Comedy, Family, Sport, Adventure",155899,"2017-06-16","Brian Fee"
tt5606664,7,2020-05-17,"Doctor Sleep","Doctor Sleep",https://www.imdb.com/title/tt5606664,Movie,7.3,152,2019,"Horror, Drama, Thriller, Fantasy",247155,"2019-11-08","Mike Flanagan"
tt11043632,8,2020-05-16,"Beastars","Beastars",https://www.imdb.com/title/tt11043632,TV Series,7.6,23,2019,"Animation, Drama, Fantasy, Mystery, Thriller, Crime, Romance",16517,"2020-03-13",
tt6777170,4,2020-05-13,"24 Frames","24 Frames",https://www.imdb.com/title/tt6777170,Movie,6.8,114,2017,"Drama",2542,"2018-08-02","Abbas Kiarostami"
tt0293662,7,2020-05-13,"The Transporter","The Transporter",https://www.imdb.com/title/tt0293662,Movie,6.8,92,2002,"Crime, Thriller, Action",339955,"2002-10-11","Corey Yuen"
tt0388482,6,2020-05-13,"Transporter 2","Transporter 2",https://www.imdb.com/title/tt0388482,Movie,6.3,87,2005,"Action, Thriller",227143,"2005-09-02","Louis Leterrier"
tt0365686,6,2020-05-13,"Revolver","Revolver",https://www.imdb.com/title/tt0365686,Movie,6.3,111,2005,"Crime, Thriller, Mystery, Drama, Action",109541,"2005-09-22","Guy Ritchie"
tt0416496,5,2020-05-13,"Bandidas","Bandidas",https://www.imdb.com/title/tt0416496,Movie,5.7,93,2006,"Action, Comedy, Crime, Western",39228,"2006-01-18","Joachim Rønning,Espen Sandberg"
tt1657507,6,2020-05-13,"Colombiana","Colombiana",https://www.imdb.com/title/tt1657507,Movie,6.4,108,2011,"Thriller, Action, Drama, Crime",115333,"2011-08-26","Olivier Megaton"
tt0936501,8,2020-05-13,"Taken","Taken",https://www.imdb.com/title/tt0936501,Movie,7.7,90,2008,"Action, Thriller, Crime",676600,"2009-01-30","Pierre Morel"
tt2446042,5,2020-05-13,"Taken 3","Taken 3",https://www.imdb.com/title/tt2446042,Movie,6.0,108,2014,"Action, Thriller, Crime",216171,"2015-01-09","Olivier Megaton"
tt1397280,6,2020-05-13,"Taken 2","Taken 2",https://www.imdb.com/title/tt1397280,Movie,6.2,92,2012,"Action, Thriller, Crime",338539,"2012-10-05","Olivier Megaton"
tt0414852,7,2020-05-13,"District B13","Banlieue 13",https://www.imdb.com/title/tt0414852,Movie,7.1,84,2004,"Action, Thriller, Crime, Sci-Fi",78013,"2006-06-02","Pierre Morel"
tt0119116,7,2020-05-13,"The Fifth Element","Le cinquième élément",https://www.imdb.com/title/tt0119116,Movie,7.6,126,1997,"Adventure, Sci-Fi, Action",549866,"1997-05-09","Luc Besson"
tt7605074,6,2020-05-12,"The Wandering Earth","Liú Làng Dì Qiú",https://www.imdb.com/title/tt7605074,Movie,5.9,125,2019,"Sci-Fi, Action, Adventure, Thriller",39776,"2019-02-05","Frant Gwo"
tt0100142,7,2020-05-12,"Metropolitan","Metropolitan",https://www.imdb.com/title/tt0100142,Movie,7.2,98,1990,"Romance, Drama, Comedy",13843,"1990-08-03","Whit Stillman"
tt5295524,8,2020-05-11,"Crashing","Crashing",https://www.imdb.com/title/tt5295524,TV Series,7.6,30,2016,"Comedy",29468,"2016-09-01",
tt8902948,6,2020-05-11,"Tigertail","Tigertail",https://www.imdb.com/title/tt8902948,Movie,6.6,91,2020,"Drama",4025,"2020-04-10","Alan Yang"
tt11823076,7,2020-05-11,"Tiger King","Tiger King",https://www.imdb.com/title/tt11823076,TV Series,7.5,45,2020,"Documentary, Crime, Biography",91318,"2020-03-20",
tt0327056,9,2020-05-11,"Mystic River","Mystic River",https://www.imdb.com/title/tt0327056,Movie,7.9,138,2003,"Crime, Mystery, Thriller, Drama",528446,"2003-10-15","Clint Eastwood"
tt0824747,8,2020-05-11,"Changeling","Changeling",https://www.imdb.com/title/tt0824747,Movie,7.7,141,2008,"Drama, Mystery, Thriller, Biography, Crime, History",276089,"2008-10-31","Clint Eastwood"
tt0418689,7,2020-05-11,"Flags of Our Fathers","Flags of Our Fathers",https://www.imdb.com/title/tt0418689,Movie,7.1,135,2006,"Drama, War, History, Action, Adventure",134912,"2006-10-20","Clint Eastwood"
tt1057500,7,2020-05-11,"Invictus","Invictus",https://www.imdb.com/title/tt1057500,Movie,7.3,134,2009,"Biography, Drama, History, Sport",175202,"2009-12-11","Clint Eastwood"
tt0498380,8,2020-05-11,"Letters from Iwo Jima","Letters from Iwo Jima",https://www.imdb.com/title/tt0498380,Movie,7.8,141,2006,"Drama, War, History, Action, Adventure",177846,"2007-02-02","Clint Eastwood"
tt3513548,7,2020-05-11,"Richard Jewell","Richard Jewell",https://www.imdb.com/title/tt3513548,Movie,7.5,131,2019,"Drama, Crime, Biography",107971,"2019-12-13","Clint Eastwood"
tt2527338,7,2020-05-11,"Star Wars: Episode IX - The Rise of Skywalker","Star Wars: Episode IX - The Rise of Skywalker",https://www.imdb.com/title/tt2527338,Movie,6.3,141,2019,"Sci-Fi, Action, Adventure, Fantasy",548639,"2019-12-20","J.J. Abrams"
tt6398184,7,2020-05-10,"Downton Abbey","Downton Abbey",https://www.imdb.com/title/tt6398184,Movie,7.4,122,2019,"Drama, Romance",71952,"2019-09-20","Michael Engler"
tt0120789,7,2020-05-10,"Pleasantville","Pleasantville",https://www.imdb.com/title/tt0120789,Movie,7.5,124,1998,"Fantasy, Drama, Comedy",145223,"1998-10-23","Gary Ross"
tt8936646,6,2020-05-07,"Extraction","Extraction",https://www.imdb.com/title/tt8936646,Movie,6.8,116,2020,"Action, Thriller, Crime",292729,"2020-04-24","Sam Hargrave"
tt0410297,7,2020-05-07,"The Lake House","The Lake House",https://www.imdb.com/title/tt0410297,Movie,6.8,99,2006,"Drama, Romance, Fantasy",166284,"2006-06-16","Alejandro Agresti"
tt6763664,8,2020-05-06,"The Haunting of Hill House","The Haunting of Hill House",https://www.imdb.com/title/tt6763664,TV Mini Series,8.5,60,2018,"Horror, Drama, Thriller, Mystery",334081,"2018-10-12",
tt4729430,8,2020-05-05,"Klaus","Klaus",https://www.imdb.com/title/tt4729430,Movie,8.2,96,2019,"Animation, Adventure, Comedy, Family, Fantasy",241039,"2019-11-15","Sergio Pablos,Carlos Martínez López"
tt2121382,9,2020-05-04,"Force Majeure","Turist",https://www.imdb.com/title/tt2121382,Movie,7.2,120,2014,"Drama, Comedy",73331,"2014-12-30","Ruben Östlund"
tt0349205,5,2020-05-03,"Cheaper by the Dozen","Cheaper by the Dozen",https://www.imdb.com/title/tt0349205,Movie,5.9,98,2003,"Family, Comedy",116152,"2003-12-25","Shawn Levy"
tt0031381,8,2020-05-03,"Gone with the Wind","Gone with the Wind",https://www.imdb.com/title/tt0031381,Movie,8.2,238,1939,"Romance, Drama, War",357731,"1940-01-17","Victor Fleming"
tt0080678,8,2020-05-03,"The Elephant Man","The Elephant Man",https://www.imdb.com/title/tt0080678,Movie,8.2,124,1980,"Biography, Drama",283458,"1980-10-10","David Lynch"
tt0100157,8,2020-05-03,"Misery","Misery",https://www.imdb.com/title/tt0100157,Movie,7.8,107,1990,"Drama, Thriller",268187,"1990-11-30","Rob Reiner"
tt0063678,7,2020-05-02,"Teorema","Teorema",https://www.imdb.com/title/tt0063678,Movie,7.0,98,1968,"Mystery, Drama",17134,"1968-11-27","Pier Paolo Pasolini"
tt7681902,8,2020-04-30,"Won't You Be My Neighbor?","Won't You Be My Neighbor?",https://www.imdb.com/title/tt7681902,Movie,8.3,95,2018,"Documentary, Biography, History",28248,"2018-06-29","Morgan Neville"
tt6053438,6,2020-04-30,"First Reformed","First Reformed",https://www.imdb.com/title/tt6053438,Movie,7.1,113,2017,"Drama, Thriller, Mystery",68230,"2018-06-08","Paul Schrader"
tt0408664,7,2020-04-29,"Nobody Knows","Dare mo shiranai",https://www.imdb.com/title/tt0408664,Movie,8.0,141,2004,"Drama",35880,"2004-10-21","Hirokazu Koreeda"
tt8425058,6,2020-04-27,"Brexit","Brexit: The Uncivil War",https://www.imdb.com/title/tt8425058,TV Movie,7.0,98,2019,"History, Biography, Drama",18435,"2019-01-19","Toby Haynes"
tt0914798,8,2020-04-26,"The Boy in the Striped Pajamas","The Boy in the Striped Pajamas",https://www.imdb.com/title/tt0914798,Movie,7.7,94,2008,"Drama, War",277082,"2008-11-26","Mark Herman"
tt0368008,7,2020-04-26,"The Manchurian Candidate","The Manchurian Candidate",https://www.imdb.com/title/tt0368008,Movie,6.6,129,2004,"Thriller, Mystery, Drama, Sci-Fi",123567,"2004-07-30","Jonathan Demme"
tt3065204,7,2020-04-26,"The Conjuring 2","The Conjuring 2",https://www.imdb.com/title/tt3065204,Movie,7.3,134,2016,"Horror, Mystery, Thriller",347518,"2016-06-10","James Wan"
tt8291806,8,2020-04-26,"Pain and Glory","Dolor y gloria",https://www.imdb.com/title/tt8291806,Movie,7.5,113,2019,"Drama",67576,"2019-10-04","Pedro Almodóvar"
tt0120855,7,2020-04-25,"Tarzan","Tarzan",https://www.imdb.com/title/tt0120855,Movie,7.3,88,1999,"Animation, Drama, Comedy, Adventure, Family",271275,"1999-06-18","Chris Buck,Kevin Lima"
tt0182789,6,2020-04-25,"Bicentennial Man","Bicentennial Man",https://www.imdb.com/title/tt0182789,Movie,6.9,132,1999,"Romance, Sci-Fi, Drama",135230,"1999-12-17","Chris Columbus"
tt0120824,6,2020-04-25,"The Shipping News","The Shipping News",https://www.imdb.com/title/tt0120824,Movie,6.7,111,2001,"Drama",34930,"2002-01-18","Lasse Hallström"
tt0402894,7,2020-04-25,"Casanova","Casanova",https://www.imdb.com/title/tt0402894,Movie,6.5,112,2005,"Comedy, Drama, Romance, Adventure",58436,"2006-01-06","Lasse Hallström"
tt0462338,6,2020-04-25,"The Hoax","The Hoax",https://www.imdb.com/title/tt0462338,Movie,6.6,116,2006,"Drama, Comedy, Biography, History",17771,"2007-04-20","Lasse Hallström"
tt0989757,5,2020-04-25,"Dear John","Dear John",https://www.imdb.com/title/tt0989757,Movie,6.3,108,2010,"Drama, Romance, War",164645,"2010-02-05","Lasse Hallström"
tt0124315,7,2020-04-25,"The Cider House Rules","The Cider House Rules",https://www.imdb.com/title/tt0124315,Movie,7.4,126,1999,"Romance, Drama",110029,"2000-01-07","Lasse Hallström"
tt8629748,5,2020-04-25,"Spenser Confidential","Spenser Confidential",https://www.imdb.com/title/tt8629748,Movie,6.2,111,2020,"Drama, Thriller, Mystery, Action, Comedy, Crime",107300,"2020-03-06","Peter Berg"
tt6043142,7,2020-04-24,"Skin","Skin",https://www.imdb.com/title/tt6043142,Movie,6.8,118,2018,"Drama, Biography, Crime, Romance",21387,"2019-07-23","Guy Nattiv"
tt5814534,6,2020-04-22,"Spies in Disguise","Spies in Disguise",https://www.imdb.com/title/tt5814534,Movie,6.8,102,2019,"Animation, Comedy, Family, Adventure, Sci-Fi, Drama, Thriller, Action",63592,"2019-12-25","Nick Bruno,Troy Quane"
tt0034583,9,2020-04-20,"Casablanca","Casablanca",https://www.imdb.com/title/tt0034583,Movie,8.5,102,1942,"Romance, War, Drama",659138,"1943-01-23","Michael Curtiz"
tt1702425,5,2020-04-20,"Casa de mi Padre","Casa de mi padre",https://www.imdb.com/title/tt1702425,Movie,5.5,84,2012,"Comedy, Western",22173,"2012-05-11","Matt Piedmont"
tt2370248,8,2020-04-19,"Short Term 12","Short Term 12",https://www.imdb.com/title/tt2370248,Movie,7.9,96,2013,"Drama",95961,"2013-08-23","Destin Daniel Cretton"
tt0338337,5,2020-04-18,"Paycheck","Paycheck",https://www.imdb.com/title/tt0338337,Movie,6.3,119,2003,"Thriller, Action, Mystery, Sci-Fi",119079,"2003-12-25","John Woo"
tt0115759,6,2020-04-18,"Broken Arrow","Broken Arrow",https://www.imdb.com/title/tt0115759,Movie,6.1,108,1996,"Adventure, Thriller, Action",111128,"1996-02-09","John Woo"
tt8266310,7,2020-04-18,"Blinded by the Light","Blinded by the Light",https://www.imdb.com/title/tt8266310,Movie,6.9,118,2019,"Comedy, Drama, Music",28726,"2019-08-16","Gurinder Chadha"
tt0379865,6,2020-04-16,"Leatherheads","Leatherheads",https://www.imdb.com/title/tt0379865,Movie,6.0,114,2008,"Comedy, Drama, Romance, Sport",34674,"2008-04-04","George Clooney"
tt7298400,6,2020-04-16,"Ash Is Purest White","Jiang hu er nü",https://www.imdb.com/title/tt7298400,Movie,7.0,136,2018,"Drama, Romance, Crime",11651,"2018-09-21","Zhangke Jia"
tt1506999,5,2020-04-15,"Haywire","Haywire",https://www.imdb.com/title/tt1506999,Movie,5.8,93,2011,"Thriller, Action, Drama",93394,"2012-01-20","Steven Soderbergh"
tt7476236,7,2020-04-13,"Minding the Gap","Minding the Gap",https://www.imdb.com/title/tt7476236,Movie,8.0,93,2018,"Documentary, Sport",11149,"2018-08-17","Bing Liu"
tt0088680,8,2020-04-12,"After Hours","After Hours",https://www.imdb.com/title/tt0088680,Movie,7.6,97,1985,"Drama, Crime, Thriller, Comedy",99919,"1985-10-11","Martin Scorsese"
tt0075860,9,2020-04-12,"Close Encounters of the Third Kind","Close Encounters of the Third Kind",https://www.imdb.com/title/tt0075860,Movie,7.6,138,1977,"Sci-Fi, Drama",237874,"1977-12-14","Steven Spielberg"
tt0067116,8,2020-04-12,"The French Connection","The French Connection",https://www.imdb.com/title/tt0067116,Movie,7.6,104,1971,"Crime, Drama, Thriller, Action",151805,"1971-10-09","William Friedkin"
tt0115685,7,2020-04-12,"The Birdcage","The Birdcage",https://www.imdb.com/title/tt0115685,Movie,7.3,117,1996,"Comedy",118145,"1996-03-08","Mike Nichols"
tt0095647,8,2020-04-12,"Mississippi Burning","Mississippi Burning",https://www.imdb.com/title/tt0095647,Movie,7.8,128,1988,"Thriller, Mystery, Crime, Drama",128351,"1989-01-27","Alan Parker"
tt0055614,8,2020-04-12,"West Side Story","West Side Story",https://www.imdb.com/title/tt0055614,Movie,7.6,153,1961,"Musical, Drama, Crime, Romance",128442,"1961-12-23","Jerome Robbins,Robert Wise"
tt1767372,5,2020-04-10,"She's Funny That Way","She's Funny That Way",https://www.imdb.com/title/tt1767372,Movie,6.2,93,2014,"Comedy, Drama",30897,"2015-08-21","Peter Bogdanovich"
tt2141753,5,2020-04-07,"Good Game","Good Game",https://www.imdb.com/title/tt2141753,Movie,6.0,73,2014,"Documentary, Biography, Sport",123,"2014-03-11","Mary Ratliff"
tt1942884,7,2020-04-07,"Indie Game: The Movie","Indie Game: The Movie",https://www.imdb.com/title/tt1942884,Movie,7.6,103,2012,"Documentary, Drama",21747,"2012-09-15","Lisanne Pajot,James Swirsky"
tt7349950,6,2020-04-06,"It: Chapter Two","It: Chapter Two",https://www.imdb.com/title/tt7349950,Movie,6.5,169,2019,"Horror, Drama, Fantasy",360656,"2019-09-06","Andy Muschietti"
tt2094766,5,2020-04-06,"Assassin's Creed","Assassin's Creed",https://www.imdb.com/title/tt2094766,Movie,5.6,115,2016,"Action, Adventure, Sci-Fi",220562,"2016-12-21","Justin Kurzel"
tt2023587,6,2020-04-06,"Mama","Mama",https://www.imdb.com/title/tt2023587,Movie,6.2,100,2013,"Horror, Thriller, Fantasy",201851,"2013-01-18","Andy Muschietti"
tt5501104,6,2020-04-05,"Border","Gräns",https://www.imdb.com/title/tt5501104,Movie,7.0,110,2018,"Fantasy, Romance, Thriller, Drama, Crime, Mystery, Sci-Fi",37683,"2018-10-26","Ali Abbasi"
tt0286244,9,2020-04-05,"The Triplets of Belleville","Les triplettes de Belleville",https://www.imdb.com/title/tt0286244,Movie,7.7,80,2003,"Animation, Comedy, Drama, Adventure, Music, Sport",58550,"2004-02-13","Sylvain Chomet"
tt0775489,8,2020-04-05,"The Illusionist","L'illusionniste",https://www.imdb.com/title/tt0775489,Movie,7.4,80,2010,"Animation, Drama",37790,"2011-02-11","Sylvain Chomet"
tt0062136,7,2020-04-05,"Playtime","Playtime",https://www.imdb.com/title/tt0062136,Movie,7.8,155,1967,"Comedy",29965,"1973-06-27","Jacques Tati"
tt8772262,8,2020-04-04,"Midsommar","Midsommar",https://www.imdb.com/title/tt8772262,Movie,7.1,148,2019,"Horror, Drama, Mystery, Thriller",494240,"2019-07-03","Ari Aster"
tt2278388,9,2020-04-03,"The Grand Budapest Hotel","The Grand Budapest Hotel",https://www.imdb.com/title/tt2278388,Movie,8.1,99,2014,"Comedy, Drama",983188,"2014-03-28","Wes Anderson"
tt1748122,9,2020-04-03,"Moonrise Kingdom","Moonrise Kingdom",https://www.imdb.com/title/tt1748122,Movie,7.7,94,2012,"Drama, Comedy, Romance, Adventure, Fantasy",384453,"2012-06-29","Wes Anderson"
tt0265666,7,2020-04-03,"The Royal Tenenbaums","The Royal Tenenbaums",https://www.imdb.com/title/tt0265666,Movie,7.6,110,2001,"Drama, Comedy",338224,"2002-01-04","Wes Anderson"
tt3331512,7,2020-04-03,"Castello Cavalcanti","Castello Cavalcanti",https://www.imdb.com/title/tt3331512,Short,7.1,8,2013,"Short, Comedy, Drama",9631,"2013-11-12","Wes Anderson"
tt0837156,6,2020-04-03,"Pee-wee's Big Holiday","Pee-wee's Big Holiday",https://www.imdb.com/title/tt0837156,Movie,6.1,90,2016,"Comedy, Family",9952,"2016-03-18","John Lee"
tt0416044,7,2020-04-03,"Mongol: The Rise of Genghis Khan","Mongol",https://www.imdb.com/title/tt0416044,Movie,7.2,126,2007,"Drama, Biography, History, War, Action",51683,"2008-07-04","Sergei Bodrov"
tt0216216,5,2020-04-02,"The 6th Day","The 6th Day",https://www.imdb.com/title/tt0216216,Movie,6.0,123,2000,"Mystery, Sci-Fi, Thriller, Action",134647,"2000-11-17","Roger Spottiswoode"
tt0164184,6,2020-04-01,"The Sum of All Fears","The Sum of All Fears",https://www.imdb.com/title/tt0164184,Movie,6.5,124,2002,"War, Drama, Thriller, Action",135090,"2002-05-31","Phil Alden Robinson"
tt7456312,4,2020-04-01,"The Last Thing He Wanted","The Last Thing He Wanted",https://www.imdb.com/title/tt7456312,Movie,4.4,115,2020,"Drama, Crime, Thriller, Mystery",17603,"2020-02-21","Dee Rees"
tt0840361,8,2020-04-01,"The Town","The Town",https://www.imdb.com/title/tt0840361,Movie,7.5,125,2010,"Drama, Thriller, Crime",451873,"2010-09-17","Ben Affleck"
tt0844286,6,2020-04-01,"The Brothers Bloom","The Brothers Bloom",https://www.imdb.com/title/tt0844286,Movie,6.7,114,2008,"Adventure, Drama, Romance, Comedy, Action, Crime",54261,"2009-06-19","Rian Johnson"
tt1046173,4,2020-04-01,"G.I. Joe: The Rise of Cobra","G.I. Joe: The Rise of Cobra",https://www.imdb.com/title/tt1046173,Movie,5.7,118,2009,"Action, Adventure, Sci-Fi, Thriller",222348,"2009-08-07","Stephen Sommers"
tt2229499,6,2020-04-01,"Don Jon","Don Jon",https://www.imdb.com/title/tt2229499,Movie,6.5,90,2013,"Comedy, Drama, Romance",255914,"2013-09-27","Joseph Gordon-Levitt"
tt1547234,6,2020-04-01,"Premium Rush","Premium Rush",https://www.imdb.com/title/tt1547234,Movie,6.5,91,2012,"Action, Thriller",122890,"2012-08-24","David Koepp"
tt7975244,6,2020-04-01,"Jumanji: The Next Level","Jumanji: The Next Level",https://www.imdb.com/title/tt7975244,Movie,6.6,123,2019,"Action, Adventure, Comedy, Fantasy",323579,"2019-12-13","Jake Kasdan"
tt1277953,6,2020-03-31,"Madagascar 3: Europe's Most Wanted","Madagascar 3: Europe's Most Wanted",https://www.imdb.com/title/tt1277953,Movie,6.8,93,2012,"Animation, Adventure, Comedy, Family",220357,"2012-06-08","Eric Darnell,Tom McGrath,Conrad Vernon"
tt7653254,9,2020-03-31,"Marriage Story","Marriage Story",https://www.imdb.com/title/tt7653254,Movie,7.9,137,2019,"Drama, Romance",374275,"2019-12-06","Noah Baumbach"
tt4364194,8,2020-03-31,"The Peanut Butter Falcon","The Peanut Butter Falcon",https://www.imdb.com/title/tt4364194,Movie,7.6,97,2019,"Comedy, Drama, Adventure",120800,"2019-08-23","Tyler Nilson,Michael Schwartz"
tt5952138,4,2020-03-30,"We Have Always Lived in the Castle","We Have Always Lived in the Castle",https://www.imdb.com/title/tt5952138,Movie,5.6,95,2018,"Drama, Mystery, Thriller, Horror",11261,"2019-05-17","Stacie Passon"
tt9095324,8,2020-03-29,"Coldplay: A Head Full of Dreams","Coldplay: A Head Full of Dreams",https://www.imdb.com/title/tt9095324,Movie,7.9,115,2018,"Documentary, Music",3628,"2018-11-16","Mat Whitecross"
tt0047296,8,2020-03-29,"On the Waterfront","On the Waterfront",https://www.imdb.com/title/tt0047296,Movie,8.1,108,1954,"Thriller, Crime, Drama",180264,"1954-06-22","Elia Kazan"
tt3783958,8,2020-03-27,"La La Land","La La Land",https://www.imdb.com/title/tt3783958,Movie,8.0,128,2016,"Musical, Comedy, Drama, Romance, Music",773666,"2016-12-25","Damien Chazelle"
tt5083738,8,2020-03-27,"The Favourite","The Favourite",https://www.imdb.com/title/tt5083738,Movie,7.5,119,2018,"Biography, Drama, History, Comedy",260539,"2018-12-21","Yorgos Lanthimos"
tt2788710,5,2020-03-27,"The Interview","The Interview",https://www.imdb.com/title/tt2788710,Movie,6.5,112,2014,"Comedy, Action, Adventure",378997,"2014-12-24","Evan Goldberg,Seth Rogen"
tt1570728,7,2020-03-27,"Crazy, Stupid, Love.","Crazy, Stupid, Love.",https://www.imdb.com/title/tt1570728,Movie,7.4,118,2011,"Comedy, Romance, Drama",626535,"2011-07-29","Glenn Ficarra,John Requa"
tt1282140,7,2020-03-27,"Easy A","Easy A",https://www.imdb.com/title/tt1282140,Movie,7.0,92,2010,"Comedy, Romance, Drama",446538,"2010-09-17","Will Gluck"
tt1031969,6,2020-03-27,"The Rocker","The Rocker",https://www.imdb.com/title/tt1031969,Movie,6.2,102,2008,"Comedy, Music",41394,"2008-08-20","Peter Cattaneo"
tt6668212,8,2020-03-27,"A Life of Speed: The Juan Manuel Fangio Story","Fangio: El hombre que domaba las máquinas",https://www.imdb.com/title/tt6668212,Movie,7.1,92,2020,"Documentary, Biography, Sport",2568,"2020-03-20","Francisco Macri"
tt0365485,6,2020-03-26,"The Matador","The Matador",https://www.imdb.com/title/tt0365485,Movie,6.7,96,2005,"Thriller, Comedy, Crime",47983,"2006-01-27","Richard Shepard"
tt1478338,6,2020-03-26,"Bridesmaids","Bridesmaids",https://www.imdb.com/title/tt1478338,Movie,6.8,125,2011,"Comedy",327575,"2011-05-13","Paul Feig"
tt0783233,8,2020-03-26,"Atonement","Atonement",https://www.imdb.com/title/tt0783233,Movie,7.8,123,2007,"Drama, Romance, Mystery, War",332427,"2008-01-11","Joe Wright"
tt0993842,7,2020-03-26,"Hanna","Hanna",https://www.imdb.com/title/tt0993842,Movie,6.7,111,2011,"Thriller, Action, Drama, Adventure",215569,"2011-04-08","Joe Wright"
tt0443543,8,2020-03-26,"The Illusionist","The Illusionist",https://www.imdb.com/title/tt0443543,Movie,7.5,110,2006,"Drama, Romance, Mystery, Thriller, Fantasy",406178,"2006-09-01","Neil Burger"
tt0343737,6,2020-03-26,"The Good Shepherd","The Good Shepherd",https://www.imdb.com/title/tt0343737,Movie,6.7,167,2006,"Thriller, History, Drama",113038,"2006-12-22","Robert De Niro"
tt0379889,7,2020-03-26,"The Merchant of Venice","The Merchant of Venice",https://www.imdb.com/title/tt0379889,Movie,7.0,131,2004,"Drama, Romance",40210,"2005-02-18","Michael Radford"
tt0164181,7,2020-03-25,"Stir of Echoes","Stir of Echoes",https://www.imdb.com/title/tt0164181,Movie,6.9,99,1999,"Mystery, Thriller, Horror",93425,"1999-09-10","David Koepp"
tt0166896,8,2020-03-25,"The Straight Story","The Straight Story",https://www.imdb.com/title/tt0166896,Movie,8.0,112,1999,"Biography, Drama",109245,"1999-11-03","David Lynch"
tt3361792,6,2020-03-23,"Tolkien","Tolkien",https://www.imdb.com/title/tt3361792,Movie,6.8,112,2019,"Biography, Drama, War, Romance",51755,"2019-05-10","Dome Karukoski"
tt6813264,6,2020-03-23,"Detainment","Detainment",https://www.imdb.com/title/tt6813264,Short,7.1,30,2018,"Short, Drama, Crime",5896,"2019-02-08","Vincent Lambe"
tt0117887,7,2020-03-22,"That Thing You Do!","That Thing You Do!",https://www.imdb.com/title/tt0117887,Movie,7.0,108,1996,"Music, Drama, Comedy",78932,"1996-10-04","Tom Hanks"
tt0803096,5,2020-03-22,"Warcraft","Warcraft",https://www.imdb.com/title/tt0803096,Movie,6.7,123,2016,"Action, Adventure, Fantasy",297407,"2016-06-10","Duncan Jones"
tt8579674,8,2020-03-21,"1917","1917",https://www.imdb.com/title/tt8579674,Movie,8.2,119,2019,"War, Drama",781933,"2020-01-10","Sam Mendes"
tt0120731,8,2020-03-21,"The Legend of 1900","La leggenda del pianista sull'oceano",https://www.imdb.com/title/tt0120731,Movie,8.0,169,1998,"Music, Romance, Drama",74082,"1998-10-28","Giuseppe Tornatore"
tt6241872,8,2020-03-19,"Ruben Brandt, Collector","Ruben Brandt, a gyujto",https://www.imdb.com/title/tt6241872,Movie,7.4,96,2018,"Animation, Crime, Drama, Action, Thriller",8724,"2019-02-15","Milorad Krstic"
tt4375438,7,2020-03-19,"The Club","El club",https://www.imdb.com/title/tt4375438,Movie,7.2,98,2015,"Drama, Mystery, Thriller",12711,"2015-05-28","Pablo Larraín"
tt9354944,6,2020-03-18,"Jexi","Jexi",https://www.imdb.com/title/tt9354944,Movie,6.0,84,2019,"Comedy, Romance, Sci-Fi",33912,"2019-10-11","Jon Lucas,Scott Moore"
tt2066051,7,2020-03-17,"Rocketman","Rocketman",https://www.imdb.com/title/tt2066051,Movie,7.3,121,2019,"Musical, Biography, Drama, Music",211281,"2019-05-31","Dexter Fletcher"
tt1255891,7,2020-03-16,"Next Floor","Next Floor",https://www.imdb.com/title/tt1255891,Short,7.4,11,2008,"Short, Comedy, Mystery",7616,"2008-08","Denis Villeneuve"
tt1950186,8,2020-03-16,"Ford v Ferrari","Ford v Ferrari",https://www.imdb.com/title/tt1950186,Movie,8.1,152,2019,"Action, Drama, Biography, Sport",582467,"2019-11-15","James Mangold"
tt5851904,7,2020-03-16,"The Big Bad Fox and Other Tales","Le grand méchant renard et autres contes...",https://www.imdb.com/title/tt5851904,Movie,7.4,83,2017,"Animation, Family, Adventure, Comedy, Fantasy",4545,"2017-06-21","Patrick Imbert,Benjamin Renner"
tt0079522,7,2020-03-15,"Manhattan","Manhattan",https://www.imdb.com/title/tt0079522,Movie,7.8,96,1979,"Drama, Romance, Comedy",153324,"1979-04-25","Woody Allen"
tt2334873,7,2020-03-15,"Blue Jasmine","Blue Jasmine",https://www.imdb.com/title/tt2334873,Movie,7.3,98,2013,"Drama, Comedy, Romance",220688,"2013-08-23","Woody Allen"
tt1859650,6,2020-03-15,"To Rome with Love","To Rome with Love",https://www.imdb.com/title/tt1859650,Movie,6.3,112,2012,"Comedy, Romance, Music",93483,"2012-07-06","Woody Allen"
tt0378947,6,2020-03-15,"Melinda and Melinda","Melinda and Melinda",https://www.imdb.com/title/tt0378947,Movie,6.4,99,2004,"Comedy, Drama, Romance",34209,"2005-04-08","Woody Allen"
tt0416320,8,2020-03-15,"Match Point","Match Point",https://www.imdb.com/title/tt0416320,Movie,7.6,124,2005,"Drama, Romance, Thriller",240020,"2006-01-20","Woody Allen"
tt0457513,7,2020-03-15,"Scoop","Scoop",https://www.imdb.com/title/tt0457513,Movie,6.6,96,2006,"Comedy, Mystery, Crime, Fantasy",90929,"2006-07-28","Woody Allen"
tt0795493,6,2020-03-15,"Cassandra's Dream","Cassandra's Dream",https://www.imdb.com/title/tt0795493,Movie,6.6,108,2007,"Crime, Thriller, Drama, Romance",55543,"2008-01-18","Woody Allen"
tt2397535,7,2020-03-13,"Predestination","Predestination",https://www.imdb.com/title/tt2397535,Movie,7.4,97,2014,"Sci-Fi, Thriller, Drama, Action",338227,"2015-01-09","Michael Spierig,Peter Spierig"
tt8404614,8,2020-03-13,"The Two Popes","The Two Popes",https://www.imdb.com/title/tt8404614,Movie,7.6,125,2019,"Drama, Biography",147625,"2019-12-20","Fernando Meirelles"
tt2543164,10,2020-03-11,"Arrival","Arrival",https://www.imdb.com/title/tt2543164,Movie,7.9,116,2016,"Sci-Fi, Drama, Mystery",875100,"2016-11-11","Denis Villeneuve"
tt1375666,10,2020-03-11,"Inception","Inception",https://www.imdb.com/title/tt1375666,Movie,8.8,148,2010,"Sci-Fi, Thriller, Adventure",2854547,"2010-07-16","Christopher Nolan"
tt0058898,7,2020-03-11,"Alphaville","Alphaville, une étrange aventure de Lemmy Caution",https://www.imdb.com/title/tt0058898,Movie,6.9,99,1965,"Comedy, Sci-Fi, Drama, Thriller, Mystery",30302,"1965-05-05","Jean-Luc Godard"
tt0119177,8,2020-03-11,"Gattaca","Gattaca",https://www.imdb.com/title/tt0119177,Movie,7.7,106,1997,"Sci-Fi, Drama, Thriller",349733,"1997-10-24","Andrew Niccol"
tt2084989,6,2020-03-11,"Upstream Color","Upstream Color",https://www.imdb.com/title/tt2084989,Movie,6.5,96,2013,"Drama, Sci-Fi, Mystery",36272,"2013-08-30","Shane Carruth"
tt1478964,7,2020-03-11,"Attack the Block","Attack the Block",https://www.imdb.com/title/tt1478964,Movie,6.6,88,2011,"Sci-Fi, Comedy, Action, Thriller, Adventure",116130,"2011-05-13","Joe Cornish"
tt0088919,8,2020-03-10,"Chronos","Chronos",https://www.imdb.com/title/tt0088919,Short,7.7,43,1985,"Documentary, Short",4070,"1985-05-10","Ron Fricke"
tt9351980,7,2020-03-10,"American Factory","American Factory",https://www.imdb.com/title/tt9351980,Movie,7.4,110,2019,"Documentary",25188,"2019-08-21","Steven Bognar,Julia Reichert"
tt5314118,7,2020-03-05,"Journeyman","Journeyman",https://www.imdb.com/title/tt5314118,Movie,7.0,92,2017,"Drama, Sport",5165,"2018-03-30","Paddy Considine"
tt0162065,8,2020-03-03,"Angel","Angel",https://www.imdb.com/title/tt0162065,TV Series,7.9,45,1999,"Fantasy, Drama, Action, Thriller, Adventure",81111,"1999-10-05",
tt7752126,6,2020-03-03,"Brightburn","Brightburn",https://www.imdb.com/title/tt7752126,Movie,6.1,90,2019,"Horror, Sci-Fi, Drama, Mystery, Fantasy",122409,"2019-05-24","David Yarovesky"
tt0138704,8,2020-03-03,"Pi","Pi",https://www.imdb.com/title/tt0138704,Movie,7.3,84,1998,"Mystery, Sci-Fi, Horror, Drama, Thriller",193503,"1998-07-10","Darren Aronofsky"
tt0099810,8,2020-03-03,"The Hunt for Red October","The Hunt for Red October",https://www.imdb.com/title/tt0099810,Movie,7.5,135,1990,"Action, Thriller, Adventure",233205,"1990-03-02","John McTiernan"
tt0414951,5,2020-03-03,"The Quiet","The Quiet",https://www.imdb.com/title/tt0414951,Movie,6.1,96,2005,"Drama, Thriller, Crime",18435,"2017-07-02","Jamie Babbit"
tt0326856,4,2020-03-03,"Envy","Envy",https://www.imdb.com/title/tt0326856,Movie,4.8,99,2004,"Comedy",33601,"2004-04-30","Barry Levinson"
tt8752440,7,2020-03-03,"Batman: Hush","Batman: Hush",https://www.imdb.com/title/tt8752440,Video,6.9,81,2019,"Animation, Sci-Fi, Action, Adventure, Crime, Drama, Mystery, Romance, Thriller",26216,"2019-07-20","Justin Copeland"
tt0816711,7,2020-03-02,"World War Z","World War Z",https://www.imdb.com/title/tt0816711,Movie,7.0,116,2013,"Action, Adventure, Horror, Sci-Fi",791418,"2013-06-21","Marc Forster"
tt0480249,7,2020-03-02,"I Am Legend","I Am Legend",https://www.imdb.com/title/tt0480249,Movie,7.2,101,2007,"Drama, Sci-Fi, Thriller, Horror",885436,"2007-12-14","Francis Lawrence"
tt0163978,7,2020-02-27,"The Beach","The Beach",https://www.imdb.com/title/tt0163978,Movie,6.6,119,2000,"Thriller, Drama, Romance, Adventure",270546,"2000-02-11","Danny Boyle"
tt1028532,8,2020-02-27,"Hachi: A Dog's Tale","Hachi: A Dog's Tale",https://www.imdb.com/title/tt1028532,Movie,8.1,93,2009,"Drama, Family, Biography",346805,"2010-03-12","Lasse Hallström"
tt0074958,8,2020-02-27,"Network","Network",https://www.imdb.com/title/tt0074958,Movie,8.1,121,1976,"Drama",187058,"1976-11-27","Sidney Lumet"
tt0032553,8,2020-02-27,"The Great Dictator","The Great Dictator",https://www.imdb.com/title/tt0032553,Movie,8.4,125,1940,"Drama, War, Comedy",259732,"1941-03-07","Charles Chaplin"
tt8300324,7,2020-02-26,"I Am a Killer","I Am a Killer",https://www.imdb.com/title/tt8300324,TV Series,7.3,50,2018,"Documentary, Crime",5674,"2018-08-03",
tt4158110,9,2020-02-26,"Mr. Robot","Mr. Robot",https://www.imdb.com/title/tt4158110,TV Series,8.5,45,2015,"Crime, Drama, Thriller",472695,"2015-06-24",
tt0118884,8,2020-02-23,"Contact","Contact",https://www.imdb.com/title/tt0118884,Movie,7.5,150,1997,"Mystery, Thriller, Sci-Fi, Drama",316215,"1997-07-11","Robert Zemeckis"
tt0335245,6,2020-02-23,"The Ladykillers","The Ladykillers",https://www.imdb.com/title/tt0335245,Movie,6.2,104,2004,"Crime, Thriller, Comedy",112964,"2004-03-26","Ethan Coen,Joel Coen"
tt0478134,7,2020-02-23,"In the Valley of Elah","In the Valley of Elah",https://www.imdb.com/title/tt0478134,Movie,7.1,121,2007,"Drama, Mystery, Crime",77695,"2007-09-28","Paul Haggis"
tt0959337,7,2020-02-23,"Revolutionary Road","Revolutionary Road",https://www.imdb.com/title/tt0959337,Movie,7.3,119,2008,"Drama, Romance",237870,"2009-01-23","Sam Mendes"
tt1172991,6,2020-02-23,"The Company Men","The Company Men",https://www.imdb.com/title/tt1172991,Movie,6.7,104,2010,"Drama",51274,"2011-02-11","John Wells"
tt1019452,7,2020-02-23,"A Serious Man","A Serious Man",https://www.imdb.com/title/tt1019452,Movie,7.0,106,2009,"Drama, Comedy",159345,"2009-11-06","Ethan Coen,Joel Coen"
tt1403865,8,2020-02-23,"True Grit","True Grit",https://www.imdb.com/title/tt1403865,Movie,7.6,110,2010,"Drama, Western",378525,"2010-12-22","Ethan Coen,Joel Coen"
tt0976051,8,2020-02-23,"The Reader","The Reader",https://www.imdb.com/title/tt0976051,Movie,7.6,124,2008,"Drama, Romance, Mystery",275083,"2009-01-30","Stephen Daldry"
tt0101329,7,2020-02-21,"An American Tail: Fievel Goes West","An American Tail: Fievel Goes West",https://www.imdb.com/title/tt0101329,Movie,6.5,75,1991,"Animation, Musical, Adventure, Comedy, Family, Western",30431,"1991-11-22","Phil Nibbelink,Simon Wells"
tt0116225,6,2020-02-21,"Escape from L.A.","Escape from L.A.",https://www.imdb.com/title/tt0116225,Movie,5.7,101,1996,"Thriller, Sci-Fi, Adventure, Action",86648,"1996-08-09","John Carpenter"
tt0095705,8,2020-02-21,"The Naked Gun: From the Files of Police Squad!","The Naked Gun: From the Files of Police Squad!",https://www.imdb.com/title/tt0095705,Movie,7.6,85,1988,"Crime, Comedy",224647,"1988-12-02","David Zucker"
tt0112896,6,2020-02-21,"Dracula: Dead and Loving It","Dracula: Dead and Loving It",https://www.imdb.com/title/tt0112896,Movie,5.9,90,1995,"Horror, Fantasy, Comedy",49240,"1995-12-22","Mel Brooks"
tt0131857,6,2020-02-21,"BASEketball","BASEketball",https://www.imdb.com/title/tt0131857,Movie,6.5,103,1998,"Sport, Comedy",69359,"1998-07-31","David Zucker"
tt0207201,6,2020-02-20,"What Women Want","What Women Want",https://www.imdb.com/title/tt0207201,Movie,6.5,127,2000,"Romance, Comedy, Fantasy",240076,"2000-12-15","Nancy Meyers"
tt0289879,8,2020-02-20,"The Butterfly Effect","The Butterfly Effect",https://www.imdb.com/title/tt0289879,Movie,7.6,113,2004,"Sci-Fi, Drama, Thriller",559118,"2004-01-23","Eric Bress,J. Mackye Gruber"
tt0481369,6,2020-02-20,"The Number 23","The Number 23",https://www.imdb.com/title/tt0481369,Movie,6.4,98,2007,"Mystery, Thriller, Crime",222243,"2007-02-23","Joel Schumacher"
tt1034032,4,2020-02-20,"Gamer","Gamer",https://www.imdb.com/title/tt1034032,Movie,5.7,95,2009,"Thriller, Sci-Fi, Action",144457,"2009-09-04","Mark Neveldine,Brian Taylor"
tt0790623,6,2020-02-20,"Meet Bill","Bill",https://www.imdb.com/title/tt0790623,Movie,6.1,93,2007,"Comedy, Drama",21918,"2008-06-18","Bernie Goldmann,Melisa Wallack"
tt8178486,5,2020-02-18,"Earthquake Bird","Earthquake Bird",https://www.imdb.com/title/tt8178486,Movie,6.0,107,2019,"Thriller, Crime, Romance, Drama, Mystery",16479,"2019-11-15","Wash Westmoreland"
tt8858104,6,2020-02-17,"Guava Island","Guava Island",https://www.imdb.com/title/tt8858104,Movie,6.7,55,2019,"Musical, Comedy, Thriller, Music, Drama",12244,"2019-04-13","Hiro Murai"
tt0388473,8,2020-02-17,"Tokyo Godfathers","Tôkyô goddofâzâzu",https://www.imdb.com/title/tt0388473,Movie,7.8,92,2003,"Animation, Adventure, Drama, Comedy",55632,"2003-11-08","Satoshi Kon,Shōgo Furuya"
tt1302006,7,2020-02-16,"The Irishman","The Irishman",https://www.imdb.com/title/tt1302006,Movie,7.8,209,2019,"Crime, Drama, Biography, History, Thriller",477460,"2019-11-27","Martin Scorsese"
tt2584384,8,2020-02-16,"Jojo Rabbit","Jojo Rabbit",https://www.imdb.com/title/tt2584384,Movie,7.9,108,2019,"Comedy, War, Drama",492418,"2019-11-08","Taika Waititi"
tt8637428,7,2020-02-16,"The Farewell","The Farewell",https://www.imdb.com/title/tt8637428,Movie,7.5,100,2019,"Comedy, Drama",75985,"2019-08-09","Lulu Wang"
tt1321870,7,2020-02-15,"Gangster Squad","Gangster Squad",https://www.imdb.com/title/tt1321870,Movie,6.7,113,2013,"Crime, Drama, Action, Thriller",229769,"2013-01-11","Ruben Fleischer"
tt1560220,6,2020-02-15,"Zombieland: Double Tap","Zombieland: Double Tap",https://www.imdb.com/title/tt1560220,Movie,6.6,99,2019,"Action, Comedy, Horror",228539,"2019-10-18","Ruben Fleischer"
tt0438488,7,2020-02-13,"Terminator Salvation","Terminator Salvation",https://www.imdb.com/title/tt0438488,Movie,6.5,115,2009,"Sci-Fi, Action, Adventure",394632,"2009-05-21","McG"
tt4995790,7,2020-02-13,"The Square","The Square",https://www.imdb.com/title/tt4995790,Movie,7.1,151,2017,"Drama, Comedy",83296,"2017-08-25","Ruben Östlund"
tt9806192,7,2020-02-09,"I Lost My Body","J'ai perdu mon corps",https://www.imdb.com/title/tt9806192,Movie,7.5,81,2019,"Animation, Drama, Fantasy, Romance",38975,"2019-11-15","Jérémy Clapin"
tt4958448,6,2020-02-08,"Museo","Museo",https://www.imdb.com/title/tt4958448,Movie,6.9,128,2018,"Crime, Drama",6564,"2018-10-26","Alonso Ruizpalacios"
tt7129636,7,2020-02-04,"Hair Love","Hair Love",https://www.imdb.com/title/tt7129636,Short,7.4,7,2019,"Animation, Short, Family, Comedy, Drama",7607,"2019-08-14","Matthew A. Cherry,Everett Downing Jr.,Bruce W. Smith"
tt6751668,9,2020-02-04,"Parasite","Gisaengchung",https://www.imdb.com/title/tt6751668,Movie,8.5,132,2019,"Drama, Thriller",1186676,"2019-11-08","Bong Joon Ho"
tt1817273,7,2020-02-02,"The Place Beyond the Pines","The Place Beyond the Pines",https://www.imdb.com/title/tt1817273,Movie,7.3,140,2012,"Drama, Crime, Thriller",311828,"2013-04-19","Derek Cianfrance"
tt2547584,7,2020-02-02,"The Light Between Oceans","The Light Between Oceans",https://www.imdb.com/title/tt2547584,Movie,7.2,133,2016,"Drama, Romance",63369,"2016-09-02","Derek Cianfrance"
tt5727208,8,2020-02-01,"Uncut Gems","Uncut Gems",https://www.imdb.com/title/tt5727208,Movie,7.4,135,2019,"Drama, Crime, Thriller",360357,"2019-12-25","Benny Safdie,Josh Safdie"
tt1650062,7,2020-01-30,"Super 8","Super 8",https://www.imdb.com/title/tt1650062,Movie,7.0,112,2011,"Sci-Fi, Thriller, Action",382566,"2011-06-10","J.J. Abrams"
tt0109444,7,2020-01-27,"Clear and Present Danger","Clear and Present Danger",https://www.imdb.com/title/tt0109444,Movie,6.9,141,1994,"Drama, Crime, Thriller, Action",117488,"1994-08-03","Phillip Noyce"
tt0242527,6,2020-01-27,"The Hole","The Hole",https://www.imdb.com/title/tt0242527,Movie,6.2,102,2001,"Mystery, Drama, Thriller",50179,"2001-04-20","Nick Hamm"
tt0086190,8,2020-01-27,"Star Wars: Episode VI - Return of the Jedi","Star Wars: Episode VI - Return of the Jedi",https://www.imdb.com/title/tt0086190,Movie,8.3,131,1983,"Action, Sci-Fi, Adventure, Fantasy",1219994,"1983-05-25","Richard Marquand"
tt0080684,9,2020-01-27,"Star Wars: Episode V - The Empire Strikes Back","Star Wars: Episode V - The Empire Strikes Back",https://www.imdb.com/title/tt0080684,Movie,8.7,124,1980,"Fantasy, Sci-Fi, Adventure",1518139,"1980-06-18","Irvin Kershner"
tt0489099,5,2020-01-25,"Jumper","Jumper",https://www.imdb.com/title/tt0489099,Movie,6.1,88,2008,"Adventure, Sci-Fi, Thriller, Action",339187,"2008-02-14","Doug Liman"
tt0121765,7,2020-01-25,"Star Wars: Episode II - Attack of the Clones","Star Wars: Episode II - Attack of the Clones",https://www.imdb.com/title/tt0121765,Movie,6.6,142,2002,"Fantasy, Sci-Fi, Adventure, Action",828761,"2002-05-16","George Lucas"
tt0121766,6,2020-01-25,"Star Wars: Episode III - Revenge of the Sith","Star Wars: Episode III - Revenge of the Sith",https://www.imdb.com/title/tt0121766,Movie,7.7,140,2005,"Fantasy, Adventure, Sci-Fi, Action",931002,"2005-05-19","George Lucas"
tt0120915,7,2020-01-25,"Star Wars: Episode I - The Phantom Menace","Star Wars: Episode I - The Phantom Menace",https://www.imdb.com/title/tt0120915,Movie,6.5,136,1999,"Fantasy, Sci-Fi, Adventure, Action",935805,"1999-05-19","George Lucas"
tt6211976,6,2020-01-20,"A Vigilante","A Vigilante",https://www.imdb.com/title/tt6211976,Movie,5.7,91,2018,"Drama, Crime, Mystery, Thriller",11560,"2019-03-29","Sarah Daggar-Nickson"
tt0067185,7,2020-01-20,"Harold and Maude","Harold and Maude",https://www.imdb.com/title/tt0067185,Movie,7.8,91,1971,"Romance, Drama, Comedy",85445,"1971-12-20","Hal Ashby"
tt0093223,6,2020-01-19,"House of Games","House of Games",https://www.imdb.com/title/tt0093223,Movie,7.2,102,1987,"Drama, Crime, Thriller",25977,"1987-10-14","David Mamet"
tt3741700,6,2020-01-12,"Godzilla: King of the Monsters","Godzilla: King of the Monsters",https://www.imdb.com/title/tt3741700,Movie,6.0,132,2019,"Action, Adventure, Sci-Fi, Fantasy",231501,"2019-05-31","Michael Dougherty"
tt0154420,8,2020-01-12,"The Celebration","Festen",https://www.imdb.com/title/tt0154420,Movie,8.0,101,1998,"Drama",100532,"1998-06-19","Thomas Vinterberg"
tt4116284,6,2020-01-12,"The Lego Batman Movie","The LEGO Batman Movie",https://www.imdb.com/title/tt4116284,Movie,7.3,104,2017,"Animation, Action, Comedy, Family, Adventure, Fantasy, Sci-Fi",196487,"2017-02-10","Chris McKay"
tt6491178,6,2020-01-12,"Dragged Across Concrete","Dragged Across Concrete",https://www.imdb.com/title/tt6491178,Movie,6.9,159,2018,"Thriller, Action, Crime, Drama",62838,"2019-03-22","S. Craig Zahler"
tt0978759,7,2020-01-11,"Frozen River","Frozen River",https://www.imdb.com/title/tt0978759,Movie,7.1,97,2008,"Drama, Crime",27274,"2008-09-05","Courtney Hunt"
tt1442464,8,2020-01-11,"The Middle","The Middle",https://www.imdb.com/title/tt1442464,TV Series,7.7,22,2009,"Comedy, Family",62573,"2009-09-30",
tt1396218,6,2020-01-11,"Mr. Popper's Penguins","Mr. Popper's Penguins",https://www.imdb.com/title/tt1396218,Movie,6.0,94,2011,"Comedy, Family, Fantasy",113610,"2011-06-17","Mark Waters"
tt1231587,6,2020-01-11,"Hot Tub Time Machine","Hot Tub Time Machine",https://www.imdb.com/title/tt1231587,Movie,6.4,99,2010,"Comedy, Sci-Fi",199600,"2010-03-26","Steve Pink"
tt7401588,7,2020-01-11,"Instant Family","Instant Family",https://www.imdb.com/title/tt7401588,Movie,7.3,118,2018,"Comedy, Drama",137110,"2018-11-16","Sean Anders"
tt7456310,6,2020-01-11,"Anna","Anna",https://www.imdb.com/title/tt7456310,Movie,6.7,118,2019,"Action, Thriller, Adventure",109216,"2019-06-21","Luc Besson"
tt5952594,7,2020-01-02,"The Mustang","The Mustang",https://www.imdb.com/title/tt5952594,Movie,6.8,96,2019,"Drama",15381,"2019-06-04","Laure de Clermont-Tonnerre"
tt8107988,8,2020-01-01,"Carole & Tuesday","Kyaroru & Chûzudei",https://www.imdb.com/title/tt8107988,TV Series,7.7,22,2019,"Animation, Music, Sci-Fi, Drama",2988,"2019-04-10",
tt5052474,6,2020-01-01,"Sicario: Day of the Soldado","Sicario: Day of the Soldado",https://www.imdb.com/title/tt5052474,Movie,7.1,122,2018,"Action, Crime, Drama, Thriller, Mystery",194009,"2018-06-29","Stefano Sollima"
tt7798634,6,2020-01-01,"Ready or Not","Ready or Not",https://www.imdb.com/title/tt7798634,Movie,6.9,95,2019,"Horror, Mystery, Comedy",261719,"2019-08-21","Matt Bettinelli-Olpin,Tyler Gillett"
tt11318602,7,2019-12-29,"Don't F**k with Cats: Hunting an Internet Killer","Don't Fuck with Cats: Hunting an Internet Killer",https://www.imdb.com/title/tt11318602,TV Mini Series,8.0,60,2019,"Documentary, Crime, Mystery",70247,"2019-12-18",
tt0112697,7,2019-12-28,"Clueless","Clueless",https://www.imdb.com/title/tt0112697,Movie,6.9,97,1995,"Romance, Comedy",281130,"1995-07-19","Amy Heckerling"
tt0309698,8,2019-12-28,"Identity","Identity",https://www.imdb.com/title/tt0309698,Movie,7.3,90,2003,"Thriller, Mystery",296094,"2003-04-25","James Mangold"
tt0358273,8,2019-12-28,"Walk the Line","Walk the Line",https://www.imdb.com/title/tt0358273,Movie,7.8,136,2005,"Drama, Music, Biography, Romance",282008,"2005-11-18","James Mangold"
tt1013743,6,2019-12-28,"Knight and Day","Knight and Day",https://www.imdb.com/title/tt1013743,Movie,6.3,109,2010,"Comedy, Action, Adventure",225916,"2010-06-23","James Mangold"
tt0172493,8,2019-12-28,"Girl, Interrupted","Girl, Interrupted",https://www.imdb.com/title/tt0172493,Movie,7.3,127,1999,"Biography, Drama",235938,"2000-01-14","James Mangold"
tt1409024,7,2019-12-28,"Men in Black 3","Men in Black³",https://www.imdb.com/title/tt1409024,Movie,6.8,106,2012,"Action, Comedy, Sci-Fi, Adventure",414617,"2012-05-25","Barry Sonnenfeld"
tt2283336,5,2019-12-28,"Men in Black: International","Men in Black: International",https://www.imdb.com/title/tt2283336,Movie,5.6,114,2019,"Comedy, Sci-Fi, Action, Adventure",162128,"2019-06-14","F. Gary Gray"
tt2140507,6,2019-12-26,"The Current War","The Current War",https://www.imdb.com/title/tt2140507,Movie,6.5,102,2017,"Drama, Biography, History",33543,"2019-10-25","Alfonso Gomez-Rejon"
tt0903657,6,2019-12-24,"Love & Mercy","Love & Mercy",https://www.imdb.com/title/tt0903657,Movie,7.4,121,2014,"Biography, Drama, Music",45929,"2015-06-19","Bill Pohlad"
tt0078872,8,2019-12-24,"The Black Stallion","The Black Stallion",https://www.imdb.com/title/tt0078872,Movie,7.4,118,1979,"Sport, Family, Adventure",15471,"1979-10-17","Carroll Ballard"
tt0079417,8,2019-12-24,"Kramer vs. Kramer","Kramer vs. Kramer",https://www.imdb.com/title/tt0079417,Movie,7.8,105,1979,"Drama",167542,"1979-12-19","Robert Benton"
tt0452625,6,2019-12-22,"Good Luck Chuck","Good Luck Chuck",https://www.imdb.com/title/tt0452625,Movie,5.6,96,2007,"Comedy, Romance",99719,"2007-09-21","Mark Helfrich"
tt2265171,8,2019-12-21,"The Raid 2","Serbuan maut 2: Berandal",https://www.imdb.com/title/tt2265171,Movie,7.9,150,2014,"Action, Thriller, Crime",140231,"2014-04-11","Gareth Evans"
tt1899353,8,2019-12-21,"The Raid: Redemption","Serbuan maut",https://www.imdb.com/title/tt1899353,Movie,7.6,101,2011,"Action, Thriller, Crime",232518,"2012-04-13","Gareth Evans"
tt0120812,7,2019-12-21,"Rush Hour","Rush Hour",https://www.imdb.com/title/tt0120812,Movie,7.1,98,1998,"Thriller, Crime, Comedy, Action",333549,"1998-09-18","Brett Ratner"
tt0187078,8,2019-12-21,"Gone in 60 Seconds","Gone in Sixty Seconds",https://www.imdb.com/title/tt0187078,Movie,6.5,118,2000,"Thriller, Crime, Action",311904,"2000-06-09","Dominic Sena"
tt0386588,7,2019-12-21,"Hitch","Hitch",https://www.imdb.com/title/tt0386588,Movie,6.6,118,2005,"Comedy, Romance",351165,"2005-02-11","Andy Tennant"
tt0448157,6,2019-12-21,"Hancock","Hancock",https://www.imdb.com/title/tt0448157,Movie,6.4,92,2008,"Action, Comedy, Fantasy, Drama",542389,"2008-07-02","Peter Berg"
tt0120912,6,2019-12-21,"Men in Black II","Men in Black II",https://www.imdb.com/title/tt0120912,Movie,6.2,88,2002,"Adventure, Mystery, Sci-Fi, Comedy, Action",434892,"2002-07-03","Barry Sonnenfeld"
tt0119654,8,2019-12-21,"Men in Black","Men in Black",https://www.imdb.com/title/tt0119654,Movie,7.3,98,1997,"Adventure, Action, Sci-Fi, Comedy",669455,"1997-07-02","Barry Sonnenfeld"
tt0172156,6,2019-12-21,"Bad Boys II","Bad Boys II",https://www.imdb.com/title/tt0172156,Movie,6.6,147,2003,"Crime, Thriller, Comedy, Action",290152,"2003-07-18","Michael Bay"
tt3422078,7,2019-12-20,"April and the Extraordinary World","Avril et le monde truqué",https://www.imdb.com/title/tt3422078,Movie,7.3,105,2015,"Animation, Adventure, Comedy, Mystery, Fantasy, Drama, Sci-Fi, Family",9106,"2016-04-08","Christian Desmares,Franck Ekinci"
tt0110148,7,2019-12-19,"Interview with the Vampire: The Vampire Chronicles","Interview with the Vampire: The Vampire Chronicles",https://www.imdb.com/title/tt0110148,Movie,7.5,123,1994,"Horror, Drama, Fantasy",379602,"1994-11-11","Neil Jordan"
tt11269714,7,2019-12-19,"Who Killed Little Gregory?","Grégory",https://www.imdb.com/title/tt11269714,TV Mini Series,7.4,60,2019,"Documentary, Crime",3576,"2019-11-20",
tt0365830,7,2019-12-15,"Tenacious D in the Pick of Destiny","Tenacious D in The Pick of Destiny",https://www.imdb.com/title/tt0365830,Movie,6.8,94,2006,"Musical, Comedy, Adventure, Music",120185,"2006-11-22","Liam Lynch"
tt0415306,5,2019-12-15,"Talladega Nights: The Ballad of Ricky Bobby","Talladega Nights: The Ballad of Ricky Bobby",https://www.imdb.com/title/tt0415306,Movie,6.6,108,2006,"Comedy, Sport",215991,"2006-08-04","Adam McKay"
tt1135503,7,2019-12-15,"Julie & Julia","Julie & Julia",https://www.imdb.com/title/tt1135503,Movie,7.0,123,2009,"Biography, Drama, Romance",137157,"2009-08-07","Nora Ephron"
tt2649356,9,2019-12-15,"Sharp Objects","Sharp Objects",https://www.imdb.com/title/tt2649356,TV Mini Series,8.0,60,2018,"Drama, Thriller, Crime, Mystery",140579,"2018-07-08",
tt6738136,6,2019-12-13,"Revenge","Revenge",https://www.imdb.com/title/tt6738136,Movie,6.4,108,2017,"Action, Thriller, Drama, Horror",66281,"2018-05-11","Coralie Fargeat"
tt1615065,6,2019-12-11,"Savages","Savages",https://www.imdb.com/title/tt1615065,Movie,6.4,131,2012,"Crime, Thriller, Drama",139130,"2012-07-06","Oliver Stone"
tt6597824,7,2019-12-09,"Madre","Madre",https://www.imdb.com/title/tt6597824,Short,7.4,19,2017,"Short, Drama, Thriller",2301,"2020-04-22","Rodrigo Sorogoyen"
tt7375186,6,2019-12-09,"Weekends","Weekends",https://www.imdb.com/title/tt7375186,Short,7.2,15,2017,"Animation, Short, Drama, Fantasy",1689,"2018-04-15","Trevor Jimenez"
tt7332306,8,2019-12-09,"Skin","Skin",https://www.imdb.com/title/tt7332306,Short,7.1,21,2018,"Short, Drama, Thriller",6076,"2018-08","Guy Nattiv"
tt2896036,6,2019-12-09,"Living Is Easy with Eyes Closed","Vivir es fácil con los ojos cerrados",https://www.imdb.com/title/tt2896036,Movie,7.0,108,2013,"Comedy, Drama",6895,"2013-10-31","David Trueba"
tt8615478,7,2019-12-09,"Animal Behaviour","Animal Behaviour",https://www.imdb.com/title/tt8615478,Short,6.5,14,2018,"Animation, Short, Comedy",2073,"2019-02-08","David Fine,Alison Snowden"
tt7077824,8,2019-12-09,"Late Afternoon","Late Afternoon",https://www.imdb.com/title/tt7077824,Short,7.4,9,2017,"Animation, Short, Drama, Family, Fantasy",2153,"2019-12-31","Louise Bagnall"
tt6067832,7,2019-12-09,"Batman & Bill","Batman & Bill",https://www.imdb.com/title/tt6067832,Movie,7.9,93,2017,"Animation, Documentary, Mystery",2491,"2017-05-06","Don Argott,Sheena M. Joyce"
tt5613484,8,2019-12-09,"Mid90s","Mid90s",https://www.imdb.com/title/tt5613484,Movie,7.4,85,2018,"Comedy, Drama",89352,"2018-10-26","Jonah Hill"
tt6217608,8,2019-12-08,"The Rider","The Rider",https://www.imdb.com/title/tt6217608,Movie,7.4,104,2017,"Drama, Western",22304,"2018-04-13","Chloé Zhao"
tt1054588,7,2019-12-08,"Flash of Genius","Flash of Genius",https://www.imdb.com/title/tt1054588,Movie,7.0,119,2008,"Drama, Biography",18396,"2008-10-03","Marc Abraham"
tt0053125,7,2019-12-08,"North by Northwest","North by Northwest",https://www.imdb.com/title/tt0053125,Movie,8.3,136,1959,"Mystery, Adventure, Drama, Thriller",370741,"1959-12-18","Alfred Hitchcock"
tt2125608,8,2019-12-07,"Searching for Sugar Man","Searching for Sugar Man",https://www.imdb.com/title/tt2125608,Movie,8.2,86,2012,"Documentary, Biography, Music, Mystery",76699,"2012-07-26","Malik Bendjelloul"
tt0238112,6,2019-12-05,"Captain Corelli's Mandolin","Captain Corelli's Mandolin",https://www.imdb.com/title/tt0238112,Movie,5.9,131,2001,"Music, Romance, Drama, War",37540,"2001-08-17","John Madden"
tt1226753,6,2019-12-05,"The Debt","The Debt",https://www.imdb.com/title/tt1226753,Movie,6.8,113,2010,"Thriller, Drama",74609,"2011-08-31","John Madden"
tt5968394,6,2019-12-05,"Captive State","Captive State",https://www.imdb.com/title/tt5968394,Movie,6.0,109,2019,"Sci-Fi, Thriller",60699,"2019-03-15","Rupert Wyatt"
tt5723286,6,2019-12-04,"Wheelman","Wheelman",https://www.imdb.com/title/tt5723286,Movie,6.4,82,2017,"Action, Thriller",23924,"2017-10-20","Jeremy Rush"
tt0144214,6,2019-12-03,"The General's Daughter","The General's Daughter",https://www.imdb.com/title/tt0144214,Movie,6.4,116,1999,"Crime, Drama, Thriller, Mystery",68995,"1999-06-18","Simon West"
tt3450958,7,2019-11-26,"War for the Planet of the Apes","War for the Planet of the Apes",https://www.imdb.com/title/tt3450958,Movie,7.4,140,2017,"Action, Drama, Sci-Fi, Adventure, Thriller",329241,"2017-07-14","Matt Reeves"
tt8128188,6,2019-11-26,"High Flying Bird","High Flying Bird",https://www.imdb.com/title/tt8128188,Movie,6.2,90,2019,"Drama, Sport",9738,"2019-02-08","Steven Soderbergh"
tt1631867,8,2019-11-25,"Edge of Tomorrow","Edge of Tomorrow",https://www.imdb.com/title/tt1631867,Movie,7.9,113,2014,"Action, Sci-Fi, Adventure",812290,"2014-06-06","Doug Liman"
tt6116856,6,2019-11-25,"The Night Comes for Us","The Night Comes for Us",https://www.imdb.com/title/tt6116856,Movie,6.9,121,2018,"Action, Thriller, Crime",33436,"2018-10-19","Timo Tjahjanto"
tt1915581,6,2019-11-25,"Magic Mike","Magic Mike",https://www.imdb.com/title/tt1915581,Movie,6.1,110,2012,"Comedy, Drama, Music",153218,"2012-06-29","Steven Soderbergh"
tt0452624,6,2019-11-25,"The Good German","The Good German",https://www.imdb.com/title/tt0452624,Movie,6.0,105,2006,"Drama, Mystery, Thriller, Romance, War",27062,"2007-01-19","Steven Soderbergh"
tt1130080,6,2019-11-25,"The Informant!","The Informant!",https://www.imdb.com/title/tt1130080,Movie,6.5,108,2009,"Drama, Comedy, Crime, Biography",70167,"2009-09-18","Steven Soderbergh"
tt1598778,7,2019-11-25,"Contagion","Contagion",https://www.imdb.com/title/tt1598778,Movie,6.8,106,2011,"Thriller, Drama",333080,"2011-09-09","Steven Soderbergh"
tt0195685,7,2019-11-25,"Erin Brockovich","Erin Brockovich",https://www.imdb.com/title/tt0195685,Movie,7.5,131,2000,"Biography, Drama",248793,"2000-03-17","Steven Soderbergh"
tt7984766,7,2019-11-24,"The King","The King",https://www.imdb.com/title/tt7984766,Movie,7.3,140,2019,"Drama, Biography, History, War",181626,"2019-11-01","David Michôd"
tt1403981,6,2019-11-24,"Remember Me","Remember Me",https://www.imdb.com/title/tt1403981,Movie,7.1,113,2010,"Drama, Romance",165388,"2010-03-12","Allen Coulter"
tt1099212,5,2019-11-24,"Twilight","Twilight",https://www.imdb.com/title/tt1099212,Movie,5.4,122,2008,"Romance, Fantasy, Drama",532042,"2008-11-21","Catherine Hardwicke"
tt1067583,6,2019-11-24,"Water for Elephants","Water for Elephants",https://www.imdb.com/title/tt1067583,Movie,6.9,120,2011,"Drama, Romance",124440,"2011-04-22","Francis Lawrence"
tt0291172,8,2019-11-23,"The Son","Le fils",https://www.imdb.com/title/tt0291172,Movie,7.5,103,2002,"Mystery, Drama",10615,"2002-10-09","Jean-Pierre Dardenne,Luc Dardenne"
tt0275719,8,2019-11-23,"Tape","Tape",https://www.imdb.com/title/tt0275719,Movie,7.2,86,2001,"Drama",22349,"2002-07-12","Richard Linklater"
tt9135854,7,2019-11-19,"Take the Ball, Pass the Ball: The Making of the Greatest Team in the World","Take the Ball, Pass the Ball: The Making of the Greatest Team in the World",https://www.imdb.com/title/tt9135854,Movie,7.9,109,2018,"Documentary, Sport",3723,"2018-11-05","Duncan McMath"
tt6348138,5,2019-11-18,"Missing Link","Missing Link",https://www.imdb.com/title/tt6348138,Movie,6.7,94,2019,"Animation, Adventure, Comedy, Family, Fantasy",31131,"2019-04-12","Chris Butler"
tt8783042,7,2019-11-18,"One Small Step","One Small Step",https://www.imdb.com/title/tt8783042,Short,7.4,8,2018,"Animation, Short, Adventure, Family, Fantasy",3140,"2019-11-07","Andrew Chesworth,Bobby Pontillas"
tt6267732,7,2019-11-18,"Lou","Lou",https://www.imdb.com/title/tt6267732,Short,7.7,7,2017,"Animation, Short, Family, Fantasy, Comedy",9203,"2017-06-16","Dave Mullins"
tt7090150,7,2019-11-18,"Negative Space","Negative Space",https://www.imdb.com/title/tt7090150,Short,7.4,5,2017,"Animation, Short, Drama",2849,"2017-06-13","Ru Kuwahata,Max Porter"
tt6768578,7,2019-11-18,"Dogman","Dogman",https://www.imdb.com/title/tt6768578,Movie,7.2,103,2018,"Drama, Crime, Thriller",31825,"2019-04-12","Matteo Garrone"
tt6146586,7,2019-11-17,"John Wick: Chapter 3 - Parabellum","John Wick: Chapter 3 - Parabellum",https://www.imdb.com/title/tt6146586,Movie,7.4,130,2019,"Action, Thriller, Crime",486044,"2019-05-17","Chad Stahelski"
tt1379182,6,2019-11-17,"Dogtooth","Kynodontas",https://www.imdb.com/title/tt1379182,Movie,7.1,97,2009,"Drama, Thriller",124456,"2009-11-11","Yorgos Lanthimos"
tt0109424,8,2019-11-17,"Chungking Express","Chung Hing sam lam",https://www.imdb.com/title/tt0109424,Movie,7.9,102,1994,"Crime, Comedy, Mystery, Romance, Drama",113041,"1996-03-08","Wong Kar-Wai"
tt0765120,6,2019-11-17,"My Blueberry Nights","My Blueberry Nights",https://www.imdb.com/title/tt0765120,Movie,6.6,95,2007,"Romance, Drama",58979,"2007-11-28","Wong Kar-Wai"
tt0473444,7,2019-11-17,"Curse of the Golden Flower","Man cheng jin dai huang jin jia",https://www.imdb.com/title/tt0473444,Movie,7.0,114,2006,"Drama, Romance, Action",47691,"2007-01-12","Yimou Zhang"
tt0299977,8,2019-11-17,"Hero","Ying xiong",https://www.imdb.com/title/tt0299977,Movie,7.9,94,2002,"Adventure, Drama, Action",195066,"2004-08-27","Yimou Zhang"
tt0385004,8,2019-11-17,"House of Flying Daggers","Shi mian mai fu",https://www.imdb.com/title/tt0385004,Movie,7.5,119,2004,"Action, Drama, Romance, Adventure",120198,"2005-01-14","Yimou Zhang"
tt1234654,6,2019-11-16,"Greenberg","Greenberg",https://www.imdb.com/title/tt1234654,Movie,6.1,107,2010,"Comedy, Drama, Romance",40405,"2010-03-26","Noah Baumbach"
tt0757361,6,2019-11-16,"Margot at the Wedding","Margot at the Wedding",https://www.imdb.com/title/tt0757361,Movie,6.0,91,2007,"Comedy, Drama",23583,"2008-02-21","Noah Baumbach"
tt2310332,7,2019-11-16,"The Hobbit: The Battle of the Five Armies","The Hobbit: The Battle of the Five Armies",https://www.imdb.com/title/tt2310332,Movie,7.4,144,2014,"Adventure, Fantasy",623234,"2014-12-17","Peter Jackson"
tt0462570,8,2019-11-14,"On Probation","Tiempo de valientes",https://www.imdb.com/title/tt0462570,Movie,7.5,112,2005,"Action, Comedy, Crime, Drama, Mystery",7987,"2005-09-29","Damián Szifron"
tt0423866,9,2019-11-13,"3-Iron","Binjip",https://www.imdb.com/title/tt0423866,Movie,7.9,88,2004,"Drama, Romance, Crime",61665,"2004-10-15","Kim Ki-duk"
tt0374546,9,2019-11-13,"Spring, Summer, Fall, Winter... and Spring","Bom yeoreum gaeul gyeoul geurigo bom",https://www.imdb.com/title/tt0374546,Movie,8.0,103,2003,"Drama, Romance",91315,"2004-05-28","Kim Ki-duk"
tt0497986,7,2019-11-13,"Time","Shigan",https://www.imdb.com/title/tt0497986,Movie,7.1,97,2006,"Drama, Romance, Mystery",13366,"2006-08-10","Kim Ki-duk"
tt8526872,7,2019-11-11,"Dolemite Is My Name","Dolemite Is My Name",https://www.imdb.com/title/tt8526872,Movie,7.2,118,2019,"Biography, Drama, Comedy",68446,"2019-10-25","Craig Brewer"
tt11131032,5,2019-11-04,"League of Legends Origins","League of Legends Origins",https://www.imdb.com/title/tt11131032,Movie,6.6,77,2019,"Documentary",1109,"2019-10-16","Leslie Iwerks"
tt0092965,9,2019-11-04,"Empire of the Sun","Empire of the Sun",https://www.imdb.com/title/tt0092965,Movie,7.7,153,1987,"Drama, War",144438,"1987-12-25","Steven Spielberg"
tt0112950,6,2019-11-04,"Empire Records","Empire Records",https://www.imdb.com/title/tt0112950,Movie,6.7,90,1995,"Music, Romance, Drama, Comedy",71787,"1995-10-20","Allan Moyle"
tt0120623,7,2019-11-04,"A Bug's Life","A Bug's Life",https://www.imdb.com/title/tt0120623,Movie,7.2,95,1998,"Animation, Adventure, Comedy, Family",340194,"1998-11-25","John Lasseter,Andrew Stanton"
tt0120746,6,2019-11-04,"The Mask of Zorro","The Mask of Zorro",https://www.imdb.com/title/tt0120746,Movie,6.8,136,1998,"Comedy, Thriller, Drama, Romance, Adventure, Western, Action",211598,"1998-07-17","Martin Campbell"
tt0120889,7,2019-11-04,"What Dreams May Come","What Dreams May Come",https://www.imdb.com/title/tt0120889,Movie,7.0,113,1998,"Romance, Drama, Fantasy",121427,"1998-10-02","Vincent Ward"
tt0140888,8,2019-11-04,"Central Station","Central do Brasil",https://www.imdb.com/title/tt0140888,Movie,8.0,110,1998,"Drama",51332,"1998-11-20","Walter Salles"
tt0138097,8,2019-11-04,"Shakespeare in Love","Shakespeare in Love",https://www.imdb.com/title/tt0138097,Movie,7.1,123,1998,"Drama, History, Romance, Comedy",243944,"1999-01-08","John Madden"
tt5113040,6,2019-11-04,"The Secret Life of Pets 2","The Secret Life of Pets 2",https://www.imdb.com/title/tt5113040,Movie,6.4,86,2019,"Animation, Comedy, Family, Adventure",79544,"2019-06-07","Chris Renaud,Jonathan del Val"
tt7286456,9,2019-11-02,"Joker","Joker",https://www.imdb.com/title/tt7286456,Movie,8.3,122,2019,"Drama",1716688,"2019-10-04","Todd Phillips"
tt1226271,7,2019-11-02,"The Damned United","The Damned United",https://www.imdb.com/title/tt1226271,Movie,7.5,98,2009,"Drama, Sport, Biography",48719,"2009-03-27","Tom Hooper"
tt0385002,7,2019-11-02,"Green Street Hooligans","Green Street",https://www.imdb.com/title/tt0385002,Movie,7.4,109,2005,"Drama, Crime, Sport, War",172426,"2005-09-09","Lexi Alexander"
tt6139732,7,2019-11-02,"Aladdin","Aladdin",https://www.imdb.com/title/tt6139732,Movie,6.9,128,2019,"Musical, Adventure, Fantasy, Romance, Family, Comedy",318052,"2019-05-24","Guy Ritchie"
tt0398808,7,2019-10-30,"Bridge to Terabithia","Bridge to Terabithia",https://www.imdb.com/title/tt0398808,Movie,7.2,96,2007,"Family, Drama, Fantasy",193726,"2007-02-16","Gabor Csupo"
tt0405422,8,2019-10-28,"The 40-Year-Old Virgin","The 40 Year Old Virgin",https://www.imdb.com/title/tt0405422,Movie,7.1,116,2005,"Comedy, Romance",506202,"2005-08-19","Judd Apatow"
tt2452386,6,2019-10-28,"The Fundamentals of Caring","The Fundamentals of Caring",https://www.imdb.com/title/tt2452386,Movie,7.3,97,2016,"Drama, Comedy",87889,"2016-06-24","Rob Burnett"
tt0478311,7,2019-10-28,"Knocked Up","Knocked Up",https://www.imdb.com/title/tt0478311,Movie,6.9,129,2007,"Comedy, Romance",401688,"2007-06-01","Judd Apatow"
tt1155056,7,2019-10-28,"I Love You, Man","I Love You, Man",https://www.imdb.com/title/tt1155056,Movie,7.0,105,2009,"Comedy, Romance",226638,"2009-03-20","John Hamburg"
tt1637706,6,2019-10-28,"Our Idiot Brother","Our Idiot Brother",https://www.imdb.com/title/tt1637706,Movie,6.4,90,2011,"Comedy, Drama",92725,"2011-08-26","Jesse Peretz"
tt2333784,5,2019-10-28,"The Expendables 3","The Expendables 3",https://www.imdb.com/title/tt2333784,Movie,6.1,126,2014,"Action, Adventure, Thriller",207237,"2014-08-15","Patrick Hughes"
tt1413495,5,2019-10-28,"Paranoia","Paranoia",https://www.imdb.com/title/tt1413495,Movie,5.6,106,2013,"Drama, Thriller",40425,"2013-08-16","Robert Luketic"
tt0408345,5,2019-10-28,"Firewall","Firewall",https://www.imdb.com/title/tt0408345,Movie,5.8,105,2006,"Crime, Thriller",61526,"2006-02-10","Richard Loncraine"
tt0267626,7,2019-10-28,"K-19: The Widowmaker","K-19: The Widowmaker",https://www.imdb.com/title/tt0267626,Movie,6.7,138,2002,"History, War, Drama, Thriller",72716,"2002-07-19","Kathryn Bigelow"
tt0161081,7,2019-10-28,"What Lies Beneath","What Lies Beneath",https://www.imdb.com/title/tt0161081,Movie,6.6,130,2000,"Drama, Horror, Thriller, Mystery",146474,"2000-07-21","Robert Zemeckis"
tt0118571,6,2019-10-28,"Air Force One","Air Force One",https://www.imdb.com/title/tt0118571,Movie,6.6,124,1997,"Drama, Crime, Thriller, Action",225403,"1997-07-25","Wolfgang Petersen"
tt0105112,8,2019-10-28,"Patriot Games","Patriot Games",https://www.imdb.com/title/tt0105112,Movie,6.8,117,1992,"Thriller, Action",129217,"1992-06-05","Phillip Noyce"
tt0091557,6,2019-10-28,"The Mosquito Coast","The Mosquito Coast",https://www.imdb.com/title/tt0091557,Movie,6.6,117,1986,"Thriller, Drama, Adventure",33892,"1986-11-26","Peter Weir"
tt0106977,8,2019-10-28,"The Fugitive","The Fugitive",https://www.imdb.com/title/tt0106977,Movie,7.8,130,1993,"Crime, Action, Mystery, Drama, Thriller",349248,"1993-08-06","Andrew Davis"
tt5363918,7,2019-10-28,"Disenchantment","Disenchantment",https://www.imdb.com/title/tt5363918,TV Series,7.2,30,2018,"Animation, Comedy, Fantasy, Adventure, Action, Horror, Romance, Sci-Fi",80900,"2018-08-17",
tt0060827,8,2019-10-27,"Persona","Persona",https://www.imdb.com/title/tt0060827,Movie,8.0,83,1966,"Thriller, Drama",141674,"1967-03-16","Ingmar Bergman"
tt1677720,7,2019-10-26,"Ready Player One","Ready Player One",https://www.imdb.com/title/tt1677720,Movie,7.4,140,2018,"Sci-Fi, Action, Adventure",548668,"2018-03-29","Steven Spielberg"
tt5104604,7,2019-10-26,"Isle of Dogs","Isle of Dogs",https://www.imdb.com/title/tt5104604,Movie,7.8,101,2018,"Animation, Comedy, Adventure, Drama, Sci-Fi, Fantasy",213675,"2018-04-13","Wes Anderson"
tt8075192,8,2019-10-26,"Shoplifters","Manbiki kazoku",https://www.imdb.com/title/tt8075192,Movie,7.9,121,2018,"Drama, Crime, Thriller",96246,"2018-11-23","Hirokazu Koreeda"
tt1979376,8,2019-10-26,"Toy Story 4","Toy Story 4",https://www.imdb.com/title/tt1979376,Movie,7.6,100,2019,"Animation, Comedy, Fantasy, Family, Adventure",326966,"2019-06-21","Josh Cooley"
tt0072443,6,2019-10-22,"The Mirror","Zerkalo",https://www.imdb.com/title/tt0072443,Movie,7.9,107,1975,"Biography, Drama",58220,"1975-03-07","Andrei Tarkovsky"
tt0808399,6,2019-10-22,"New York, I Love You","New York, I Love You",https://www.imdb.com/title/tt0808399,Movie,6.2,103,2008,"Romance, Drama, Comedy",50204,"2009-10-16","Mira Nair,Fatih Akin,Yvan Attal,Randall Balsmeyer,Allen Hughes,Shunji Iwai,Wen Jiang,Shekhar Kapur,Joshua Marston,Natalie Portman,Brett Ratner"
tt0443456,6,2019-10-22,"Breaking and Entering","Breaking and Entering",https://www.imdb.com/title/tt0443456,Movie,6.5,120,2006,"Drama, Romance, Crime",23834,"2006-11-10","Anthony Minghella"
tt0134119,8,2019-10-22,"The Talented Mr. Ripley","The Talented Mr. Ripley",https://www.imdb.com/title/tt0134119,Movie,7.4,139,1999,"Crime, Drama, Thriller",274743,"1999-12-25","Anthony Minghella"
tt0159365,7,2019-10-22,"Cold Mountain","Cold Mountain",https://www.imdb.com/title/tt0159365,Movie,7.2,154,2003,"Adventure, Romance, Drama, War",164968,"2003-12-25","Anthony Minghella"
tt0326835,6,2019-10-20,"Dot the I","Dot the I",https://www.imdb.com/title/tt0326835,Movie,6.7,92,2003,"Romance, Thriller, Drama",9181,"2003-10-31","Matthew Parkhill"
tt0041959,8,2019-10-20,"The Third Man","The Third Man",https://www.imdb.com/title/tt0041959,Movie,8.1,104,1949,"Film-Noir, Drama, Thriller, Mystery",196818,"1950-02-01","Carol Reed"
tt0078718,8,2019-10-20,"And Justice for All","...And Justice for All",https://www.imdb.com/title/tt0078718,Movie,7.4,119,1979,"Crime, Drama, Thriller",46335,"1979-10-19","Norman Jewison"
tt1148204,7,2019-10-20,"Orphan","Orphan",https://www.imdb.com/title/tt1148204,Movie,7.0,123,2009,"Thriller, Mystery, Horror",279834,"2009-07-24","Jaume Collet-Serra"
tt1981107,6,2019-10-19,"The Young and Prodigious T.S. Spivet","The Young and Prodigious T.S. Spivet",https://www.imdb.com/title/tt1981107,Movie,7.0,105,2013,"Adventure, Drama, Family, Comedy",21644,"2015-07-31","Jean-Pierre Jeunet"
tt0075968,7,2019-10-16,"The Duellists","The Duellists",https://www.imdb.com/title/tt0075968,Movie,7.4,100,1977,"Drama, War",28787,"1978-01-13","Ridley Scott"
tt8267604,8,2019-10-14,"Capernaum","Capharnaüm",https://www.imdb.com/title/tt8267604,Movie,8.4,126,2018,"Drama",126151,"2018-09-20","Nadine Labaki"
tt1510906,7,2019-10-13,"Third Star","Third Star",https://www.imdb.com/title/tt1510906,Movie,7.2,92,2010,"Drama",7807,"2011-06-25","Hattie Dalton"
tt5247022,6,2019-10-13,"Paterson","Paterson",https://www.imdb.com/title/tt5247022,Movie,7.3,118,2016,"Drama, Comedy, Romance",96278,"2016-12-28","Jim Jarmusch"
tt1033575,7,2019-10-12,"The Descendants","The Descendants",https://www.imdb.com/title/tt1033575,Movie,7.3,115,2011,"Drama, Comedy",260549,"2011-12-09","Alexander Payne"
tt0821640,5,2019-10-12,"Ghosts of Girlfriends Past","Ghosts of Girlfriends Past",https://www.imdb.com/title/tt0821640,Movie,5.8,100,2009,"Comedy, Romance, Fantasy",100630,"2009-05-01","Mark Waters"
tt0166924,8,2019-10-12,"Mulholland Drive","Mulholland Dr.",https://www.imdb.com/title/tt0166924,Movie,7.9,147,2001,"Drama, Thriller, Mystery",432332,"2001-10-19","David Lynch"
tt0387564,8,2019-10-12,"Saw","Saw",https://www.imdb.com/title/tt0387564,Movie,7.6,103,2004,"Mystery, Horror, Thriller",515168,"2004-10-29","James Wan"
tt0118880,7,2019-10-12,"Con Air","Con Air",https://www.imdb.com/title/tt0118880,Movie,6.9,115,1997,"Crime, Thriller, Action",341867,"1997-06-06","Simon West"
tt3830162,7,2019-10-11,"A War","Krigen",https://www.imdb.com/title/tt3830162,Movie,7.0,115,2015,"War, Drama, Crime, Thriller",11699,"2015-09-10","Tobias Lindholm"
tt9398640,6,2019-10-11,"Between Two Ferns: The Movie","Between Two Ferns: The Movie",https://www.imdb.com/title/tt9398640,Movie,6.1,82,2019,"Comedy",39404,"2019-09-20","Scott Aukerman"
tt9243946,7,2019-10-11,"El Camino","El Camino",https://www.imdb.com/title/tt9243946,Movie,7.3,122,2019,"Drama, Crime, Thriller",350243,"2019-10-11","Vince Gilligan"
tt0119217,9,2019-10-11,"Good Will Hunting","Good Will Hunting",https://www.imdb.com/title/tt0119217,Movie,8.4,126,1997,"Romance, Drama",1235021,"1998-01-09","Gus Van Sant"
tt3460252,7,2019-10-08,"The Hateful Eight","The Hateful Eight",https://www.imdb.com/title/tt3460252,Movie,7.8,168,2015,"Western, Drama, Thriller, Mystery, Crime",728316,"2015-12-30","Quentin Tarantino"
tt0091949,7,2019-10-07,"Short Circuit","Short Circuit",https://www.imdb.com/title/tt0091949,Movie,6.6,98,1986,"Sci-Fi, Family, Comedy",71235,"1986-05-09","John Badham"
tt0076666,7,2019-10-07,"Saturday Night Fever","Saturday Night Fever",https://www.imdb.com/title/tt0076666,Movie,6.8,119,1977,"Music, Drama",95546,"1977-12-16","John Badham"
tt0102057,7,2019-10-06,"Hook","Hook",https://www.imdb.com/title/tt0102057,Movie,6.8,142,1991,"Comedy, Adventure, Family, Fantasy",293854,"1991-12-11","Steven Spielberg"
tt0116209,8,2019-10-06,"The English Patient","The English Patient",https://www.imdb.com/title/tt0116209,Movie,7.4,162,1996,"War, Romance, Drama",214790,"1996-12-06","Anthony Minghella"
tt0104797,8,2019-10-06,"Malcolm X","Malcolm X",https://www.imdb.com/title/tt0104797,Movie,7.7,202,1992,"Biography, History, Drama",112094,"1992-11-18","Spike Lee"
tt0107818,8,2019-10-06,"Philadelphia","Philadelphia",https://www.imdb.com/title/tt0107818,Movie,7.7,125,1993,"Drama",276015,"1994-01-14","Jonathan Demme"
tt0102138,8,2019-10-06,"JFK","JFK",https://www.imdb.com/title/tt0102138,Movie,8.0,189,1991,"History, Drama, Thriller",182948,"1991-12-20","Oliver Stone"
tt0120689,9,2019-10-06,"The Green Mile","The Green Mile",https://www.imdb.com/title/tt0120689,Movie,8.6,189,1999,"Crime, Fantasy, Mystery, Drama",1578022,"1999-12-10","Frank Darabont"
tt0120663,8,2019-10-06,"Eyes Wide Shut","Eyes Wide Shut",https://www.imdb.com/title/tt0120663,Movie,7.5,159,1999,"Mystery, Drama, Thriller",435622,"1999-07-16","Stanley Kubrick"
tt0117705,6,2019-10-06,"Space Jam","Space Jam",https://www.imdb.com/title/tt0117705,Movie,6.5,88,1996,"Animation, Sport, Fantasy, Sci-Fi, Comedy, Family, Adventure",230896,"1996-11-15","Joe Pytka"
tt0156887,8,2019-10-06,"Perfect Blue","Perfect Blue",https://www.imdb.com/title/tt0156887,Movie,8.0,82,1997,"Animation, Mystery, Crime, Drama, Thriller",125611,"1998-02-28","Satoshi Kon"
tt0116629,8,2019-10-06,"Independence Day","Independence Day",https://www.imdb.com/title/tt0116629,Movie,7.0,145,1996,"Adventure, Sci-Fi, Action",653240,"1996-07-03","Roland Emmerich"
tt0120591,7,2019-10-06,"Armageddon","Armageddon",https://www.imdb.com/title/tt0120591,Movie,6.7,151,1998,"Adventure, Sci-Fi, Thriller, Action",482535,"1998-07-01","Michael Bay"
tt0112442,7,2019-10-06,"Bad Boys","Bad Boys",https://www.imdb.com/title/tt0112442,Movie,6.8,119,1995,"Crime, Thriller, Comedy, Action",317940,"1995-04-07","Michael Bay"
tt0159097,8,2019-10-06,"The Virgin Suicides","The Virgin Suicides",https://www.imdb.com/title/tt0159097,Movie,7.2,97,1999,"Romance, Drama",187932,"2000-05-19","Sofia Coppola"
tt0104815,7,2019-10-06,"El Mariachi","El mariachi",https://www.imdb.com/title/tt0104815,Movie,6.8,81,1992,"Crime, Thriller, Action",75173,"1993-02-26","Robert Rodriguez"
tt0452623,8,2019-10-02,"Gone Baby Gone","Gone Baby Gone",https://www.imdb.com/title/tt0452623,Movie,7.6,114,2007,"Drama, Mystery, Crime, Thriller",312810,"2007-10-19","Ben Affleck"
tt0954947,6,2019-10-02,"The Killer Inside Me","The Killer Inside Me",https://www.imdb.com/title/tt0954947,Movie,6.1,109,2010,"Crime, Drama, Thriller, Mystery",37132,"2010-06-08","Michael Winterbottom"
tt1356864,6,2019-10-02,"I'm Still Here","I'm Still Here",https://www.imdb.com/title/tt1356864,Movie,6.1,108,2010,"Music, Comedy, Drama",25044,"2010-09-16","Casey Affleck"
tt1623288,7,2019-10-02,"ParaNorman","ParaNorman",https://www.imdb.com/title/tt1623288,Movie,7.0,92,2012,"Animation, Adventure, Comedy, Family, Fantasy, Mystery",118402,"2012-08-17","Chris Butler,Sam Fell"
tt1712261,6,2019-10-02,"Triple 9","Triple 9",https://www.imdb.com/title/tt1712261,Movie,6.3,115,2016,"Crime, Thriller, Drama, Action",82139,"2016-02-26","John Hillcoat"
tt0434139,6,2019-09-29,"The Last Kiss","The Last Kiss",https://www.imdb.com/title/tt0434139,Movie,6.4,104,2006,"Drama, Comedy, Romance",42852,"2006-09-15","Tony Goldwyn"
tt1616195,6,2019-09-26,"J. Edgar","J. Edgar",https://www.imdb.com/title/tt1616195,Movie,6.5,137,2011,"Biography, Drama, Romance",138783,"2011-11-11","Clint Eastwood"
tt1489887,8,2019-09-26,"Booksmart","Booksmart",https://www.imdb.com/title/tt1489887,Movie,7.1,102,2019,"Comedy",141428,"2019-05-24","Olivia Wilde"
tt0092005,8,2019-09-25,"Stand by Me","Stand by Me",https://www.imdb.com/title/tt0092005,Movie,8.1,89,1986,"Drama, Adventure",492533,"1986-08-22","Rob Reiner"
tt2852406,8,2019-09-24,"Omar","Omar",https://www.imdb.com/title/tt2852406,Movie,7.5,98,2013,"Drama, Thriller, Romance, Crime, War",16334,"2013-08-01","Hany Abu-Assad"
tt6320628,7,2019-09-23,"Spider-Man: Far from Home","Spider-Man: Far from Home",https://www.imdb.com/title/tt6320628,Movie,7.3,129,2019,"Action, Adventure, Sci-Fi, Comedy, Fantasy",665355,"2019-07-02","Jon Watts"
tt1817771,5,2019-09-22,"Freaks of Nature","Freaks of Nature",https://www.imdb.com/title/tt1817771,Movie,5.9,92,2015,"Comedy, Horror, Sci-Fi",14766,"2015-10-30","Robbie Pickering"
tt0780536,8,2019-09-15,"In Bruges","In Bruges",https://www.imdb.com/title/tt0780536,Movie,7.9,107,2008,"Crime, Drama, Comedy, Thriller",496767,"2008-02-29","Martin McDonagh"
tt0086979,7,2019-09-15,"Blood Simple","Blood Simple",https://www.imdb.com/title/tt0086979,Movie,7.5,99,1984,"Crime, Drama, Thriller",114779,"1985-01-18","Joel Coen,Ethan Coen"
tt7125860,7,2019-09-13,"If Beale Street Could Talk","If Beale Street Could Talk",https://www.imdb.com/title/tt7125860,Movie,7.1,119,2018,"Drama, Romance",55364,"2018-12-25","Barry Jenkins"
tt0783515,6,2019-09-13,"The Education of Charlie Banks","The Education of Charlie Banks",https://www.imdb.com/title/tt0783515,Movie,6.5,100,2007,"Drama",5488,"2007-04-27","Fred Durst"
tt0821642,7,2019-09-10,"The Soloist","The Soloist",https://www.imdb.com/title/tt0821642,Movie,6.7,117,2009,"Drama, Biography, Music",56911,"2009-04-24","Joe Wright"
tt0480242,6,2019-09-09,"Dan in Real Life","Dan in Real Life",https://www.imdb.com/title/tt0480242,Movie,6.8,98,2007,"Comedy, Romance, Drama",111519,"2007-10-26","Peter Hedges"
tt0962736,7,2019-09-09,"The Young Victoria","The Young Victoria",https://www.imdb.com/title/tt0962736,Movie,7.2,105,2009,"Drama, History, Romance, Biography",69453,"2010-01-08","Jean-Marc Vallée"
tt0458352,7,2019-09-09,"The Devil Wears Prada","The Devil Wears Prada",https://www.imdb.com/title/tt0458352,Movie,7.0,109,2006,"Drama, Comedy",568091,"2006-06-30","David Frankel"
tt2381991,6,2019-09-09,"The Huntsman: Winter's War","The Huntsman: Winter's War",https://www.imdb.com/title/tt2381991,Movie,6.1,114,2016,"Action, Adventure, Drama, Fantasy, Romance, War",127622,"2016-04-22","Cedric Nicolas-Troyan"
tt5028340,6,2019-09-09,"Mary Poppins Returns","Mary Poppins Returns",https://www.imdb.com/title/tt5028340,Movie,6.6,130,2018,"Musical, Fantasy, Family, Comedy, Adventure, Music",101609,"2018-12-19","Rob Marshall"
tt5592878,6,2019-09-08,"Errementari","Errementari",https://www.imdb.com/title/tt5592878,Movie,6.4,98,2017,"Fantasy, Horror",14913,"2018-10-12","Paul Urkijo Alijo"
tt6476140,5,2019-09-07,"Serenity","Serenity",https://www.imdb.com/title/tt6476140,Movie,5.4,106,2019,"Drama, Thriller, Mystery",49894,"2019-01-25","Steven Knight"
tt0443453,8,2019-09-07,"Borat","Borat: Cultural Learnings of America for Make Benefit Glorious Nation of Kazakhstan",https://www.imdb.com/title/tt0443453,Movie,7.4,84,2006,"Comedy",481802,"2006-11-03","Larry Charles"
tt0889583,6,2019-09-07,"Brüno","Brüno",https://www.imdb.com/title/tt0889583,Movie,5.9,81,2009,"Comedy",159313,"2009-07-10","Larry Charles"
tt3513498,6,2019-09-04,"The Lego Movie 2: The Second Part","The LEGO Movie 2: The Second Part",https://www.imdb.com/title/tt3513498,Movie,6.5,107,2019,"Animation, Musical, Adventure, Comedy, Family, Fantasy, Sci-Fi",86513,"2019-02-08","Mike Mitchell"
tt5304996,5,2019-09-04,"The Standoff at Sparrow Creek","The Standoff at Sparrow Creek",https://www.imdb.com/title/tt5304996,Movie,6.2,88,2018,"Drama, Crime, Thriller",5197,"2019-01-18","Henry Dunham"
tt0437086,7,2019-09-02,"Alita: Battle Angel","Alita: Battle Angel",https://www.imdb.com/title/tt0437086,Movie,7.3,122,2019,"Sci-Fi, Action, Thriller, Adventure",326229,"2019-02-14","Robert Rodriguez"
tt0423731,9,2019-09-01,"Samurai Champloo","Samurai Chanpurû",https://www.imdb.com/title/tt0423731,TV Series,8.5,24,2004,"Animation, Action, Adventure, Comedy, Drama, Thriller",64562,"2005-01-11",
tt8760684,7,2019-09-01,"Apollo 11","Apollo 11",https://www.imdb.com/title/tt8760684,Movie,8.1,93,2019,"Documentary, History",29016,"2019-03-01","Todd Douglas Miller"
tt7959026,7,2019-08-31,"The Mule","The Mule",https://www.imdb.com/title/tt7959026,Movie,7.0,116,2018,"Drama, Crime, Thriller",170189,"2018-12-14","Clint Eastwood"
tt0800080,7,2019-08-30,"The Incredible Hulk","The Incredible Hulk",https://www.imdb.com/title/tt0800080,Movie,6.6,112,2008,"Action, Sci-Fi",573121,"2008-06-13","Louis Leterrier"
tt0113855,4,2019-08-30,"Mortal Kombat","Mortal Kombat",https://www.imdb.com/title/tt0113855,Movie,5.9,101,1995,"Action, Adventure, Fantasy, Thriller, Sci-Fi",135964,"1995-08-18","Paul W.S. Anderson"
tt6823368,5,2019-08-30,"Glass","Glass",https://www.imdb.com/title/tt6823368,Movie,6.6,129,2019,"Thriller, Drama, Sci-Fi, Horror, Fantasy",306398,"2019-01-18","M. Night Shyamalan"
tt0120685,5,2019-08-30,"Godzilla","Godzilla",https://www.imdb.com/title/tt0120685,Movie,5.5,139,1998,"Action, Sci-Fi, Thriller",214328,"1998-05-20","Roland Emmerich"
tt0831387,6,2019-08-30,"Godzilla","Godzilla",https://www.imdb.com/title/tt0831387,Movie,6.4,123,2014,"Action, Sci-Fi, Adventure, Thriller",467288,"2014-05-16","Gareth Edwards"
tt0449010,5,2019-08-30,"Eragon","Eragon",https://www.imdb.com/title/tt0449010,Movie,5.1,104,2006,"Fantasy, Action, Family, Adventure",135153,"2006-12-15","Stefen Fangmeier"
tt1571234,5,2019-08-30,"Mortal Engines","Mortal Engines",https://www.imdb.com/title/tt1571234,Movie,6.1,128,2018,"Sci-Fi, Fantasy, Action, Thriller, Adventure",154463,"2018-12-14","Christian Rivers"
tt0327554,3,2019-08-30,"Catwoman","Catwoman",https://www.imdb.com/title/tt0327554,Movie,3.5,104,2004,"Crime, Fantasy, Action",133222,"2004-07-23","Pitof"
tt0234215,7,2019-08-30,"The Matrix Reloaded","The Matrix Reloaded",https://www.imdb.com/title/tt0234215,Movie,7.2,138,2003,"Action, Sci-Fi",674839,"2003-05-15","Lana Wachowski,Lilly Wachowski"
tt0376994,6,2019-08-30,"X-Men: The Last Stand","X-Men: The Last Stand",https://www.imdb.com/title/tt0376994,Movie,6.6,104,2006,"Action, Sci-Fi, Adventure",576631,"2006-05-26","Brett Ratner"
tt0416449,8,2019-08-30,"300","300",https://www.imdb.com/title/tt0416449,Movie,7.6,117,2006,"Action, Drama",919294,"2007-03-09","Zack Snyder"
tt0978764,5,2019-08-30,"Sucker Punch","Sucker Punch",https://www.imdb.com/title/tt0978764,Movie,6.1,110,2011,"Fantasy, Action, Adventure, Thriller",262574,"2011-03-25","Zack Snyder"
tt0458525,5,2019-08-30,"X-Men Origins: Wolverine","X-Men Origins: Wolverine",https://www.imdb.com/title/tt0458525,Movie,6.5,107,2009,"Action, Sci-Fi",572409,"2009-05-01","Gavin Hood"
tt1430132,7,2019-08-26,"The Wolverine","The Wolverine",https://www.imdb.com/title/tt1430132,Movie,6.7,126,2013,"Action, Sci-Fi, Thriller",527791,"2013-07-26","James Mangold"
tt1270798,8,2019-08-26,"X-Men: First Class","X: First Class",https://www.imdb.com/title/tt1270798,Movie,7.7,131,2011,"Action, Sci-Fi",769607,"2011-06-03","Matthew Vaughn"
tt0290334,7,2019-08-26,"X2: X-Men United","X2",https://www.imdb.com/title/tt0290334,Movie,7.4,134,2003,"Sci-Fi, Thriller, Action",615511,"2003-05-02","Bryan Singer"
tt0120903,7,2019-08-26,"X-Men","X-Men",https://www.imdb.com/title/tt0120903,Movie,7.3,104,2000,"Adventure, Sci-Fi, Action",698305,"2000-07-14","Bryan Singer"
tt6857112,6,2019-08-25,"Us","Us",https://www.imdb.com/title/tt6857112,Movie,6.8,116,2019,"Thriller, Horror, Mystery",398235,"2019-03-22","Jordan Peele"
tt2333804,6,2019-08-24,"The Zero Theorem","The Zero Theorem",https://www.imdb.com/title/tt2333804,Movie,6.0,107,2013,"Drama, Fantasy, Sci-Fi, Mystery, Comedy",51991,"2014-08-19","Terry Gilliam"
tt0450188,7,2019-08-24,"La Vie En Rose","La Môme",https://www.imdb.com/title/tt0450188,Movie,7.5,140,2007,"Drama, Biography, Music, Romance",94482,"2007-07-20","Olivier Dahan"
tt0765429,8,2019-08-24,"American Gangster","American Gangster",https://www.imdb.com/title/tt0765429,Movie,7.8,157,2007,"Drama, Crime, Biography",491604,"2007-11-02","Ridley Scott"
tt0775529,7,2019-08-24,"The Savages","The Savages",https://www.imdb.com/title/tt0775529,Movie,7.1,114,2007,"Comedy, Drama",39912,"2008-01-17","Tamara Jenkins"
tt0371746,8,2019-08-22,"Iron Man","Iron Man",https://www.imdb.com/title/tt0371746,Movie,7.9,126,2008,"Action, Sci-Fi, Adventure",1241825,"2008-05-02","Jon Favreau"
tt0472062,7,2019-08-22,"Charlie Wilson's War","Charlie Wilson's War",https://www.imdb.com/title/tt0472062,Movie,7.0,102,2007,"Drama, Biography, Comedy, History",131136,"2007-12-21","Mike Nichols"
tt1458175,7,2019-08-22,"The Next Three Days","The Next Three Days",https://www.imdb.com/title/tt1458175,Movie,7.3,133,2010,"Crime, Drama, Romance, Thriller, Action",216259,"2010-11-19","Paul Haggis"
tt5461944,7,2019-08-22,"Hotel Mumbai","Hotel Mumbai",https://www.imdb.com/title/tt5461944,Movie,7.6,123,2018,"Drama, History, Thriller, Action",80055,"2019-03-29","Anthony Maras"
tt0098904,10,2019-08-22,"Seinfeld","Seinfeld",https://www.imdb.com/title/tt0098904,TV Series,8.8,22,1989,"Comedy",387441,"1989-07-05",
tt1187064,7,2019-08-21,"Triangle","Triangle",https://www.imdb.com/title/tt1187064,Movie,6.9,99,2009,"Thriller, Mystery, Sci-Fi, Fantasy",151218,"2009-10-16","Christopher Smith"
tt0485947,8,2019-08-21,"Mr. Nobody","Mr. Nobody",https://www.imdb.com/title/tt0485947,Movie,7.7,141,2009,"Drama, Sci-Fi, Fantasy, Romance",258816,"2013-09-26","Jaco Van Dormael"
tt0390384,8,2019-08-21,"Primer","Primer",https://www.imdb.com/title/tt0390384,Movie,6.7,77,2004,"Drama, Thriller, Sci-Fi",122745,"2005-05-25","Shane Carruth"
tt0083944,8,2019-08-20,"First Blood","First Blood",https://www.imdb.com/title/tt0083944,Movie,7.7,93,1982,"Adventure, Thriller, Action",304349,"1982-10-22","Ted Kotcheff"
tt0462499,7,2019-08-20,"Rambo","Rambo",https://www.imdb.com/title/tt0462499,Movie,7.0,92,2008,"Action, Thriller",257940,"2008-01-25","Sylvester Stallone"
tt4995776,7,2019-08-20,"The Red Sea Diving Resort","The Red Sea Diving Resort",https://www.imdb.com/title/tt4995776,Movie,6.6,129,2019,"Drama, History, Thriller",35379,"2019-07-31","Gideon Raff"
tt9775360,7,2019-08-19,"Batman vs Teenage Mutant Ninja Turtles","Batman vs Teenage Mutant Ninja Turtles",https://www.imdb.com/title/tt9775360,Video,7.1,87,2019,"Animation, Comedy, Crime, Action, Adventure, Sci-Fi",14241,"2019-05-14","Jake Castorena"
tt2139881,7,2019-08-19,"Long Shot","Long Shot",https://www.imdb.com/title/tt2139881,Movie,6.8,125,2019,"Comedy, Romance",129403,"2019-05-03","Jonathan Levine"
tt0223897,8,2019-08-18,"Pay It Forward","Pay It Forward",https://www.imdb.com/title/tt0223897,Movie,7.2,123,2000,"Drama",128185,"2000-10-20","Mimi Leder"
tt2481498,6,2019-08-18,"Extremely Wicked, Shockingly Evil and Vile","Extremely Wicked, Shockingly Evil and Vile",https://www.imdb.com/title/tt2481498,Movie,6.7,110,2019,"Thriller, Biography, Crime, Drama, Mystery",113222,"2019-05-03","Joe Berlinger"
tt0892782,5,2019-08-18,"Monsters vs. Aliens","Monsters vs Aliens",https://www.imdb.com/title/tt0892782,Movie,6.4,94,2009,"Animation, Sci-Fi, Family, Comedy, Adventure, Fantasy, Action",190634,"2009-03-27","Rob Letterman,Conrad Vernon"
tt0307453,6,2019-08-18,"Shark Tale","Shark Tale",https://www.imdb.com/title/tt0307453,Movie,6.0,90,2004,"Animation, Family, Adventure, Thriller, Comedy",215215,"2004-10-01","Bibo Bergeron,Vicky Jenson,Rob Letterman"
tt1320261,4,2019-08-18,"Gulliver's Travels","Gulliver's Travels",https://www.imdb.com/title/tt1320261,Movie,4.9,85,2010,"Comedy, Adventure, Fantasy, Family",78457,"2010-12-25","Rob Letterman"
tt5884052,6,2019-08-18,"Pokémon: Detective Pikachu","Pokémon: Detective Pikachu",https://www.imdb.com/title/tt5884052,Movie,6.5,104,2019,"Mystery, Family, Adventure, Comedy",199031,"2019-05-10","Rob Letterman"
tt7282468,7,2019-08-16,"Burning","Beoning",https://www.imdb.com/title/tt7282468,Movie,7.4,148,2018,"Drama, Mystery, Thriller, Crime",86955,"2018-05-17","Lee Chang-dong"
tt1060277,7,2019-08-16,"Cloverfield","Cloverfield",https://www.imdb.com/title/tt1060277,Movie,7.0,85,2008,"Sci-Fi, Horror, Thriller, Action",446700,"2008-01-18","Matt Reeves"
tt0108071,8,2019-08-14,"The Secret Garden","The Secret Garden",https://www.imdb.com/title/tt0108071,Movie,7.3,101,1993,"Fantasy, Drama, Family",47610,"1993-08-13","Agnieszka Holland"
tt5710514,6,2019-08-09,"I Don't Feel at Home in This World Anymore","I Don't Feel at Home in This World Anymore",https://www.imdb.com/title/tt5710514,Movie,6.9,93,2017,"Crime, Thriller, Drama, Comedy",67989,"2017-02-24","Macon Blair"
tt1839494,7,2019-08-08,"Children Who Chase Lost Voices","Hoshi o ou kodomo",https://www.imdb.com/title/tt1839494,Movie,7.1,116,2011,"Animation, Adventure, Drama, Fantasy, Family",18719,"2025-09-01","Makoto Shinkai"
tt4908644,8,2019-08-07,"Winter on Fire: Ukraine's Fight for Freedom","Winter on Fire: Ukraine's Fight for Freedom",https://www.imdb.com/title/tt4908644,Movie,8.3,102,2015,"Documentary, History",21567,"2015-10-09","Evgeny Afineevsky"
tt6513120,7,2019-08-06,"Fighting with My Family","Fighting with My Family",https://www.imdb.com/title/tt6513120,Movie,7.0,108,2019,"Comedy, Biography, Drama, Sport",93768,"2019-02-22","Stephen Merchant"
tt5795086,5,2019-08-06,"Gemini","Gemini",https://www.imdb.com/title/tt5795086,Movie,5.4,93,2017,"Thriller, Mystery, Crime, Drama",5963,"2018-03-30","Aaron Katz"
tt0105812,7,2019-08-05,"White Men Can't Jump","White Men Can't Jump",https://www.imdb.com/title/tt0105812,Movie,6.8,115,1992,"Sport, Comedy",104335,"1992-03-27","Ron Shelton"
tt2709692,6,2019-08-04,"The Grinch","The Grinch",https://www.imdb.com/title/tt2709692,Movie,6.4,86,2018,"Animation, Family, Fantasy, Comedy",114949,"2018-11-09","Yarrow Cheney,Scott Mosier"
tt0087884,8,2019-08-03,"Paris, Texas","Paris, Texas",https://www.imdb.com/title/tt0087884,Movie,8.1,145,1984,"Drama",143774,"1984-08-23","Wim Wenders"
tt0107048,8,2019-08-03,"Groundhog Day","Groundhog Day",https://www.imdb.com/title/tt0107048,Movie,8.0,101,1993,"Fantasy, Drama, Romance, Comedy",739508,"1993-02-12","Harold Ramis"
tt0064115,8,2019-08-03,"Butch Cassidy and the Sundance Kid","Butch Cassidy and the Sundance Kid",https://www.imdb.com/title/tt0064115,Movie,8.0,110,1969,"Biography, Crime, Drama, Adventure, Western",239269,"1969-09-24","George Roy Hill"
tt0075148,9,2019-08-03,"Rocky","Rocky",https://www.imdb.com/title/tt0075148,Movie,8.1,120,1976,"Sport, Drama",698283,"1976-12-03","John G. Avildsen"
tt0264464,9,2019-08-03,"Catch Me If You Can","Catch Me If You Can",https://www.imdb.com/title/tt0264464,Movie,8.1,141,2002,"Drama, Biography, Crime",1258082,"2002-12-25","Steven Spielberg"
tt0405159,9,2019-08-03,"Million Dollar Baby","Million Dollar Baby",https://www.imdb.com/title/tt0405159,Movie,8.1,132,2004,"Drama, Sport",771271,"2005-01-28","Clint Eastwood"
tt0079470,8,2019-08-03,"Monty Python's Life of Brian","Monty Python's Life of Brian",https://www.imdb.com/title/tt0079470,Movie,8.0,94,1979,"Comedy",435301,"1979-08-17","Terry Jones"
tt1130884,9,2019-08-03,"Shutter Island","Shutter Island",https://www.imdb.com/title/tt1130884,Movie,8.2,138,2010,"Thriller, Mystery",1673616,"2010-02-19","Martin Scorsese"
tt0077416,8,2019-08-03,"The Deer Hunter","The Deer Hunter",https://www.imdb.com/title/tt0077416,Movie,8.1,183,1978,"Drama, War",388409,"1979-02-23","Michael Cimino"
tt1205489,7,2019-08-03,"Gran Torino","Gran Torino",https://www.imdb.com/title/tt1205489,Movie,8.1,116,2008,"Drama",867913,"2009-01-09","Clint Eastwood"
tt0434409,7,2019-08-03,"V for Vendetta","V for Vendetta",https://www.imdb.com/title/tt0434409,Movie,8.1,132,2005,"Thriller, Action, Drama, Sci-Fi",1253345,"2006-03-17","James McTeigue"
tt0993846,9,2019-08-03,"The Wolf of Wall Street","The Wolf of Wall Street",https://www.imdb.com/title/tt0993846,Movie,8.2,180,2013,"Crime, Drama, Biography, Comedy",1815918,"2013-12-25","Martin Scorsese"
tt0050212,8,2019-08-03,"The Bridge on the River Kwai","The Bridge on the River Kwai",https://www.imdb.com/title/tt0050212,Movie,8.1,161,1957,"Drama, War, Adventure",250015,"1957-12-14","David Lean"
tt0112641,8,2019-08-03,"Casino","Casino",https://www.imdb.com/title/tt0112641,Movie,8.2,178,1995,"Crime, Drama",625644,"1995-11-22","Martin Scorsese"
tt0089881,8,2019-08-03,"Ran","Ran",https://www.imdb.com/title/tt0089881,Movie,8.2,160,1985,"Action, War, Drama",153809,"1985-06-01","Akira Kurosawa"
tt0363163,8,2019-08-03,"Downfall","Der Untergang",https://www.imdb.com/title/tt0363163,Movie,8.2,156,2004,"Drama, War, Biography, History",402904,"2005-04-08","Oliver Hirschbiegel"
tt0042876,8,2019-08-03,"Rashomon","Rashômon",https://www.imdb.com/title/tt0042876,Movie,8.1,88,1950,"Crime, Mystery, Drama",198134,"1951-12-26","Akira Kurosawa"
tt1049413,9,2019-08-03,"Up","Up",https://www.imdb.com/title/tt1049413,Movie,8.3,96,2009,"Animation, Family, Adventure, Comedy, Drama",1250560,"2009-05-29","Pete Docter,Bob Peterson"
tt0071853,8,2019-08-03,"Monty Python and the Holy Grail","Monty Python and the Holy Grail",https://www.imdb.com/title/tt0071853,Movie,8.1,91,1975,"Adventure, Fantasy, Comedy",606413,"1975-07-18","Terry Gilliam,Terry Jones"
tt0086879,7,2019-08-03,"Amadeus","Amadeus",https://www.imdb.com/title/tt0086879,Movie,8.4,160,1984,"Drama, Music, Biography",471797,"1984-09-19","Miloš Forman"
tt0169858,8,2019-08-03,"Neon Genesis Evangelion: The End of Evangelion","Shin seiki Evangelion Gekijô-ban: Air/Magokoro wo, kimi ni",https://www.imdb.com/title/tt0169858,Movie,8.1,87,1997,"Animation, Action, Sci-Fi, Drama",78419,"2024-03-17","Hideaki Anno,Kazuya Tsurumaki"
tt0112159,9,2019-08-02,"Neon Genesis Evangelion","Shinseiki Evangelion",https://www.imdb.com/title/tt0112159,TV Series,8.5,24,1995,"Animation, Drama, Action, Sci-Fi",113743,"1997-08-20",
tt4736550,6,2019-07-29,"The Great Hack","The Great Hack",https://www.imdb.com/title/tt4736550,Movie,7.0,114,2019,"Documentary, Biography, History",25908,"2019-07-24","Karim Amer,Jehane Noujaim"
tt0216651,8,2019-07-28,"Vampire Hunter D: Bloodlust","Banpaia hantâ D",https://www.imdb.com/title/tt0216651,Movie,7.7,103,2000,"Animation, Sci-Fi, Fantasy, Action, Horror, Drama, Romance",42147,"2001-09-28","Yoshiaki Kawajiri"
tt1865718,9,2019-07-16,"Gravity Falls","Gravity Falls",https://www.imdb.com/title/tt1865718,TV Series,8.9,23,2012,"Animation, Comedy, Family, Adventure, Fantasy",183177,"2012-06-15",
tt1182345,7,2019-07-13,"Moon","Moon",https://www.imdb.com/title/tt1182345,Movie,7.8,97,2009,"Sci-Fi, Drama, Mystery",397615,"2009-07-10","Duncan Jones"
tt2386490,6,2019-07-12,"How to Train Your Dragon: The Hidden World","How to Train Your Dragon: The Hidden World",https://www.imdb.com/title/tt2386490,Movie,7.4,104,2019,"Animation, Family, Action, Fantasy, Adventure, Comedy, Drama",182163,"2019-02-22","Dean DeBlois"
tt0026029,7,2019-07-11,"The 39 Steps","The 39 Steps",https://www.imdb.com/title/tt0026029,Movie,7.6,86,1935,"Crime, Thriller, Mystery",66662,"1935-07-31","Alfred Hitchcock"
tt6820256,7,2019-07-09,"Arctic","Arctic",https://www.imdb.com/title/tt6820256,Movie,6.8,98,2018,"Drama, Adventure",63893,"2019-01-30","Joe Penna"
tt0448115,7,2019-07-02,"Shazam!","Shazam!",https://www.imdb.com/title/tt0448115,Movie,7.0,132,2019,"Fantasy, Action, Adventure, Comedy",416998,"2019-04-05","David F. Sandberg"
tt0237534,7,2019-07-01,"Brotherhood of the Wolf","Le pacte des loups",https://www.imdb.com/title/tt0237534,Movie,7.0,142,2001,"Adventure, Drama, Thriller, Action, Horror",77367,"2002-01-25","Christophe Gans"
tt0337103,6,2019-07-01,"Crimson Rivers 2: Angels of the Apocalypse","Les rivières pourpres II - Les anges de l'apocalypse",https://www.imdb.com/title/tt0337103,Movie,5.9,100,2004,"Action, Crime, Mystery, Thriller",22808,"2004-02-18","Olivier Dahan"
tt0122690,7,2019-07-01,"Ronin","Ronin",https://www.imdb.com/title/tt0122690,Movie,7.2,122,1998,"Crime, Thriller, Action",209320,"1998-09-25","John Frankenheimer"
tt7458762,7,2019-07-01,"The Wolf's Call","Le chant du loup",https://www.imdb.com/title/tt7458762,Movie,6.9,115,2019,"Thriller, Action",24454,"2019-06-20","Antonin Baudry"
tt7137906,9,2019-06-21,"When They See Us","When They See Us",https://www.imdb.com/title/tt7137906,TV Mini Series,8.8,75,2019,"Drama, Biography, History, Crime",160764,"2019-05-31",
tt1226774,7,2019-06-17,"In the Loop","In the Loop",https://www.imdb.com/title/tt1226774,Movie,7.4,106,2009,"Comedy",64467,"2009-09-04","Armando Iannucci"
tt6998518,6,2019-06-17,"Mandy","Mandy",https://www.imdb.com/title/tt6998518,Movie,6.5,121,2018,"Fantasy, Action, Horror",99385,"2018-09-14","Panos Cosmatos"
tt7946422,6,2019-06-17,"Prospect","Prospect",https://www.imdb.com/title/tt7946422,Movie,6.3,100,2018,"Sci-Fi, Drama, Thriller, Adventure",41085,"2018-11-02","Christopher Caldwell,Zeek Earl"
tt0069762,8,2019-06-17,"Badlands","Badlands",https://www.imdb.com/title/tt0069762,Movie,7.7,94,1973,"Action, Crime, Drama",85167,"1974-01-05","Terrence Malick"
tt0478304,7,2019-06-17,"The Tree of Life","The Tree of Life",https://www.imdb.com/title/tt0478304,Movie,6.8,139,2011,"Drama, Fantasy",193148,"2011-05-18","Terrence Malick"
tt0077405,7,2019-06-17,"Days of Heaven","Days of Heaven",https://www.imdb.com/title/tt0077405,Movie,7.7,94,1978,"Romance, Drama",69723,"1978-10-06","Terrence Malick"
tt0758774,7,2019-06-16,"Body of Lies","Body of Lies",https://www.imdb.com/title/tt0758774,Movie,7.0,128,2008,"Drama, Thriller, Action",251644,"2008-10-10","Ridley Scott"
tt1360860,7,2019-06-16,"About Elly","Darbareye Elly",https://www.imdb.com/title/tt1360860,Movie,7.9,119,2009,"Drama, Mystery",61446,"2009-06-06","Asghar Farhadi"
tt6292852,7,2019-06-16,"I Am Mother","I Am Mother",https://www.imdb.com/title/tt6292852,Movie,6.7,113,2019,"Sci-Fi, Thriller, Drama, Mystery",106923,"2019-06-07","Grant Sputore"
tt6914542,5,2019-06-15,"The Drug King","Mayakwang",https://www.imdb.com/title/tt6914542,Movie,6.2,139,2018,"Crime, Drama, Action",4211,"2018-12-19","Woo Min-ho"
tt0061512,8,2019-06-15,"Cool Hand Luke","Cool Hand Luke",https://www.imdb.com/title/tt0061512,Movie,8.0,127,1967,"Crime, Drama",196988,"1967-11-01","Stuart Rosenberg"
tt0257044,8,2019-06-15,"Road to Perdition","Road to Perdition",https://www.imdb.com/title/tt0257044,Movie,7.6,117,2002,"Thriller, Crime, Drama",302237,"2002-07-12","Sam Mendes"
tt3488298,7,2019-06-09,"American Crime","American Crime",https://www.imdb.com/title/tt3488298,TV Series,7.7,43,2015,"Drama, Crime",10502,"2015-03-05",
tt6266538,6,2019-06-08,"Vice","Vice",https://www.imdb.com/title/tt6266538,Movie,7.2,132,2018,"Biography, Drama, Comedy, History",176165,"2018-12-25","Adam McKay"
tt4595882,7,2019-06-08,"Can You Ever Forgive Me?","Can You Ever Forgive Me?",https://www.imdb.com/title/tt4595882,Movie,7.1,106,2018,"Drama, Biography, Comedy, Crime",59018,"2018-11-02","Marielle Heller"
tt0101272,7,2019-06-05,"The Addams Family","The Addams Family",https://www.imdb.com/title/tt0101272,Movie,7.0,99,1991,"Fantasy, Comedy",202547,"1991-11-22","Barry Sonnenfeld"
tt0106220,7,2019-06-05,"Addams Family Values","Addams Family Values",https://www.imdb.com/title/tt0106220,Movie,6.9,94,1993,"Fantasy, Comedy",124288,"1993-11-19","Barry Sonnenfeld"
tt0219854,6,2019-06-05,"The Kid","The Kid",https://www.imdb.com/title/tt0219854,Movie,6.1,104,2000,"Fantasy, Family, Comedy",46589,"2000-07-07","Jon Turteltaub"
tt0120053,6,2019-06-05,"The Saint","The Saint",https://www.imdb.com/title/tt0120053,Movie,6.2,116,1997,"Sci-Fi, Adventure, Romance, Thriller, Action",78555,"1997-04-04","Phillip Noyce"
tt0146984,7,2019-06-05,"The Legend of Bagger Vance","The Legend of Bagger Vance",https://www.imdb.com/title/tt0146984,Movie,6.7,126,2000,"Sport, Drama",62677,"2000-11-03","Robert Redford"
tt0307901,7,2019-06-03,"25th Hour","25th Hour",https://www.imdb.com/title/tt0307901,Movie,7.6,135,2002,"Drama",191119,"2003-01-10","Spike Lee"
tt0371257,7,2019-06-03,"Stay","Stay",https://www.imdb.com/title/tt0371257,Movie,6.7,99,2005,"Drama, Thriller, Mystery",94899,"2005-10-21","Marc Forster"
tt4154664,7,2019-06-01,"Captain Marvel","Captain Marvel",https://www.imdb.com/title/tt4154664,Movie,6.7,123,2019,"Action, Adventure, Sci-Fi",668411,"2019-03-08","Anna Boden,Ryan Fleck"
tt0367479,5,2019-05-27,"After the Sunset","After the Sunset",https://www.imdb.com/title/tt0367479,Movie,6.3,97,2004,"Crime, Action, Comedy, Drama",53305,"2004-11-12","Brett Ratner"
tt0144084,7,2019-05-26,"American Psycho","American Psycho",https://www.imdb.com/title/tt0144084,Movie,7.6,102,2000,"Crime, Horror, Drama",851134,"2000-04-14","Mary Harron"
tt6108178,7,2019-05-26,"Disobedience","Disobedience",https://www.imdb.com/title/tt6108178,Movie,6.6,114,2017,"Drama",40485,"2018-04-27","Sebastián Lelio"
tt4701182,6,2019-05-26,"Bumblebee","Bumblebee",https://www.imdb.com/title/tt4701182,Movie,6.7,114,2018,"Action, Adventure, Sci-Fi",210905,"2018-12-21","Travis Knight"
tt0228786,7,2019-05-22,"The Crimson Rivers","Les rivières pourpres",https://www.imdb.com/title/tt0228786,Movie,6.9,106,2000,"Crime, Thriller, Mystery",70270,"2001-07-13","Mathieu Kassovitz"
tt0091129,6,2019-05-21,"The Golden Child","The Golden Child",https://www.imdb.com/title/tt0091129,Movie,6.0,94,1986,"Fantasy, Mystery, Comedy, Adventure, Action",63928,"1986-12-12","Michael Ritchie"
tt0329575,7,2019-05-19,"Seabiscuit","Seabiscuit",https://www.imdb.com/title/tt0329575,Movie,7.3,140,2003,"Sport, History, Drama",79330,"2003-07-25","Gary Ross"
tt5715874,7,2019-05-19,"The Killing of a Sacred Deer","The Killing of a Sacred Deer",https://www.imdb.com/title/tt5715874,Movie,7.0,121,2017,"Drama, Mystery, Thriller, Horror",217778,"2017-11-03","Yorgos Lanthimos"
tt0093437,7,2019-05-19,"The Lost Boys","The Lost Boys",https://www.imdb.com/title/tt0093437,Movie,7.2,97,1987,"Comedy, Horror",179484,"1987-07-31","Joel Schumacher"
tt7121252,7,2019-05-19,"On My Skin: The Last Seven Days of Stefano Cucchi","Sulla mia pelle",https://www.imdb.com/title/tt7121252,Movie,7.3,100,2018,"Drama, Biography",10921,"2018-12-07","Alessio Cremonini"
tt1860242,6,2019-05-19,"The Highwaymen","The Highwaymen",https://www.imdb.com/title/tt1860242,Movie,6.9,132,2019,"Drama, Crime, Mystery, Thriller, Biography, Western",114641,"2019-03-29","John Lee Hancock"
tt0381849,8,2019-05-18,"3:10 to Yuma","3:10 to Yuma",https://www.imdb.com/title/tt0381849,Movie,7.6,122,2007,"Western, Drama, Crime, Action",352958,"2007-09-07","James Mangold"
tt2375574,6,2019-05-18,"A Field in England","A Field in England",https://www.imdb.com/title/tt2375574,Movie,6.2,90,2013,"Drama, History, Mystery, Horror",15170,"2013-07-05","Ben Wheatley"
tt1172049,8,2019-05-16,"Demolition","Demolition",https://www.imdb.com/title/tt1172049,Movie,7.0,101,2015,"Drama, Comedy",138038,"2016-04-08","Jean-Marc Vallée"
tt0110443,5,2019-05-15,"Major Payne","Major Payne",https://www.imdb.com/title/tt0110443,Movie,6.3,95,1995,"Adventure, Family, Comedy",43857,"1995-03-24","Nick Castle"
tt0113540,7,2019-05-15,"Kids","Kids",https://www.imdb.com/title/tt0113540,Movie,7.0,91,1995,"Drama",92449,"1995-09-01","Larry Clark"
tt0064276,7,2019-05-15,"Easy Rider","Easy Rider",https://www.imdb.com/title/tt0064276,Movie,7.2,95,1969,"Adventure, Drama",123258,"1969-06-26","Dennis Hopper"
tt0117333,6,2019-05-15,"Phenomenon","Phenomenon",https://www.imdb.com/title/tt0117333,Movie,6.5,123,1996,"Fantasy, Romance, Sci-Fi, Drama",90387,"1996-07-03","Jon Turteltaub"
tt0111756,7,2019-05-15,"Wyatt Earp","Wyatt Earp",https://www.imdb.com/title/tt0111756,Movie,6.7,191,1994,"Biography, Western, Adventure, Drama",59889,"1994-06-24","Lawrence Kasdan"
tt1197628,5,2019-05-15,"Observe and Report","Observe and Report",https://www.imdb.com/title/tt1197628,Movie,5.8,86,2009,"Comedy, Crime, Drama, Action, Mystery",67655,"2009-04-10","Jody Hill"
tt0095243,7,2019-05-15,"Gorillas in the Mist","Gorillas in the Mist: The Story of Dian Fossey",https://www.imdb.com/title/tt0095243,Movie,7.0,129,1988,"Biography, Drama",31502,"1988-10-07","Michael Apted"
tt1117385,8,2019-05-15,"Felon","Felon",https://www.imdb.com/title/tt1117385,Movie,7.4,104,2008,"Thriller, Action, Drama",88311,"2008-07-18","Ric Roman Waugh"
tt0056193,8,2019-05-15,"Lolita","Lolita",https://www.imdb.com/title/tt0056193,Movie,7.5,153,1962,"Crime, Romance, Drama",116817,"1962-06-21","Stanley Kubrick"
tt0808417,7,2019-05-15,"Persepolis","Persepolis",https://www.imdb.com/title/tt0808417,Movie,8.0,96,2007,"Animation, Drama, Biography, War, History",106851,"2008-02-22","Vincent Paronnaud,Marjane Satrapi"
tt0338095,6,2019-05-15,"High Tension","Haute tension",https://www.imdb.com/title/tt0338095,Movie,6.7,91,2003,"Horror",83642,"2005-06-10","Alexandre Aja"
tt0401997,7,2019-05-15,"Breach","Breach",https://www.imdb.com/title/tt0401997,Movie,7.0,110,2007,"Drama, Thriller, Crime, Biography, History",64062,"2007-02-16","Billy Ray"
tt0497465,7,2019-05-15,"Vicky Cristina Barcelona","Vicky Cristina Barcelona",https://www.imdb.com/title/tt0497465,Movie,7.1,96,2008,"Drama, Romance, Comedy",281983,"2008-08-15","Woody Allen"
tt1403177,7,2019-05-15,"Hesher","Hesher",https://www.imdb.com/title/tt1403177,Movie,6.9,106,2010,"Drama, Comedy",55844,"2011-06-25","Spencer Susser"
tt0099864,8,2019-05-15,"IT","IT",https://www.imdb.com/title/tt0099864,TV Mini Series,6.8,192,1990,"Drama, Thriller, Mystery, Horror",154094,"1990-11-18",
tt1174732,7,2019-05-15,"An Education","An Education",https://www.imdb.com/title/tt1174732,Movie,7.2,100,2009,"Drama",141400,"2010-02-05","Lone Scherfig"
tt0477071,6,2019-05-15,"Premonition","Premonition",https://www.imdb.com/title/tt0477071,Movie,5.9,96,2007,"Thriller, Drama, Fantasy, Mystery",86416,"2007-03-16","Mennan Yapo"
tt0430357,7,2019-05-15,"Miami Vice","Miami Vice",https://www.imdb.com/title/tt0430357,Movie,6.1,132,2006,"Action, Crime, Thriller, Drama",132891,"2006-07-28","Michael Mann"
tt0465551,8,2019-05-15,"Notes on a Scandal","Notes on a Scandal",https://www.imdb.com/title/tt0465551,Movie,7.4,92,2006,"Drama, Thriller, Crime, Romance",89754,"2007-01-26","Richard Eyre"
tt0096969,8,2019-05-15,"Born on the Fourth of July","Born on the Fourth of July",https://www.imdb.com/title/tt0096969,Movie,7.2,145,1989,"Biography, Drama, War",125611,"1990-01-05","Oliver Stone"
tt0127536,7,2019-05-15,"Elizabeth","Elizabeth",https://www.imdb.com/title/tt0127536,Movie,7.4,124,1998,"Biography, History, Drama",110758,"1999-02-19","Shekhar Kapur"
tt0405336,6,2019-05-15,"Southland Tales","Southland Tales",https://www.imdb.com/title/tt0405336,Movie,5.3,145,2006,"Comedy, Sci-Fi, Thriller, Mystery, Drama",42426,"2007-12-07","Richard Kelly"
tt2125435,7,2019-05-15,"Beasts of the Southern Wild","Beasts of the Southern Wild",https://www.imdb.com/title/tt2125435,Movie,7.2,93,2012,"Drama, Fantasy, Adventure",86977,"2012-07-05","Benh Zeitlin"
tt0104029,7,2019-05-15,"Cronos","Cronos",https://www.imdb.com/title/tt0104029,Movie,6.7,94,1992,"Fantasy, Drama, Thriller, Horror",36826,"1994-05","Guillermo del Toro"
tt0189998,7,2019-05-15,"Shadow of the Vampire","Shadow of the Vampire",https://www.imdb.com/title/tt0189998,Movie,6.9,92,2000,"Drama, Horror",48091,"2001-01-26","E. Elias Merhige"
tt0490204,7,2019-05-15,"Reign Over Me","Reign Over Me",https://www.imdb.com/title/tt0490204,Movie,7.4,124,2007,"Drama",105254,"2007-03-23","Mike Binder"
tt6892462,7,2019-05-13,"The World Is Yours","Le monde est à toi",https://www.imdb.com/title/tt6892462,Movie,6.3,102,2018,"Comedy, Crime",5264,"2018-08-15","Romain Gavras"
tt8041276,7,2019-05-08,"Paddleton","Paddleton",https://www.imdb.com/title/tt8041276,Movie,7.2,89,2019,"Drama, Comedy",16587,"2019-02-22","Alex Lehmann"
tt1355642,9,2019-05-06,"Fullmetal Alchemist: Brotherhood","Hagane no renkinjutsushi",https://www.imdb.com/title/tt1355642,TV Series,9.1,24,2009,"Animation, Action, Adventure, Drama, Sci-Fi, Comedy, Fantasy",254924,"2009-04-09",
tt1332134,8,2019-05-01,"King of Devil's Island","Kongen av Bastøy",https://www.imdb.com/title/tt1332134,Movie,7.4,116,2010,"Drama",20807,"2010-12-17","Marius Holst"
tt6523720,6,2019-05-01,"The Quake","Skjelvet",https://www.imdb.com/title/tt6523720,Movie,6.2,106,2018,"Drama, Thriller, Action",16654,"2018-12-14","John Andreas Andersen"
tt1857431,7,2019-04-30,"Salvados","Salvados",https://www.imdb.com/title/tt1857431,TV Series,8.2,60,2008,"Talk-Show",283,"2008-02-24",
tt2261227,8,2019-04-30,"Altered Carbon","Altered Carbon",https://www.imdb.com/title/tt2261227,TV Series,7.9,60,2018,"Sci-Fi, Drama, Action, Adventure",203651,"2018-02-02",
tt7804132,8,2019-04-30,"The World's Most Extraordinary Homes","The World's Most Extraordinary Homes",https://www.imdb.com/title/tt7804132,TV Series,7.6,59,2017,"Documentary",3848,"2017-01-06",
tt7651892,8,2019-04-30,"One Strange Rock","One Strange Rock",https://www.imdb.com/title/tt7651892,TV Mini Series,8.7,47,2018,"Documentary",8676,"2018-03-26",
tt9253866,10,2019-04-30,"Our Planet","Our Planet",https://www.imdb.com/title/tt9253866,TV Series,9.2,50,2019,"Documentary, Family",63518,"2019-04-05",
tt0465234,6,2019-04-29,"National Treasure: Book of Secrets","National Treasure: Book of Secrets",https://www.imdb.com/title/tt0465234,Movie,6.5,124,2007,"Action, Adventure, Mystery, Thriller",268874,"2007-12-21","Jon Turteltaub"
tt0368891,7,2019-04-29,"National Treasure","National Treasure",https://www.imdb.com/title/tt0368891,Movie,6.9,131,2004,"Adventure, Action, Thriller, Mystery",380493,"2004-11-19","Jon Turteltaub"
tt0123964,7,2019-04-29,"Life","Life",https://www.imdb.com/title/tt0123964,Movie,6.8,108,1999,"Crime, Drama, Comedy",61602,"1999-04-16","Ted Demme"
tt0800308,7,2019-04-28,"Appaloosa","Appaloosa",https://www.imdb.com/title/tt0800308,Movie,6.7,115,2008,"Western, Crime, Drama, Romance",68322,"2008-10-03","Ed Harris"
tt0395119,6,2019-04-28,"Captain Alatriste: The Spanish Musketeer","Alatriste",https://www.imdb.com/title/tt0395119,Movie,6.1,145,2006,"Adventure, Thriller, History, War, Drama, Romance",14839,"2006-09-01","Agustín Díaz Yanes"
tt0399146,8,2019-04-28,"A History of Violence","A History of Violence",https://www.imdb.com/title/tt0399146,Movie,7.4,96,2005,"Drama, Thriller, Action, Crime",276207,"2005-09-30","David Cronenberg"
tt0317648,7,2019-04-28,"Hidalgo","Hidalgo",https://www.imdb.com/title/tt0317648,Movie,6.7,136,2004,"Western, Biography, Sport, Drama, Adventure, Action",89041,"2004-03-05","Joe Johnston"
tt0191754,6,2019-04-28,"28 Days","28 Days",https://www.imdb.com/title/tt0191754,Movie,6.1,103,2000,"Comedy, Drama",58133,"2000-04-14","Betty Thomas"
tt0116040,7,2019-04-28,"Daylight","Daylight",https://www.imdb.com/title/tt0116040,Movie,6.0,114,1996,"Drama, Thriller, Adventure, Action",80963,"1996-12-06","Rob Cohen"
tt0112740,7,2019-04-28,"Crimson Tide","Crimson Tide",https://www.imdb.com/title/tt0112740,Movie,7.4,116,1995,"Action, War, Drama, Thriller",137635,"1995-05-12","Tony Scott"
tt0106519,8,2019-04-28,"Carlito's Way","Carlito's Way",https://www.imdb.com/title/tt0106519,Movie,7.9,144,1993,"Crime, Thriller, Drama",249886,"1993-11-12","Brian De Palma"
tt0898367,6,2019-04-28,"The Road","The Road",https://www.imdb.com/title/tt0898367,Movie,7.2,111,2009,"Drama, Thriller",272811,"2009-12-18","John Hillcoat"
tt7545524,7,2019-04-28,"Ben Is Back","Ben Is Back",https://www.imdb.com/title/tt7545524,Movie,6.7,103,2018,"Drama",25698,"2018-12-05","Peter Hedges"
tt0057565,7,2019-04-27,"High and Low","Tengoku to jigoku",https://www.imdb.com/title/tt0057565,Movie,8.4,143,1963,"Drama, Crime, Mystery, Thriller",73037,"1963-11-26","Akira Kurosawa"
tt0460740,7,2019-04-26,"Cashback","Cashback",https://www.imdb.com/title/tt0460740,Movie,7.1,102,2006,"Drama, Romance, Comedy",95170,"2006-11-21","Sean Ellis"
tt0129290,8,2019-04-24,"Patch Adams","Patch Adams",https://www.imdb.com/title/tt0129290,Movie,6.9,115,1998,"Biography, Romance, Drama, Comedy",131079,"1998-12-25","Tom Shadyac"
tt0355702,7,2019-04-24,"Lords of Dogtown","Lords of Dogtown",https://www.imdb.com/title/tt0355702,Movie,7.1,107,2005,"Sport, Biography, Drama",61824,"2005-06-03","Catherine Hardwicke"
tt1740047,7,2019-04-24,"The Trip","The Trip",https://www.imdb.com/title/tt1740047,Movie,7.0,112,2010,"Comedy, Drama",24275,"2011-04-24","Michael Winterbottom"
tt1183252,7,2019-04-24,"Chocolate","Chocolate",https://www.imdb.com/title/tt1183252,Movie,6.9,110,2008,"Action, Drama",19843,"2008-02-06","Prachya Pinkaew"
tt1846589,6,2019-04-21,"Hunter Killer","Hunter Killer",https://www.imdb.com/title/tt1846589,Movie,6.6,121,2018,"Action, Thriller",81489,"2018-10-26","Donovan Marsh"
tt6900448,7,2019-04-21,"Mirai","Mirai no Mirai",https://www.imdb.com/title/tt6900448,Movie,7.0,98,2018,"Animation, Drama, Family, Fantasy, Adventure",19993,"2018-07-20","Mamoru Hosoda"
tt5929754,6,2019-04-21,"Wildlife","Wildlife",https://www.imdb.com/title/tt5929754,Movie,6.8,105,2018,"Drama",33947,"2019-01-01","Paul Dano"
tt0464141,8,2019-04-15,"The Orphanage","El orfanato",https://www.imdb.com/title/tt0464141,Movie,7.4,105,2007,"Drama, Mystery, Thriller, Horror",171415,"2008-01-11","J.A. Bayona"
tt5177088,6,2019-04-15,"The Girl in the Spider's Web","The Girl in the Spider's Web",https://www.imdb.com/title/tt5177088,Movie,6.1,115,2018,"Crime, Drama, Thriller, Action, Adventure, Mystery",55843,"2018-11-09","Fede Alvarez"
tt4123430,4,2019-04-14,"Fantastic Beasts: The Crimes of Grindelwald","Fantastic Beasts: The Crimes of Grindelwald",https://www.imdb.com/title/tt4123430,Movie,6.5,134,2018,"Fantasy, Adventure, Family",333998,"2018-11-16","David Yates"
tt5691670,5,2019-04-13,"Under the Silver Lake","Under the Silver Lake",https://www.imdb.com/title/tt5691670,Movie,6.5,139,2018,"Crime, Thriller, Mystery",62143,"2019-04-19","David Robert Mitchell"
tt0134847,7,2019-04-13,"Pitch Black","Pitch Black",https://www.imdb.com/title/tt0134847,Movie,7.0,109,2000,"Thriller, Sci-Fi, Horror",265495,"2000-02-18","David Twohy"
tt1411250,6,2019-04-13,"Riddick","Riddick",https://www.imdb.com/title/tt1411250,Movie,6.4,119,2013,"Sci-Fi, Thriller, Action, Adventure",187543,"2013-09-06","David Twohy"
tt0296572,6,2019-04-13,"The Chronicles of Riddick","The Chronicles of Riddick",https://www.imdb.com/title/tt0296572,Movie,6.6,119,2004,"Sci-Fi, Thriller, Adventure, Action",253065,"2004-06-11","David Twohy"
tt5157326,6,2019-04-13,"Western","Western",https://www.imdb.com/title/tt5157326,Movie,7.0,121,2017,"Drama",4495,"2017-08-24","Valeska Grisebach"
tt2692904,7,2019-04-10,"Locke","Locke",https://www.imdb.com/title/tt2692904,Movie,7.1,85,2013,"Drama",170281,"2014-04-18","Steven Knight"
tt0118694,8,2019-04-09,"In the Mood for Love","Fa yeung nin wah",https://www.imdb.com/title/tt0118694,Movie,8.0,98,2000,"Romance, Drama",190622,"2001-03-09","Wong Kar-Wai"
tt0212712,8,2019-04-09,"2046","2046",https://www.imdb.com/title/tt0212712,Movie,7.4,129,2004,"Sci-Fi, Romance, Drama",64845,"2004-09-29","Wong Kar-Wai"
tt0325547,8,2019-04-07,"Hellsing","Herushingu",https://www.imdb.com/title/tt0325547,TV Mini Series,7.7,23,2001,"Animation, Horror, Fantasy, Action",20840,"2003-10-04",
tt6223806,7,2019-04-02,"Under the Tree","Undir trénu",https://www.imdb.com/title/tt6223806,Movie,6.8,89,2017,"Drama, Comedy, Thriller",5933,"2018-07-06","Hafsteinn Gunnar Sigurðsson"
tt3385524,6,2019-04-02,"Stan & Ollie","Stan & Ollie",https://www.imdb.com/title/tt3385524,Movie,7.2,98,2018,"Biography, Comedy, Drama, History, Family",41813,"2019-01-11","Jon S. Baird"
tt5437928,7,2019-04-02,"Colette","Colette",https://www.imdb.com/title/tt5437928,Movie,6.7,111,2018,"Drama, Biography, History, Romance",28323,"2019-01-09","Wash Westmoreland"
tt1270797,7,2019-04-01,"Venom","Venom",https://www.imdb.com/title/tt1270797,Movie,6.6,112,2018,"Action, Sci-Fi, Adventure",614042,"2018-10-05","Ruben Fleischer"
tt5726616,8,2019-03-31,"Call Me by Your Name","Call Me by Your Name",https://www.imdb.com/title/tt5726616,Movie,7.8,132,2017,"Drama, Romance",363275,"2018-01-19","Luca Guadagnino"
tt4633694,8,2019-03-31,"Spider-Man: Into the Spider-Verse","Spider-Man: Into the Spider-Verse",https://www.imdb.com/title/tt4633694,Movie,8.4,117,2018,"Animation, Action, Sci-Fi, Adventure, Family, Fantasy",808498,"2018-12-14","Bob Persichetti,Peter Ramsey,Rodney Rothman"
tt0203019,7,2019-03-31,"Men of Honor","Men of Honor",https://www.imdb.com/title/tt0203019,Movie,7.2,129,2000,"Biography, Drama",131242,"2000-11-10","George Tillman Jr."
tt5580266,8,2019-03-31,"The Hate U Give","The Hate U Give",https://www.imdb.com/title/tt5580266,Movie,7.5,133,2018,"Drama, Crime",44039,"2018-10-19","George Tillman Jr."
tt1582457,8,2019-03-31,"The Borgias","The Borgias",https://www.imdb.com/title/tt1582457,TV Series,7.9,50,2011,"Drama, Crime, History, Romance",56827,"2011-04-03",
tt4530422,6,2019-03-31,"Overlord","Overlord",https://www.imdb.com/title/tt4530422,Movie,6.6,110,2018,"Action, Horror, Sci-Fi, War",117174,"2018-11-09","Julius Avery"
tt2837574,6,2019-03-25,"The Old Man & the Gun","The Old Man & the Gun",https://www.imdb.com/title/tt2837574,Movie,6.7,93,2018,"Comedy, Crime, Drama, Biography, Romance",52934,"2018-10-19","David Lowery"
tt1213641,7,2019-03-25,"First Man","First Man",https://www.imdb.com/title/tt1213641,Movie,7.3,141,2018,"Drama, Biography, History",218736,"2018-10-12","Damien Chazelle"
tt7263664,6,2019-03-24,"Brothers' Nest","Brothers' Nest",https://www.imdb.com/title/tt7263664,Movie,6.4,102,2018,"Comedy, Thriller",1685,"2019-07-22","Clayton Jacobson"
tt6742252,9,2019-03-23,"The Guilty","Den skyldige",https://www.imdb.com/title/tt6742252,Movie,7.5,85,2018,"Thriller, Crime, Drama",69721,"2018-10-19","Gustav Möller"
tt1772341,8,2019-03-23,"Wreck-It Ralph","Wreck-It Ralph",https://www.imdb.com/title/tt1772341,Movie,7.7,101,2012,"Animation, Comedy, Family, Adventure, Fantasy, Sci-Fi, Sport",503833,"2012-11-02","Rich Moore"
tt5848272,8,2019-03-23,"Ralph Breaks the Internet","Ralph Breaks the Internet",https://www.imdb.com/title/tt5848272,Movie,7.0,112,2018,"Animation, Comedy, Adventure, Family, Fantasy, Sci-Fi, Sport",208256,"2018-11-21","Phil Johnston,Rich Moore"
tt6343314,6,2019-03-23,"Creed II","Creed II",https://www.imdb.com/title/tt6343314,Movie,7.1,130,2018,"Drama, Sport, Action",173190,"2018-11-21","Steven Caple Jr."
tt6304162,7,2019-03-20,"Loveless","Nelyubov",https://www.imdb.com/title/tt6304162,Movie,7.6,127,2017,"Drama",37907,"2017-06-01","Andrey Zvyagintsev"
tt6966692,9,2019-03-20,"Green Book","Green Book",https://www.imdb.com/title/tt6966692,Movie,8.2,130,2018,"Drama, Biography, Comedy, Music",698753,"2018-11-16","Peter Farrelly"
tt1477834,7,2019-03-19,"Aquaman","Aquaman",https://www.imdb.com/title/tt1477834,Movie,6.8,143,2018,"Action, Adventure, Sci-Fi, Fantasy",558089,"2018-12-21","James Wan"
tt0052561,8,2019-03-18,"Anatomy of a Murder","Anatomy of a Murder",https://www.imdb.com/title/tt0052561,Movie,8.0,161,1959,"Drama, Mystery",78387,"1959-07-13","Otto Preminger"
tt7775622,8,2019-03-18,"Free Solo","Free Solo",https://www.imdb.com/title/tt7775622,Movie,8.1,100,2018,"Documentary, Sport, Adventure",88296,"2018-12-13","Jimmy Chin,Elizabeth Chai Vasarhelyi"
tt6776106,7,2019-03-17,"And Breathe Normally","Andið eðlilega",https://www.imdb.com/title/tt6776106,Movie,6.9,95,2018,"Drama",3794,"2019-01-04","Isold Uggadottir"
tt7533152,7,2019-03-17,"The Boy Who Harnessed the Wind","The Boy Who Harnessed the Wind",https://www.imdb.com/title/tt7533152,Movie,7.6,113,2019,"Drama, Biography, History",53234,"2019-03-01","Chiwetel Ejiofor"
tt0804461,7,2019-03-15,"Death Sentence","Death Sentence",https://www.imdb.com/title/tt0804461,Movie,6.7,105,2007,"Thriller, Action, Crime",78182,"2007-08-31","James Wan"
tt1104001,7,2019-03-15,"Tron: Legacy","Tron: Legacy",https://www.imdb.com/title/tt1104001,Movie,6.8,125,2010,"Action, Adventure, Sci-Fi",389049,"2010-12-17","Joseph Kosinski"
tt1488606,6,2019-03-15,"Triple Frontier","Triple Frontier",https://www.imdb.com/title/tt1488606,Movie,6.5,125,2019,"Action, Thriller, Adventure",162976,"2019-03-13","J.C. Chandor"
tt8398600,8,2019-03-14,"After Life","After Life",https://www.imdb.com/title/tt8398600,TV Series,8.4,30,2019,"Comedy, Drama",170789,"2019-03-08",
tt0477347,5,2019-03-14,"Night at the Museum","Night at the Museum",https://www.imdb.com/title/tt0477347,Movie,6.5,108,2006,"Comedy, Family, Fantasy, Adventure",414714,"2006-12-22","Shawn Levy"
tt1078912,5,2019-03-14,"Night at the Museum: Battle of the Smithsonian","Night at the Museum: Battle of the Smithsonian",https://www.imdb.com/title/tt1078912,Movie,6.0,105,2009,"Comedy, Adventure, Family, Fantasy",231492,"2009-05-22","Shawn Levy"
tt1058017,6,2019-03-14,"The Invention of Lying","The Invention of Lying",https://www.imdb.com/title/tt1058017,Movie,6.4,100,2009,"Comedy, Fantasy, Romance",158052,"2009-10-02","Ricky Gervais,Matthew Robinson"
tt9817218,6,2019-03-10,"Losers","Losers",https://www.imdb.com/title/tt9817218,TV Series,7.6,30,2019,"Documentary, Sport",2088,"2019-03-01",
tt1226837,8,2019-03-10,"Beautiful Boy","Beautiful Boy",https://www.imdb.com/title/tt1226837,Movie,7.4,120,2018,"Drama, Biography",131655,"2018-10-25","Felix van Groeningen"
tt1837492,8,2019-03-10,"13 Reasons Why","13 Reasons Why",https://www.imdb.com/title/tt1837492,TV Series,7.4,60,2017,"Drama, Mystery, Thriller",342176,"2017-03-31",
tt4262980,7,2019-03-09,"Shin Godzilla","Shin Gojira",https://www.imdb.com/title/tt4262980,Movie,6.9,120,2016,"Drama, Horror, Sci-Fi, Action",46670,"2025-08-14","Shinji Higuchi,Hideaki Anno"
tt0120601,8,2019-03-08,"Being John Malkovich","Being John Malkovich",https://www.imdb.com/title/tt0120601,Movie,7.7,113,1999,"Drama, Comedy, Fantasy",370672,"1999-12-03","Spike Jonze"
tt6939026,7,2019-03-07,"Period. End of Sentence.","Period. End of Sentence.",https://www.imdb.com/title/tt6939026,Short,7.4,26,2018,"Documentary, Short",6957,"2019-02-12","Rayka Zehtabchi"
tt1727824,7,2019-03-04,"Bohemian Rhapsody","Bohemian Rhapsody",https://www.imdb.com/title/tt1727824,Movie,7.9,134,2018,"Biography, Drama, Music",652361,"2018-11-02","Bryan Singer"
tt4971344,7,2019-03-04,"The Sisters Brothers","The Sisters Brothers",https://www.imdb.com/title/tt4971344,Movie,6.9,122,2018,"Western, Drama",75804,"2018-10-19","Jacques Audiard"
tt4218572,8,2019-03-03,"Widows","Widows",https://www.imdb.com/title/tt4218572,Movie,6.8,129,2018,"Crime, Drama, Thriller",109587,"2018-11-16","Steve McQueen"
tt4139588,6,2019-03-02,"Polar","Polar",https://www.imdb.com/title/tt4139588,Movie,6.3,118,2019,"Action, Thriller, Crime",108234,"2019-01-25","Jonas Åkerlund"
tt1311076,7,2019-02-28,"My Dinner with Hervé","My Dinner with Hervé",https://www.imdb.com/title/tt1311076,TV Movie,6.9,110,2018,"Biography, Drama",6937,"2018-10-20","Sacha Gervasi"
tt0084707,8,2019-02-27,"Sophie's Choice","Sophie's Choice",https://www.imdb.com/title/tt0084707,Movie,7.5,150,1982,"Romance, Drama",56234,"1983-03-04","Alan J. Pakula"
tt3104988,7,2019-02-25,"Crazy Rich Asians","Crazy Rich Asians",https://www.imdb.com/title/tt3104988,Movie,6.9,120,2018,"Comedy, Romance, Drama",210832,"2018-08-15","Jon M. Chu"
tt6628394,7,2019-02-25,"Bad Times at the El Royale","Bad Times at the El Royale",https://www.imdb.com/title/tt6628394,Movie,7.1,141,2018,"Thriller, Mystery, Crime, Drama",180192,"2018-10-12","Drew Goddard"
tt7008872,7,2019-02-24,"Boy Erased","Boy Erased",https://www.imdb.com/title/tt7008872,Movie,6.9,115,2018,"Drama, Biography",46487,"2018-11-08","Joel Edgerton"
tt1296898,5,2019-02-23,"Waiting for Forever","Waiting for Forever",https://www.imdb.com/title/tt1296898,Movie,5.9,95,2010,"Romance, Drama, Comedy",20405,"2011-02-04","James Keach"
tt7043012,5,2019-02-23,"Velvet Buzzsaw","Velvet Buzzsaw",https://www.imdb.com/title/tt7043012,Movie,5.7,113,2019,"Thriller, Horror, Mystery",69243,"2019-02-01","Dan Gilroy"
tt9316022,7,2019-02-19,"Struggle: The Life and Lost Art of Szukalski","Struggle: The Life and Lost Art of Szukalski",https://www.imdb.com/title/tt9316022,Movie,7.9,115,2018,"Documentary, Biography",4852,"2018-12-21","Ireneusz Dobrowolski"
tt5258850,7,2019-02-18,"See You Up There","Au revoir là-haut",https://www.imdb.com/title/tt5258850,Movie,7.4,117,2017,"Drama, Crime, Comedy, War",12272,"2017-10-25","Albert Dupontel"
tt3686998,7,2019-02-18,"The Red Pill","The Red Pill",https://www.imdb.com/title/tt3686998,Movie,7.9,108,2016,"Documentary",12564,"2017-03-07","Cassie Jaye"
tt2461340,5,2019-02-18,"Till We Meet Again","Till We Meet Again",https://www.imdb.com/title/tt2461340,Movie,5.7,105,2015,"Drama, Adventure, Romance",3099,"2016-11-25","Bank Tangjaitrong"
tt7153766,6,2019-02-18,"Unsane","Unsane",https://www.imdb.com/title/tt7153766,Movie,6.4,98,2018,"Thriller, Mystery, Drama, Horror",54404,"2018-03-23","Steven Soderbergh"
tt2567026,5,2019-02-18,"Alice Through the Looking Glass","Alice Through the Looking Glass",https://www.imdb.com/title/tt2567026,Movie,6.2,113,2016,"Adventure, Family, Fantasy, Mystery",136454,"2016-05-27","James Bobin"
tt6306064,7,2019-02-18,"Adrift","Adrift",https://www.imdb.com/title/tt6306064,Movie,6.6,96,2018,"Drama, Romance, Action, Adventure, Thriller, Biography",66487,"2018-06-01","Baltasar Kormákur"
tt8952294,7,2019-02-18,"Auntie Edna","Auntie Edna",https://www.imdb.com/title/tt8952294,Short,7.1,5,2018,"Animation, Short, Action, Adventure, Family, Comedy, Sci-Fi",5032,"2018-11-06","Ted Mathot"
tt0327597,8,2019-02-16,"Coraline","Coraline",https://www.imdb.com/title/tt0327597,Movie,7.8,100,2009,"Animation, Fantasy, Drama, Family",304285,"2009-02-06","Henry Selick"
tt0442933,6,2019-02-16,"Beowulf","Beowulf",https://www.imdb.com/title/tt0442933,Movie,6.3,115,2007,"Animation, Adventure, Fantasy, Action",180521,"2007-11-16","Robert Zemeckis"
tt0366780,7,2019-02-16,"Mirrormask","Mirrormask",https://www.imdb.com/title/tt0366780,Movie,6.7,101,2005,"Fantasy, Drama",24395,"2006-03-03","Dave McKean"
tt1517451,7,2019-02-13,"A Star Is Born","A Star Is Born",https://www.imdb.com/title/tt1517451,Movie,7.6,136,2018,"Drama, Romance, Music",451732,"2018-10-05","Bradley Cooper"
tt5140878,5,2019-02-12,"Annabelle: Creation","Annabelle: Creation",https://www.imdb.com/title/tt5140878,Movie,6.5,109,2017,"Horror, Thriller, Mystery",172106,"2017-08-11","David F. Sandberg"
tt7040874,7,2019-02-11,"A Simple Favor","A Simple Favor",https://www.imdb.com/title/tt7040874,Movie,6.7,117,2018,"Crime, Mystery, Thriller, Comedy",191433,"2018-09-14","Paul Feig"
tt1515091,8,2019-02-10,"Sherlock Holmes: A Game of Shadows","Sherlock Holmes: A Game of Shadows",https://www.imdb.com/title/tt1515091,Movie,7.4,129,2011,"Mystery, Action, Adventure",504507,"2011-12-16","Guy Ritchie"
tt5316540,5,2019-02-10,"Close","Close",https://www.imdb.com/title/tt5316540,Movie,5.7,94,2019,"Action, Thriller, Drama",28952,"2019-01-18","Vicky Jewson"
tt3339966,8,2019-01-27,"Unbreakable Kimmy Schmidt","Unbreakable Kimmy Schmidt",https://www.imdb.com/title/tt3339966,TV Series,7.5,30,2015,"Comedy",83863,"2015-03-06",
tt4779682,5,2019-01-25,"The Meg","The Meg",https://www.imdb.com/title/tt4779682,Movie,5.7,113,2018,"Sci-Fi, Action, Thriller, Horror, Adventure",231044,"2018-08-10","Jon Turteltaub"
tt3901826,7,2019-01-25,"The Breadwinner","The Breadwinner",https://www.imdb.com/title/tt3901826,Movie,7.7,94,2017,"Animation, Drama, War",31162,"2017-11-17","Nora Twomey"
tt0297884,8,2019-01-25,"Far from Heaven","Far from Heaven",https://www.imdb.com/title/tt0297884,Movie,7.3,107,2002,"Romance, Drama",51808,"2003-01-10","Todd Haynes"
tt5390504,8,2019-01-25,"Detroit","Detroit",https://www.imdb.com/title/tt5390504,Movie,7.3,143,2017,"Thriller, Drama, Crime, History",59279,"2017-08-04","Kathryn Bigelow"
tt4695012,6,2019-01-08,"It Comes at Night","It Comes at Night",https://www.imdb.com/title/tt4695012,Movie,6.1,91,2017,"Horror, Mystery, Sci-Fi, Thriller, Drama",111647,"2017-06-09","Trey Edward Shults"
tt4048272,7,2019-01-08,"Toni Erdmann","Toni Erdmann",https://www.imdb.com/title/tt4048272,Movie,7.3,162,2016,"Drama, Comedy",55516,"2016-12-25","Maren Ade"
tt7545566,7,2019-01-03,"Skate Kitchen","Skate Kitchen",https://www.imdb.com/title/tt7545566,Movie,6.8,106,2018,"Drama",5251,"2018-08-10","Crystal Moselle"
tt3296658,7,2019-01-02,"Rams","Hrútar",https://www.imdb.com/title/tt3296658,Movie,7.2,93,2015,"Drama, Comedy",15805,"2015-05-28","Grímur Hákonarson"
tt0101540,8,2019-01-02,"Cape Fear","Cape Fear",https://www.imdb.com/title/tt0101540,Movie,7.3,128,1991,"Drama, Crime, Thriller",248485,"1991-11-15","Martin Scorsese"
tt7242142,8,2019-01-02,"Blindspotting","Blindspotting",https://www.imdb.com/title/tt7242142,Movie,7.4,95,2018,"Comedy, Drama, Crime",34412,"2018-07-27","Carlos López Estrada"
tt2404461,8,2019-01-02,"The Past","Le Passé",https://www.imdb.com/title/tt2404461,Movie,7.7,130,2013,"Drama, Mystery",52618,"2013-05-17","Asghar Farhadi"
tt5595168,5,2019-01-01,"Kingsglaive: Final Fantasy XV","Kingsglaive: Final Fantasy XV",https://www.imdb.com/title/tt5595168,Movie,6.7,110,2016,"Animation, Adventure, Fantasy, Sci-Fi, Action, Drama",24441,"2016-07-09","Takeshi Nozue"
tt0815236,6,2019-01-01,"She's Out of My League","She's Out of My League",https://www.imdb.com/title/tt0815236,Movie,6.4,104,2010,"Comedy, Romance",154133,"2010-03-12","Jim Field Smith"
tt5753856,9,2019-01-01,"Dark","Dark",https://www.imdb.com/title/tt5753856,TV Series,8.7,60,2017,"Mystery, Crime, Drama, Thriller, Sci-Fi",557407,"2017-12-01",
tt4758646,5,2018-12-31,"War Machine","War Machine",https://www.imdb.com/title/tt4758646,Movie,6.0,122,2017,"Comedy, Drama, War",53472,"2017-05-26","David Michôd"
tt1723121,7,2018-12-31,"We're the Millers","We're the Millers",https://www.imdb.com/title/tt1723121,Movie,7.0,110,2013,"Comedy, Crime",528899,"2013-08-07","Rawson Marshall Thurber"
tt1341167,7,2018-12-31,"Four Lions","Four Lions",https://www.imdb.com/title/tt1341167,Movie,7.3,97,2010,"Comedy, Crime, Drama",91728,"2010-05-07","Christopher Morris"
tt6155172,8,2018-12-31,"Roma","Roma",https://www.imdb.com/title/tt6155172,Movie,7.6,135,2018,"Drama",179363,"2018-12-14","Alfonso Cuarón"
tt4130418,8,2018-12-31,"Hip-Hop Evolution","Hip-Hop Evolution",https://www.imdb.com/title/tt4130418,TV Series,8.4,90,2016,"Documentary, Music",6798,"2016-09-04",
tt7472352,7,2018-12-31,"Shirkers","Shirkers",https://www.imdb.com/title/tt7472352,Movie,7.3,97,2018,"Documentary",6028,"2018-10-26","Sandi Tan"
tt2388771,6,2018-12-31,"Mowgli: Legend of the Jungle","Mowgli",https://www.imdb.com/title/tt2388771,Movie,6.5,104,2018,"Drama, Adventure, Fantasy",69870,"2018-12-07","Andy Serkis"
tt7207238,7,2018-12-31,"Jane","Jane",https://www.imdb.com/title/tt7207238,Movie,7.8,90,2017,"Documentary, Biography",6327,"2017-11-24","Brett Morgen"
tt7158430,6,2018-12-31,"Hearts Beat Loud","Hearts Beat Loud",https://www.imdb.com/title/tt7158430,Movie,6.9,97,2018,"Drama, Music, Comedy",12517,"2018-06-15","Brett Haley"
tt6088326,8,2018-12-30,"Chef's Table: France","Chef's Table: France",https://www.imdb.com/title/tt6088326,TV Mini Series,8.2,45,2016,"Documentary",1998,"2016-09-02",
tt0118715,6,2018-12-28,"The Big Lebowski","The Big Lebowski",https://www.imdb.com/title/tt0118715,Movie,8.1,117,1998,"Crime, Comedy",922219,"1998-03-06","Joel Coen,Ethan Coen"
tt0316465,7,2018-12-26,"Radio","Radio",https://www.imdb.com/title/tt0316465,Movie,6.9,109,2003,"Sport, Biography, Drama",49333,"2003-10-24","Michael Tollin"
tt1568911,8,2018-12-25,"War Horse","War Horse",https://www.imdb.com/title/tt1568911,Movie,7.2,146,2011,"War, Drama, Adventure, History",174321,"2011-12-25","Steven Spielberg"
tt7280898,7,2018-12-25,"22 July","22 July",https://www.imdb.com/title/tt7280898,Movie,6.8,143,2018,"Drama, History, Thriller, Crime",41170,"2018-10-10","Paul Greengrass"
tt6752992,7,2018-12-24,"Happy as Lazzaro","Lazzaro felice",https://www.imdb.com/title/tt6752992,Movie,7.5,128,2018,"Drama, Fantasy, Mystery",23453,"2018-11-30","Alice Rohrwacher"
tt7170950,5,2018-12-24,"Like Father","Like Father",https://www.imdb.com/title/tt7170950,Movie,6.1,98,2018,"Drama",24672,"2018-08-03","Lauren Miller Rogen"
tt2737304,5,2018-12-23,"Bird Box","Bird Box",https://www.imdb.com/title/tt2737304,Movie,6.6,124,2018,"Horror, Mystery, Sci-Fi",425794,"2018-12-21","Susanne Bier"
tt0099077,8,2018-12-23,"Awakenings","Awakenings",https://www.imdb.com/title/tt0099077,Movie,7.8,121,1990,"Biography, Drama",178188,"1991-01-11","Penny Marshall"
tt0419294,7,2018-12-20,"The Three Burials of Melquiades Estrada","The Three Burials of Melquiades Estrada",https://www.imdb.com/title/tt0419294,Movie,7.3,121,2005,"Drama, Adventure, Crime, Mystery, Western",43414,"2006-02-24","Tommy Lee Jones"
tt7048622,9,2018-12-20,"The Insult","L'insulte",https://www.imdb.com/title/tt7048622,Movie,7.6,113,2017,"Drama, Crime, Thriller",19198,"2019-06-25","Ziad Doueiri"
tt0098258,7,2018-12-17,"Say Anything","Say Anything...",https://www.imdb.com/title/tt0098258,Movie,7.3,100,1989,"Comedy, Romance, Drama",103584,"1989-04-14","Cameron Crowe"
tt0069947,8,2018-12-17,"The Day of the Jackal","The Day of the Jackal",https://www.imdb.com/title/tt0069947,Movie,7.8,143,1973,"Crime, Drama, Thriller",53422,"1973-07-30","Fred Zinnemann"
tt3606756,7,2018-12-16,"Incredibles 2","Incredibles 2",https://www.imdb.com/title/tt3606756,Movie,7.5,118,2018,"Animation, Action, Adventure, Family, Sci-Fi, Comedy, Thriller",375983,"2018-06-15","Brad Bird"
tt0117631,7,2018-12-16,"Shine","Shine",https://www.imdb.com/title/tt0117631,Movie,7.6,105,1996,"Music, Biography, Romance, Drama",59243,"1997-02-14","Scott Hicks"
tt4964788,7,2018-12-16,"Everybody Knows","Todos lo saben",https://www.imdb.com/title/tt4964788,Movie,6.9,133,2018,"Drama, Thriller, Mystery, Crime",40526,"2019-02-08","Asghar Farhadi"
tt0101545,5,2018-12-16,"Career Opportunities","Career Opportunities",https://www.imdb.com/title/tt0101545,Movie,5.9,83,1991,"Romance, Comedy",21373,"1991-03-29","Bryan Gordon"
tt0082085,8,2018-12-16,"Blow Out","Blow Out",https://www.imdb.com/title/tt0082085,Movie,7.4,108,1981,"Mystery, Crime, Drama, Thriller",77393,"1981-07-24","Brian De Palma"
tt1815862,4,2018-12-16,"After Earth","After Earth",https://www.imdb.com/title/tt1815862,Movie,4.8,100,2013,"Sci-Fi, Adventure, Action, Drama",217502,"2013-05-31","M. Night Shyamalan"
tt0938283,3,2018-12-16,"The Last Airbender","The Last Airbender",https://www.imdb.com/title/tt0938283,Movie,3.9,103,2010,"Adventure, Family, Fantasy, Action",182376,"2010-07-01","M. Night Shyamalan"
tt0949731,4,2018-12-16,"The Happening","The Happening",https://www.imdb.com/title/tt0949731,Movie,5.0,91,2008,"Sci-Fi, Thriller, Adventure, Drama",227722,"2008-06-13","M. Night Shyamalan"
tt0167404,10,2018-12-16,"The Sixth Sense","The Sixth Sense",https://www.imdb.com/title/tt0167404,Movie,8.2,107,1999,"Mystery, Drama, Thriller",1155615,"1999-08-06","M. Night Shyamalan"
tt0217869,9,2018-12-16,"Unbreakable","Unbreakable",https://www.imdb.com/title/tt0217869,Movie,7.3,106,2000,"Mystery, Drama, Sci-Fi, Thriller",470309,"2000-11-22","M. Night Shyamalan"
tt5294966,8,2018-12-14,"After the Storm","Umi yori mo mada fukaku",https://www.imdb.com/title/tt5294966,Movie,7.4,118,2016,"Drama, Comedy",14378,"2016-05-21","Hirokazu Koreeda"
tt6543420,7,2018-12-14,"Andre the Giant","Andre the Giant",https://www.imdb.com/title/tt6543420,TV Movie,7.8,85,2018,"Documentary, Biography, Sport",7280,"2018-04-10","Jason Hehir"
tt7668870,8,2018-12-11,"Searching","Searching",https://www.imdb.com/title/tt7668870,Movie,7.6,102,2018,"Thriller, Drama, Mystery",194224,"2018-08-31","Aneesh Chaganty"
tt5814592,7,2018-12-11,"The Party","The Party",https://www.imdb.com/title/tt5814592,Movie,6.6,71,2017,"Comedy, Drama",23011,"2018-02-16","Sally Potter"
tt5639354,6,2018-12-10,"A Fantastic Woman","Una mujer fantástica",https://www.imdb.com/title/tt5639354,Movie,7.1,104,2017,"Drama",28615,"2018-02-02","Sebastián Lelio"
tt5628302,7,2018-12-10,"Beast","Beast",https://www.imdb.com/title/tt5628302,Movie,6.8,107,2017,"Drama, Crime, Mystery, Romance, Thriller",18758,"2018-05-11","Michael Pearce"
tt7738450,7,2018-12-04,"Thunder Road","Thunder Road",https://www.imdb.com/title/tt7738450,Movie,7.0,92,2018,"Comedy, Drama",20832,"2018-10-12","Jim Cummings"
tt0247081,8,2018-12-04,"Boston Public","Boston Public",https://www.imdb.com/title/tt0247081,TV Series,7.3,60,2000,"Drama, Comedy",6719,"2000-10-23",
tt0116365,7,2018-12-04,"The Frighteners","The Frighteners",https://www.imdb.com/title/tt0116365,Movie,7.1,110,1996,"Fantasy, Drama, Mystery, Romance, Horror, Comedy",103099,"1996-07-19","Peter Jackson"
tt7255502,8,2018-12-01,"The Kominsky Method","The Kominsky Method",https://www.imdb.com/title/tt7255502,TV Series,8.2,30,2018,"Comedy, Drama",47521,"2018-11-16",
tt3473654,7,2018-12-01,"Toy Story That Time Forgot","Toy Story That Time Forgot",https://www.imdb.com/title/tt3473654,TV Movie,7.1,22,2014,"Animation, Adventure, Comedy, Family, Fantasy",15187,"2014-12-02","Steve Purcell"
tt2446040,7,2018-12-01,"Toy Story of Terror","Toy Story of Terror!",https://www.imdb.com/title/tt2446040,TV Movie,7.4,22,2013,"Animation, Comedy, Family, Adventure, Horror, Fantasy",20312,"2013-10-16","Angus MacLane"
tt3892172,7,2018-11-30,"Leave No Trace","Leave No Trace",https://www.imdb.com/title/tt3892172,Movie,7.1,109,2018,"Drama, Adventure",70827,"2018-06-29","Debra Granik"
tt6680858,7,2018-11-30,"Under an Arctic Sky","Under an Arctic Sky",https://www.imdb.com/title/tt6680858,Short,7.0,39,2017,"Documentary, Short, Adventure, Sport",1532,"2017-04-23","Chris Burkard"
tt0402399,8,2018-11-28,"The New World","The New World",https://www.imdb.com/title/tt0402399,Movie,6.7,135,2005,"Drama, History, Biography, Romance",94092,"2006-01-20","Terrence Malick"
tt4936450,7,2018-11-28,"Graduation","Bacalaureat",https://www.imdb.com/title/tt4936450,Movie,7.3,128,2016,"Drama, Crime",15648,"2016-05-20","Cristian Mungiu"
tt6509058,6,2018-11-28,"Nancy","Nancy",https://www.imdb.com/title/tt6509058,Movie,6.2,85,2018,"Drama, Mystery, Thriller",3930,"2018-08-16","Christina Choe"
tt3986820,7,2018-11-28,"The Endless","The Endless",https://www.imdb.com/title/tt3986820,Movie,6.5,111,2017,"Sci-Fi, Thriller, Horror, Mystery",57902,"2018-04-06","Justin Benson,Aaron Moorhead"
tt2167266,7,2018-11-28,"Tracks","Tracks",https://www.imdb.com/title/tt2167266,Movie,7.1,112,2013,"Biography, Drama, Adventure",33308,"2014-03-06","John Curran"
tt0100404,8,2018-11-26,"Presumed Innocent","Presumed Innocent",https://www.imdb.com/title/tt0100404,Movie,6.9,127,1990,"Mystery, Thriller",53330,"1990-07-27","Alan J. Pakula"
tt0049902,9,2018-11-25,"A Man Escaped","Un condamné à mort s'est échappé ou Le vent souffle où il veut",https://www.imdb.com/title/tt0049902,Movie,8.1,101,1956,"Thriller, War, Drama",31010,"1957-08-26","Robert Bresson"
tt0040522,8,2018-11-25,"Bicycle Thieves","Ladri di biciclette",https://www.imdb.com/title/tt0040522,Movie,8.2,89,1948,"Drama",192784,"1949-12-13","Vittorio De Sica"
tt3766354,6,2018-11-25,"The Equalizer 2","The Equalizer 2",https://www.imdb.com/title/tt3766354,Movie,6.7,121,2018,"Action, Crime, Thriller, Mystery",232243,"2018-07-20","Antoine Fuqua"
tt6412452,7,2018-11-25,"The Ballad of Buster Scruggs","The Ballad of Buster Scruggs",https://www.imdb.com/title/tt6412452,Movie,7.2,133,2018,"Musical, Western, Comedy, Drama, Mystery",186209,"2018-11-09","Ethan Coen,Joel Coen"
tt4323572,7,2018-11-23,"Finding Sofia","Finding Sofia",https://www.imdb.com/title/tt4323572,Movie,5.6,112,2016,"Comedy, Drama, Romance",316,"2016-10-16","Nico Casavecchia"
tt0120755,6,2018-11-19,"Mission: Impossible II","Mission: Impossible II",https://www.imdb.com/title/tt0120755,Movie,6.1,123,2000,"Adventure, Thriller, Action",417007,"2000-05-24","John Woo"
tt0117060,8,2018-11-19,"Mission: Impossible","Mission: Impossible",https://www.imdb.com/title/tt0117060,Movie,7.2,110,1996,"Thriller, Adventure, Action",521661,"1996-05-22","Brian De Palma"
tt1758692,7,2018-11-19,"Like Crazy","Like Crazy",https://www.imdb.com/title/tt1758692,Movie,6.6,86,2011,"Drama, Romance",64768,"2012-01-27","Drake Doremus"
tt1840309,5,2018-11-19,"Divergent","Divergent",https://www.imdb.com/title/tt1840309,Movie,6.6,139,2014,"Mystery, Sci-Fi, Adventure, Action, Drama",521514,"2014-03-21","Neil Burger"
tt1951266,7,2018-11-19,"The Hunger Games: Mockingjay - Part 2","The Hunger Games: Mockingjay - Part 2",https://www.imdb.com/title/tt1951266,Movie,6.6,137,2015,"Sci-Fi, Thriller, Adventure, Action",419419,"2015-11-20","Francis Lawrence"
tt1951265,6,2018-11-19,"The Hunger Games: Mockingjay - Part 1","The Hunger Games: Mockingjay - Part 1",https://www.imdb.com/title/tt1951265,Movie,6.6,123,2014,"Sci-Fi, Adventure, Thriller, Action",551649,"2014-11-21","Francis Lawrence"
tt1951264,7,2018-11-19,"The Hunger Games: Catching Fire","The Hunger Games: Catching Fire",https://www.imdb.com/title/tt1951264,Movie,7.5,146,2013,"Sci-Fi, Thriller, Action, Adventure, Romance",780350,"2013-11-22","Francis Lawrence"
tt1392170,7,2018-11-19,"The Hunger Games","The Hunger Games",https://www.imdb.com/title/tt1392170,Movie,7.2,142,2012,"Adventure, Sci-Fi, Thriller, Action",1090798,"2012-03-23","Gary Ross"
tt6543652,8,2018-11-19,"Cold War","Zimna wojna",https://www.imdb.com/title/tt6543652,Movie,7.5,89,2018,"Drama, Romance, Music",65882,"2018-06-08","Paweł Pawlikowski"
tt2718492,7,2018-11-19,"Ida","Ida",https://www.imdb.com/title/tt2718492,Movie,7.4,82,2013,"Drama",63452,"2013-10-25","Paweł Pawlikowski"
tt4433890,6,2018-11-18,"The Oath","Eiðurinn",https://www.imdb.com/title/tt4433890,Movie,6.4,103,2016,"Crime, Drama, Thriller",2613,"2016-09-09","Baltasar Kormákur"
tt6663582,6,2018-11-18,"The Spy Who Dumped Me","The Spy Who Dumped Me",https://www.imdb.com/title/tt6663582,Movie,6.1,117,2018,"Comedy, Action, Adventure",87770,"2018-08-03","Susanna Fogel"
tt5688932,7,2018-11-18,"Sorry to Bother You","Sorry to Bother You",https://www.imdb.com/title/tt5688932,Movie,6.9,112,2018,"Comedy, Fantasy, Sci-Fi, Drama",95381,"2018-07-13","Boots Riley"
tt2315596,6,2018-11-18,"Galveston","Galveston",https://www.imdb.com/title/tt2315596,Movie,6.2,93,2018,"Drama, Thriller, Action, Crime",17434,"2018-10-19","Mélanie Laurent"
tt1340107,8,2018-11-18,"In a Better World","Hævnen",https://www.imdb.com/title/tt1340107,Movie,7.6,118,2010,"Drama, Romance",43204,"2010-08-26","Susanne Bier"
tt0112818,7,2018-11-18,"Dead Man Walking","Dead Man Walking",https://www.imdb.com/title/tt0112818,Movie,7.5,122,1995,"Crime, Drama",109033,"1996-02-02","Tim Robbins"
tt7349662,7,2018-11-18,"BlacKkKlansman","BlacKkKlansman",https://www.imdb.com/title/tt7349662,Movie,7.5,135,2018,"Biography, Crime, Drama, Comedy, Thriller",316723,"2018-08-10","Spike Lee"
tt8135494,7,2018-11-18,"Active Measures","Active Measures",https://www.imdb.com/title/tt8135494,Movie,7.7,109,2018,"Documentary",8034,"2018-08-31","Jack Bryan"
tt0387131,8,2018-11-18,"The Constant Gardener","The Constant Gardener",https://www.imdb.com/title/tt0387131,Movie,7.3,129,2005,"Drama, Thriller, Mystery, Romance",156395,"2005-08-31","Fernando Meirelles"
tt5203824,8,2018-11-18,"A Plastic Ocean","A Plastic Ocean",https://www.imdb.com/title/tt5203824,Movie,7.9,102,2016,"Documentary",3387,"2017-04-19","Craig Leeson"
tt4295140,9,2018-11-18,"Chef's Table","Chef's Table",https://www.imdb.com/title/tt4295140,TV Series,8.5,50,2015,"Documentary, Biography",17746,"2015-04-26",
tt5580146,8,2018-11-18,"Maniac","Maniac",https://www.imdb.com/title/tt5580146,TV Mini Series,7.6,40,2018,"Comedy, Drama, Sci-Fi",93793,"2018-09-21",
tt5820976,8,2018-11-17,"El marginal","El marginal",https://www.imdb.com/title/tt5820976,TV Series,8.1,60,2016,"Crime, Mystery, Thriller, Drama",5658,"2016-10-07",
tt8075496,7,2018-11-14,"Bao","Bao",https://www.imdb.com/title/tt8075496,Short,7.5,8,2018,"Animation, Short, Family, Fantasy, Drama",35938,"2018-06-15","Domee Shi"
tt2062700,6,2018-11-14,"Song to Song","Song to Song",https://www.imdb.com/title/tt2062700,Movie,5.6,129,2017,"Drama, Music, Romance",24416,"2017-03-17","Terrence Malick"
tt5929776,8,2018-11-14,"Before the Flood","Before the Flood",https://www.imdb.com/title/tt5929776,Movie,8.2,96,2016,"Documentary, News",29740,"2016-10-30","Fisher Stevens"
tt5649144,7,2018-11-09,"The Florida Project","The Florida Project",https://www.imdb.com/title/tt5649144,Movie,7.6,111,2017,"Drama",148605,"2017-11-10","Sean Baker"
tt0861689,6,2018-11-09,"Blindness","Blindness",https://www.imdb.com/title/tt0861689,Movie,6.5,121,2008,"Drama, Thriller, Mystery",77393,"2008-10-03","Fernando Meirelles"
tt1925421,7,2018-11-09,"Elena","Elena",https://www.imdb.com/title/tt1925421,Movie,7.3,109,2011,"Drama, Crime, Thriller",16165,"2011-09-29","Andrey Zvyagintsev"
tt4120176,5,2018-11-08,"Things to Come","L'avenir",https://www.imdb.com/title/tt4120176,Movie,6.9,102,2016,"Drama",15455,"2016-04-06","Mia Hansen-Løve"
tt3504604,6,2018-11-06,"Steve McQueen: The Man & Le Mans","Steve McQueen: The Man & Le Mans",https://www.imdb.com/title/tt3504604,Movie,6.8,112,2015,"Documentary",1766,"2015-11-13","Gabriel Clarke,John McKenna"
tt0057115,9,2018-11-05,"The Great Escape","The Great Escape",https://www.imdb.com/title/tt0057115,Movie,8.2,172,1963,"Drama, Thriller, War, Adventure",279280,"1963-07-04","John Sturges"
tt0054047,8,2018-11-05,"The Magnificent Seven","The Magnificent Seven",https://www.imdb.com/title/tt0054047,Movie,7.7,128,1960,"Adventure, Action, Drama, Western",111415,"1960-10-12","John Sturges"
tt1816518,8,2018-11-05,"Ernest & Celestine","Ernest et Célestine",https://www.imdb.com/title/tt1816518,Movie,7.8,80,2012,"Animation, Drama, Family, Comedy, Crime, Adventure, Fantasy",24555,"2014-02-28","Stéphane Aubier,Vincent Patar,Benjamin Renner"
tt1457767,8,2018-11-05,"The Conjuring","The Conjuring",https://www.imdb.com/title/tt1457767,Movie,7.5,112,2013,"Horror, Mystery, Thriller",630108,"2013-07-19","James Wan"
tt2316204,7,2018-11-05,"Alien: Covenant","Alien: Covenant",https://www.imdb.com/title/tt2316204,Movie,6.4,122,2017,"Sci-Fi, Thriller, Horror",347878,"2017-05-19","Ridley Scott"
tt3409392,6,2018-11-04,"Timbuktu","Timbuktu",https://www.imdb.com/title/tt3409392,Movie,7.1,96,2014,"Drama, War",19069,"2014-12-10","Abderrahmane Sissako"
tt4244998,7,2018-11-04,"Alpha","Alpha",https://www.imdb.com/title/tt4244998,Movie,6.6,96,2018,"Drama, Adventure",72263,"2018-08-17","Albert Hughes"
tt0499549,8,2018-11-03,"Avatar","Avatar",https://www.imdb.com/title/tt0499549,Movie,7.9,162,2009,"Sci-Fi, Action, Adventure, Fantasy",1511564,"2009-12-18","James Cameron"
tt3139086,7,2018-11-01,"Batman: Assault on Arkham","Batman: Assault on Arkham",https://www.imdb.com/title/tt3139086,Video,7.4,76,2014,"Animation, Action, Crime, Thriller, Sci-Fi, Adventure, Fantasy",40343,"2014-07-29","Jay Oliva,Ethan Spaulding"
tt0974014,6,2018-10-31,"Creation","Creation",https://www.imdb.com/title/tt0974014,Movie,6.6,108,2009,"Biography, Drama, Romance",15678,"2009-09-25","Jon Amiel"
tt0472033,7,2018-10-31,"9","9",https://www.imdb.com/title/tt0472033,Movie,7.0,79,2009,"Animation, Adventure, Sci-Fi, Action, Drama, Thriller, Fantasy",158213,"2009-09-09","Shane Acker"
tt0831884,7,2018-10-31,"Reservation Road","Reservation Road",https://www.imdb.com/title/tt0831884,Movie,6.6,102,2007,"Drama, Thriller, Crime",26073,"2007-11-15","Terry George"
tt0970416,5,2018-10-31,"The Day the Earth Stood Still","The Day the Earth Stood Still",https://www.imdb.com/title/tt0970416,Movie,5.5,104,2008,"Sci-Fi, Drama, Thriller, Adventure",188313,"2008-12-12","Scott Derrickson"
tt0183659,7,2018-10-31,"Pollock","Pollock",https://www.imdb.com/title/tt0183659,Movie,7.0,122,2000,"Biography, Drama",31119,"2001-03-23","Ed Harris"
tt0286716,4,2018-10-31,"Hulk","Hulk",https://www.imdb.com/title/tt0286716,Movie,5.7,138,2003,"Sci-Fi, Action",294215,"2003-06-20","Ang Lee"
tt0315983,7,2018-10-31,"House of Sand and Fog","House of Sand and Fog",https://www.imdb.com/title/tt0315983,Movie,7.5,126,2003,"Crime, Drama",76138,"2004-01-09","Vadim Perelman"
tt0382628,6,2018-10-31,"Dark Water","Dark Water",https://www.imdb.com/title/tt0382628,Movie,5.6,105,2005,"Drama, Horror, Mystery",68077,"2005-07-08","Walter Salles"
tt0404203,8,2018-10-31,"Little Children","Little Children",https://www.imdb.com/title/tt0404203,Movie,7.5,137,2006,"Drama, Romance",122441,"2007-02-09","Todd Field"
tt1959490,5,2018-10-31,"Noah","Noah",https://www.imdb.com/title/tt1959490,Movie,5.8,138,2014,"Drama, Adventure, Action",278253,"2014-03-28","Darren Aronofsky"
tt0069704,8,2018-10-30,"American Graffiti","American Graffiti",https://www.imdb.com/title/tt0069704,Movie,7.4,110,1973,"Drama, Comedy",106285,"1973-08-11","George Lucas"
tt6573444,6,2018-10-29,"Human Flow","Human Flow",https://www.imdb.com/title/tt6573444,Movie,7.2,140,2017,"Documentary",2905,"2017-10-20","Ai Weiwei"
tt1228987,7,2018-10-29,"Let Me In","Let Me In",https://www.imdb.com/title/tt1228987,Movie,7.1,116,2010,"Drama, Mystery, Horror, Thriller, Fantasy",133812,"2010-10-01","Matt Reeves"
tt6288124,7,2018-10-29,"Don't Worry, He Won't Get Far on Foot","Don't Worry, He Won't Get Far on Foot",https://www.imdb.com/title/tt6288124,Movie,6.8,114,2018,"Drama, Biography, Comedy",33462,"2018-04-04","Gus Van Sant"
tt2315582,5,2018-10-29,"Una","Una",https://www.imdb.com/title/tt2315582,Movie,6.2,94,2016,"Drama",12235,"2017-09-01","Benedict Andrews"
tt1584016,7,2018-10-28,"Catfish","Catfish",https://www.imdb.com/title/tt1584016,Movie,7.1,87,2010,"Documentary, Drama, Mystery, Thriller",43891,"2010-10-01","Henry Joost,Ariel Schulman"
tt1966604,8,2018-10-28,"The Imposter","The Imposter",https://www.imdb.com/title/tt1966604,Movie,7.4,99,2012,"Documentary, Biography, Crime, Drama, Thriller",53234,"2012-08-24","Bart Layton"
tt0368447,7,2018-10-28,"The Village","The Village",https://www.imdb.com/title/tt0368447,Movie,6.6,108,2004,"Thriller, Mystery, Drama",298432,"2004-07-30","M. Night Shyamalan"
tt0452637,5,2018-10-28,"Lady in the Water","Lady in the Water",https://www.imdb.com/title/tt0452637,Movie,5.5,110,2006,"Mystery, Fantasy, Drama, Thriller",108358,"2006-07-21","M. Night Shyamalan"
tt2788732,6,2018-10-28,"Pete's Dragon","Pete's Dragon",https://www.imdb.com/title/tt2788732,Movie,6.7,102,2016,"Family, Adventure, Fantasy, Action, Comedy, Drama",64760,"2016-08-12","David Lowery"
tt5598102,8,2018-10-28,"Faces Places","Visages villages",https://www.imdb.com/title/tt5598102,Movie,7.8,94,2017,"Documentary, Adventure",14501,"2017-06-28","JR,Agnès Varda"
tt0983213,6,2018-10-27,"5 Centimeters per Second","Byôsoku 5 senchimêtoru",https://www.imdb.com/title/tt0983213,Movie,7.4,63,2007,"Animation, Romance, Drama, Family",71730,"2007-03-03","Makoto Shinkai"
tt1392190,9,2018-10-27,"Mad Max: Fury Road","Mad Max: Fury Road",https://www.imdb.com/title/tt1392190,Movie,8.1,120,2015,"Action, Adventure, Sci-Fi",1216771,"2015-05-15","George Miller"
tt0082694,8,2018-10-27,"The Road Warrior","Mad Max 2",https://www.imdb.com/title/tt0082694,Movie,7.6,96,1981,"Sci-Fi, Thriller, Adventure, Action",214570,"1982-05-21","George Miller"
tt4080956,7,2018-10-27,"A Prayer Before Dawn","A Prayer Before Dawn",https://www.imdb.com/title/tt4080956,Movie,6.8,116,2017,"Biography, Crime, Drama, Sport, Action",29285,"2018-08-10","Jean-Stéphane Sauvaire"
tt2671706,7,2018-10-26,"Fences","Fences",https://www.imdb.com/title/tt2671706,Movie,7.2,139,2016,"Drama",126186,"2016-12-25","Denzel Washington"
tt0015324,8,2018-10-26,"Sherlock Jr.","Sherlock Jr.",https://www.imdb.com/title/tt0015324,Movie,8.1,45,1924,"Action, Romance, Comedy",66667,"1924-05-11","Buster Keaton"
tt5358978,7,2018-10-26,"Pear Cider and Cigarettes","Pear Cider and Cigarettes",https://www.imdb.com/title/tt5358978,Short,6.9,35,2016,"Animation, Short, Drama",1405,"2016-07-01","Robert Valley"
tt5516328,6,2018-10-26,"Ghost Stories","Ghost Stories",https://www.imdb.com/title/tt5516328,Movie,6.4,98,2017,"Drama, Horror, Mystery",40328,"2018-04-20","Jeremy Dyson,Andy Nyman"
tt7014006,7,2018-10-24,"Eighth Grade","Eighth Grade",https://www.imdb.com/title/tt7014006,Movie,7.3,93,2018,"Comedy, Drama",87311,"2018-08-03","Bo Burnham"
tt1127715,7,2018-10-22,"Sin Nombre","Sin nombre",https://www.imdb.com/title/tt1127715,Movie,7.5,96,2009,"Thriller, Crime, Drama, Adventure",35142,"2009-04-17","Cary Joji Fukunaga"
tt0012349,9,2018-10-22,"The Kid","The Kid",https://www.imdb.com/title/tt0012349,Movie,8.2,68,1921,"Family, Drama, Comedy",146694,"1921-02-06","Charles Chaplin"
tt0056217,8,2018-10-22,"The Man Who Shot Liberty Valance","The Man Who Shot Liberty Valance",https://www.imdb.com/title/tt0056217,Movie,8.1,123,1962,"Drama, Western",89462,"1962-04-22","John Ford"
tt0056592,9,2018-10-22,"To Kill a Mockingbird","To Kill a Mockingbird",https://www.imdb.com/title/tt0056592,Movie,8.2,129,1962,"Crime, Drama",352467,"1963-03-16","Robert Mulligan"
tt0059578,8,2018-10-22,"For a Few Dollars More","Per qualche dollaro in più",https://www.imdb.com/title/tt0059578,Movie,8.2,132,1965,"Drama, Western",302767,"1967-05-10","Sergio Leone"
tt0064116,9,2018-10-21,"Once Upon a Time in the West","C'era una volta il West",https://www.imdb.com/title/tt0064116,Movie,8.5,145,1968,"Drama, Western",386700,"1969-07-04","Sergio Leone"
tt0066921,9,2018-10-21,"A Clockwork Orange","A Clockwork Orange",https://www.imdb.com/title/tt0066921,Movie,8.2,136,1971,"Crime, Sci-Fi",942147,"1972-02-02","Stanley Kubrick"
tt0071315,9,2018-10-21,"Chinatown","Chinatown",https://www.imdb.com/title/tt0071315,Movie,8.1,130,1974,"Drama, Thriller, Mystery",378925,"1974-06-20","Roman Polanski"
tt0072890,9,2018-10-21,"Dog Day Afternoon","Dog Day Afternoon",https://www.imdb.com/title/tt0072890,Movie,8.0,125,1975,"Thriller, Biography, Crime, Drama",293568,"1975-12-25","Sidney Lumet"
tt0081398,9,2018-10-21,"Raging Bull","Raging Bull",https://www.imdb.com/title/tt0081398,Movie,8.1,129,1980,"Sport, Biography, Drama",412806,"1980-12-19","Martin Scorsese"
tt0086250,9,2018-10-21,"Scarface","Scarface",https://www.imdb.com/title/tt0086250,Movie,8.3,170,1983,"Crime, Drama",1029230,"1983-12-09","Brian De Palma"
tt0093058,8,2018-10-21,"Full Metal Jacket","Full Metal Jacket",https://www.imdb.com/title/tt0093058,Movie,8.2,116,1987,"Drama, War",856734,"1987-07-10","Stanley Kubrick"
tt0094226,8,2018-10-21,"The Untouchables","The Untouchables",https://www.imdb.com/title/tt0094226,Movie,7.8,119,1987,"Thriller, Drama, Crime",355836,"1987-06-03","Brian De Palma"
tt0097165,8,2018-10-21,"Dead Poets Society","Dead Poets Society",https://www.imdb.com/title/tt0097165,Movie,8.1,128,1989,"Comedy, Drama",664458,"1989-06-09","Peter Weir"
tt0125659,8,2018-10-21,"Open Your Eyes","Abre los ojos",https://www.imdb.com/title/tt0125659,Movie,7.7,119,1997,"Mystery, Thriller, Sci-Fi, Drama",76250,"1997-12-19","Alejandro Amenábar"
tt0120382,9,2018-10-21,"The Truman Show","The Truman Show",https://www.imdb.com/title/tt0120382,Movie,8.2,103,1998,"Comedy, Drama",1396893,"1998-06-05","Peter Weir"
tt0146882,8,2018-10-21,"High Fidelity","High Fidelity",https://www.imdb.com/title/tt0146882,Movie,7.4,113,2000,"Music, Romance, Drama, Comedy",200480,"2000-03-31","Stephen Frears"
tt0245712,8,2018-10-21,"Amores Perros","Amores perros",https://www.imdb.com/title/tt0245712,Movie,8.0,154,2000,"Thriller, Drama",272425,"2001-04-13","Alejandro G. Iñárritu"
tt0208092,8,2018-10-21,"Snatch","Snatch",https://www.imdb.com/title/tt0208092,Movie,8.2,102,2000,"Comedy, Crime",982801,"2001-01-19","Guy Ritchie"
tt0268978,9,2018-10-21,"A Beautiful Mind","A Beautiful Mind",https://www.imdb.com/title/tt0268978,Movie,8.2,135,2001,"Biography, Mystery, Drama",1060792,"2002-01-04","Ron Howard"
tt0315733,8,2018-10-21,"21 Grams","21 Grams",https://www.imdb.com/title/tt0315733,Movie,7.6,124,2003,"Crime, Thriller, Drama",253215,"2004-01-16","Alejandro G. Iñárritu"
tt0319061,8,2018-10-21,"Big Fish","Big Fish",https://www.imdb.com/title/tt0319061,Movie,7.9,125,2003,"Fantasy, Adventure, Romance, Drama",479148,"2004-01-09","Tim Burton"
tt0338013,9,2018-10-21,"Eternal Sunshine of the Spotless Mind","Eternal Sunshine of the Spotless Mind",https://www.imdb.com/title/tt0338013,Movie,8.3,108,2004,"Drama, Sci-Fi, Romance",1191959,"2004-03-19","Michel Gondry"
tt0376541,7,2018-10-21,"Closer","Closer",https://www.imdb.com/title/tt0376541,Movie,7.1,104,2004,"Drama, Romance",252100,"2004-12-03","Mike Nichols"
tt0425210,8,2018-10-21,"Lucky Number Slevin","Lucky Number Slevin",https://www.imdb.com/title/tt0425210,Movie,7.7,110,2006,"Thriller, Crime, Drama",340623,"2006-04-07","Paul McGuigan"
tt0457430,8,2018-10-21,"Pan's Labyrinth","El laberinto del fauno",https://www.imdb.com/title/tt0457430,Movie,8.2,118,2006,"Drama, Fantasy, War",751169,"2007-01-19","Guillermo del Toro"
tt0851578,8,2018-10-21,"Paprika","Paprika",https://www.imdb.com/title/tt0851578,Movie,7.7,90,2006,"Animation, Mystery, Sci-Fi, Thriller, Fantasy, Drama",115039,"2007-06-22","Satoshi Kon"
tt0407887,9,2018-10-21,"The Departed","The Departed",https://www.imdb.com/title/tt0407887,Movie,8.5,151,2006,"Crime, Drama, Thriller",1571195,"2006-10-06","Martin Scorsese"
tt0907657,8,2018-10-21,"Once","Once",https://www.imdb.com/title/tt0907657,Movie,7.8,86,2006,"Musical, Music, Drama, Romance",126242,"2007-06-15","John Carney"
tt0829482,8,2018-10-21,"Superbad","Superbad",https://www.imdb.com/title/tt0829482,Movie,7.6,113,2007,"Comedy",701115,"2007-08-17","Greg Mottola"
tt1185616,8,2018-10-21,"Waltz with Bashir","Vals Im Bashir",https://www.imdb.com/title/tt1185616,Movie,8.0,90,2008,"Animation, Documentary, Biography, Drama, War, History, Mystery",62875,"2008-06-12","Ari Folman"
tt1125849,9,2018-10-21,"The Wrestler","The Wrestler",https://www.imdb.com/title/tt1125849,Movie,7.9,109,2008,"Drama, Sport",332241,"2009-01-30","Darren Aronofsky"
tt1022603,8,2018-10-21,"500 Days of Summer","(500) Days of Summer",https://www.imdb.com/title/tt1022603,Movie,7.6,95,2009,"Comedy, Drama, Romance",625158,"2009-08-07","Marc Webb"
tt1178663,7,2018-10-21,"Whatever Works","Whatever Works",https://www.imdb.com/title/tt1178663,Movie,7.1,93,2009,"Comedy, Romance",79504,"2009-07-03","Woody Allen"
tt1156398,7,2018-10-21,"Zombieland","Zombieland",https://www.imdb.com/title/tt1156398,Movie,7.5,88,2009,"Comedy, Action, Horror",672375,"2009-10-02","Ruben Fleischer"
tt0386117,7,2018-10-21,"Where the Wild Things Are","Where the Wild Things Are",https://www.imdb.com/title/tt0386117,Movie,6.7,101,2009,"Adventure, Drama, Fantasy, Family",112450,"2009-10-16","Spike Jonze"
tt1120985,8,2018-10-21,"Blue Valentine","Blue Valentine",https://www.imdb.com/title/tt1120985,Movie,7.3,112,2010,"Romance, Drama",227720,"2011-01-28","Derek Cianfrance"
tt1250777,8,2018-10-21,"Kick-Ass","Kick-Ass",https://www.imdb.com/title/tt1250777,Movie,7.6,117,2010,"Comedy, Action, Crime",623472,"2010-04-16","Matthew Vaughn"
tt0036775,8,2018-10-21,"Double Indemnity","Double Indemnity",https://www.imdb.com/title/tt0036775,Movie,8.3,107,1944,"Thriller, Drama, Mystery, Crime, Film-Noir",182745,"1944-07-06","Billy Wilder"
tt5057140,6,2018-10-21,"Hold the Dark","Hold the Dark",https://www.imdb.com/title/tt5057140,Movie,5.6,125,2018,"Thriller, Drama, Crime, Mystery, Action",43498,"2018-09-28","Jeremy Saulnier"
tt5095030,8,2018-10-09,"Ant-Man and the Wasp","Ant-Man and the Wasp",https://www.imdb.com/title/tt5095030,Movie,7.0,118,2018,"Action, Adventure, Sci-Fi, Comedy",502847,"2018-07-06","Peyton Reed"
tt7664504,8,2018-10-09,"Three Identical Strangers","Three Identical Strangers",https://www.imdb.com/title/tt7664504,Movie,7.6,96,2018,"Documentary, Biography, Drama, Mystery, History",45277,"2018-11-30","Tim Wardle"
tt1043800,6,2018-10-08,"El mal ajeno","El mal ajeno",https://www.imdb.com/title/tt1043800,Movie,6.2,107,2010,"Drama, Sci-Fi, Thriller",2090,"2010-03-18","Oskar Santos"
tt0837562,7,2018-10-08,"Hotel Transylvania","Hotel Transylvania",https://www.imdb.com/title/tt0837562,Movie,7.1,91,2012,"Animation, Comedy, Family, Fantasy",318157,"2012-09-28","Genndy Tartakovsky"
tt5220122,5,2018-10-08,"Hotel Transylvania 3: Summer Vacation","Hotel Transylvania 3: Summer Vacation",https://www.imdb.com/title/tt5220122,Movie,6.3,97,2018,"Animation, Comedy, Fantasy, Family, Adventure, Romance",101653,"2018-07-13","Genndy Tartakovsky"
tt0360717,8,2018-10-08,"King Kong","King Kong",https://www.imdb.com/title/tt0360717,Movie,7.2,187,2005,"Adventure, Action, Romance",473251,"2005-12-14","Peter Jackson"
tt0380510,7,2018-10-08,"The Lovely Bones","The Lovely Bones",https://www.imdb.com/title/tt0380510,Movie,6.6,135,2009,"Drama, Fantasy, Thriller",193068,"2010-01-15","Peter Jackson"
tt4769824,8,2018-10-07,"In This Corner of the World","Kono sekai no katasumi ni",https://www.imdb.com/title/tt4769824,Movie,7.8,129,2016,"Animation, Drama, History, War",14064,"2016-11-12","Sunao Katabuchi"
tt5834262,6,2018-10-07,"Hotel Artemis","Hotel Artemis",https://www.imdb.com/title/tt5834262,Movie,6.1,94,2018,"Thriller, Action, Drama, Crime, Sci-Fi",62888,"2018-06-08","Drew Pearce"
tt0278504,8,2018-10-01,"Insomnia","Insomnia",https://www.imdb.com/title/tt0278504,Movie,7.2,118,2002,"Mystery, Drama, Thriller",349649,"2002-05-24","Christopher Nolan"
tt0154506,8,2018-10-01,"Following","Following",https://www.imdb.com/title/tt0154506,Movie,7.4,70,1998,"Crime, Thriller, Mystery",113637,"1999-11-05","Christopher Nolan"
tt2368672,7,2018-09-30,"Minuscule: Valley of the Lost Ants","Minuscule: La vallée des fourmis perdues",https://www.imdb.com/title/tt2368672,Movie,7.1,89,2013,"Animation, Adventure, Family, Action, Comedy, War",9721,"2015-08-21","Hélène Giraud,Thomas Szabo"
tt4334266,5,2018-09-30,"The Bad Batch","The Bad Batch",https://www.imdb.com/title/tt4334266,Movie,5.2,118,2016,"Romance, Sci-Fi, Action, Horror, Mystery",38142,"2017-06-23","Ana Lily Amirpour"
tt4874696,9,2018-09-30,"Borrowed Time","Borrowed Time",https://www.imdb.com/title/tt4874696,Short,7.5,7,2015,"Animation, Short, Drama, Western",4809,"2016-10-14","Andrew Coats,Lou Hamou-Lhadj"
tt5952266,8,2018-09-30,"The Ivory Game","The Ivory Game",https://www.imdb.com/title/tt5952266,Movie,7.8,112,2016,"Documentary",3660,"2016-11-04","Kief Davidson,Richard Ladkani"
tt3455224,9,2018-09-30,"Virunga","Virunga",https://www.imdb.com/title/tt3455224,Movie,8.1,100,2014,"Documentary, War",12840,"2014-11-07","Orlando von Einsiedel"
tt1322269,7,2018-09-30,"August: Osage County","August: Osage County",https://www.imdb.com/title/tt1322269,Movie,7.2,121,2013,"Drama, Comedy",100284,"2014-01-10","John Wells"
tt0051201,9,2018-09-30,"Witness for the Prosecution","Witness for the Prosecution",https://www.imdb.com/title/tt0051201,Movie,8.4,116,1957,"Crime, Thriller, Drama, Mystery",163664,"1958-02-06","Billy Wilder"
tt1245492,6,2018-09-25,"This Is the End","This Is the End",https://www.imdb.com/title/tt1245492,Movie,6.6,107,2013,"Comedy, Fantasy, Sci-Fi, Thriller, Adventure",458110,"2013-06-12","Evan Goldberg,Seth Rogen"
tt6203570,7,2018-09-25,"Mountain","Mountain",https://www.imdb.com/title/tt6203570,Movie,7.2,74,2017,"Documentary",4422,"2018-05-11","Jennifer Peedom"
tt0362270,7,2018-09-24,"The Life Aquatic with Steve Zissou","The Life Aquatic with Steve Zissou",https://www.imdb.com/title/tt0362270,Movie,7.2,119,2004,"Comedy, Adventure, Drama, Action, Romance",221967,"2004-12-25","Wes Anderson"
tt0376968,8,2018-09-23,"The Return","Vozvrashchenie",https://www.imdb.com/title/tt0376968,Movie,7.9,110,2003,"Drama",49799,"2003-06-25","Andrey Zvyagintsev"
tt0119643,7,2018-09-23,"Meet Joe Black","Meet Joe Black",https://www.imdb.com/title/tt0119643,Movie,7.2,178,1998,"Drama, Romance, Fantasy",302147,"1998-11-13","Martin Brest"
tt0095631,8,2018-09-23,"Midnight Run","Midnight Run",https://www.imdb.com/title/tt0095631,Movie,7.5,126,1988,"Thriller, Crime, Comedy, Action",104713,"1988-07-20","Martin Brest"
tt6802896,6,2018-09-23,"The Ciambra","A Ciambra",https://www.imdb.com/title/tt6802896,Movie,6.9,118,2017,"Drama, Crime",3185,"2018-01-26","Jonas Carpignano"
tt0140352,8,2018-09-23,"The Insider","The Insider",https://www.imdb.com/title/tt0140352,Movie,7.8,157,1999,"Biography, History, Drama, Thriller",192767,"1999-11-05","Michael Mann"
tt0337978,7,2018-09-23,"Live Free or Die Hard","Live Free or Die Hard",https://www.imdb.com/title/tt0337978,Movie,7.1,128,2007,"Thriller, Action",437229,"2007-06-27","Len Wiseman"
tt0414993,9,2018-09-23,"The Fountain","The Fountain",https://www.imdb.com/title/tt0414993,Movie,7.1,97,2006,"Sci-Fi, Drama, Mystery, Romance",259170,"2006-11-22","Darren Aronofsky"
tt0488120,7,2018-09-23,"Fracture","Fracture",https://www.imdb.com/title/tt0488120,Movie,7.2,113,2007,"Crime, Drama, Thriller",237912,"2007-04-20","Gregory Hoblit"
tt0470752,9,2018-09-23,"Ex Machina","Ex Machina",https://www.imdb.com/title/tt0470752,Movie,7.7,108,2014,"Drama, Sci-Fi, Thriller",643936,"2015-04-24","Alex Garland"
tt0117951,9,2018-09-23,"Trainspotting","Trainspotting",https://www.imdb.com/title/tt0117951,Movie,8.1,93,1996,"Crime, Drama",772490,"1996-08-09","Danny Boyle"
tt0289043,9,2018-09-23,"28 Days Later","28 Days Later",https://www.imdb.com/title/tt0289043,Movie,7.5,113,2002,"Sci-Fi, Thriller, Drama, Horror",553515,"2003-06-27","Danny Boyle"
tt0366777,7,2018-09-23,"Millions","Millions",https://www.imdb.com/title/tt0366777,Movie,6.8,98,2004,"Drama, Comedy, Crime, Family",27318,"2005-04-29","Danny Boyle"
tt1542344,8,2018-09-23,"127 Hours","127 Hours",https://www.imdb.com/title/tt1542344,Movie,7.5,94,2010,"Drama, Biography",426918,"2011-01-28","Danny Boyle"
tt1924429,7,2018-09-23,"Trance","Trance",https://www.imdb.com/title/tt1924429,Movie,6.9,101,2013,"Crime, Drama, Thriller, Mystery",121316,"2013-03-27","Danny Boyle"
tt0111149,7,2018-09-23,"Shallow Grave","Shallow Grave",https://www.imdb.com/title/tt0111149,Movie,7.2,89,1994,"Crime, Drama, Thriller",71314,"1995-02-10","Danny Boyle"
tt0448134,8,2018-09-23,"Sunshine","Sunshine",https://www.imdb.com/title/tt0448134,Movie,7.2,107,2007,"Sci-Fi, Thriller",289649,"2007-07-27","Danny Boyle"
tt0445620,8,2018-09-23,"Paradise Now","Paradise Now",https://www.imdb.com/title/tt0445620,Movie,7.4,91,2005,"Drama, Crime, Thriller, War",24950,"2005-11-18","Hany Abu-Assad"
tt2226597,6,2018-09-23,"The Mountain Between Us","The Mountain Between Us",https://www.imdb.com/title/tt2226597,Movie,6.4,112,2017,"Drama, Thriller",88747,"2017-10-06","Hany Abu-Assad"
tt3335606,6,2018-09-22,"Berlin Syndrome","Berlin Syndrome",https://www.imdb.com/title/tt3335606,Movie,6.3,116,2017,"Thriller, Drama, Horror, Mystery",29426,"2017-05-26","Cate Shortland"
tt5221584,8,2018-09-22,"Aquarius","Aquarius",https://www.imdb.com/title/tt5221584,Movie,7.4,146,2016,"Drama",22269,"2016-09-01","Kleber Mendonça Filho"
tt0454848,8,2018-09-22,"Inside Man","Inside Man",https://www.imdb.com/title/tt0454848,Movie,7.6,129,2006,"Crime, Drama, Thriller, Mystery",427701,"2006-03-24","Spike Lee"
tt5186714,8,2018-09-19,"The Salesman","Forooshande",https://www.imdb.com/title/tt5186714,Movie,7.7,124,2016,"Drama, Thriller",69229,"2016-08-31","Asghar Farhadi"
tt5311514,8,2018-09-17,"Your Name.","Kimi no na wa.",https://www.imdb.com/title/tt5311514,Movie,8.4,106,2016,"Animation, Drama, Romance, Fantasy",401286,"2017-04-07","Makoto Shinkai"
tt1376717,7,2018-09-16,"Play","Play",https://www.imdb.com/title/tt1376717,Movie,7.1,118,2011,"Drama",7072,"2011-11-11","Ruben Östlund"
tt0332452,7,2018-09-16,"Troy","Troy",https://www.imdb.com/title/tt0332452,Movie,7.3,163,2004,"Action, Adventure",642439,"2004-05-14","Wolfgang Petersen"
tt0493464,6,2018-09-16,"Wanted","Wanted",https://www.imdb.com/title/tt0493464,Movie,6.7,110,2008,"Action, Thriller, Crime",430468,"2008-06-27","Timur Bekmambetov"
tt0381061,8,2018-09-16,"Casino Royale","Casino Royale",https://www.imdb.com/title/tt0381061,Movie,8.0,144,2006,"Thriller, Action, Adventure",751835,"2006-11-17","Martin Campbell"
tt0988045,8,2018-09-16,"Sherlock Holmes","Sherlock Holmes",https://www.imdb.com/title/tt0988045,Movie,7.5,128,2009,"Adventure, Mystery, Action",709973,"2009-12-25","Guy Ritchie"
tt0372183,8,2018-09-16,"The Bourne Supremacy","The Bourne Supremacy",https://www.imdb.com/title/tt0372183,Movie,7.7,108,2004,"Thriller, Action, Mystery",516601,"2004-07-23","Paul Greengrass"
tt0258463,8,2018-09-16,"The Bourne Identity","The Bourne Identity",https://www.imdb.com/title/tt0258463,Movie,7.8,119,2002,"Mystery, Thriller, Action",618405,"2002-06-14","Doug Liman"
tt5164214,6,2018-09-16,"Ocean's Eight","Ocean's Eight",https://www.imdb.com/title/tt5164214,Movie,6.3,110,2018,"Crime, Comedy, Thriller",263564,"2018-06-08","Gary Ross"
tt0317740,8,2018-09-16,"The Italian Job","The Italian Job",https://www.imdb.com/title/tt0317740,Movie,7.0,111,2003,"Thriller, Crime, Action",409643,"2003-05-30","F. Gary Gray"
tt0356910,7,2018-09-16,"Mr. & Mrs. Smith","Mr. & Mrs. Smith",https://www.imdb.com/title/tt0356910,Movie,6.5,120,2005,"Comedy, Crime, Thriller, Action",599969,"2005-06-10","Doug Liman"
tt0240772,8,2018-09-16,"Ocean's Eleven","Ocean's Eleven",https://www.imdb.com/title/tt0240772,Movie,7.7,116,2001,"Thriller, Crime",680178,"2001-12-07","Steven Soderbergh"
tt0496806,7,2018-09-16,"Ocean's Thirteen","Ocean's Thirteen",https://www.imdb.com/title/tt0496806,Movie,6.9,122,2007,"Crime, Thriller",389372,"2007-06-08","Steven Soderbergh"
tt0349903,7,2018-09-16,"Ocean's Twelve","Ocean's Twelve",https://www.imdb.com/title/tt0349903,Movie,6.5,125,2004,"Thriller, Crime",440270,"2004-12-10","Steven Soderbergh"
tt0050825,8,2018-09-16,"Paths of Glory","Paths of Glory",https://www.imdb.com/title/tt0050825,Movie,8.4,88,1957,"Drama, War",241829,"1957-12-25","Stanley Kubrick"
tt0944835,6,2018-09-16,"Salt","Salt",https://www.imdb.com/title/tt0944835,Movie,6.5,100,2010,"Thriller, Action",344252,"2010-07-23","Phillip Noyce"
tt3778644,7,2018-09-16,"Solo: A Star Wars Story","Solo: A Star Wars Story",https://www.imdb.com/title/tt3778644,Movie,6.9,135,2018,"Sci-Fi, Action, Adventure",413461,"2018-05-25","Ron Howard"
tt2854926,6,2018-09-15,"Tag","Tag",https://www.imdb.com/title/tt2854926,Movie,6.5,100,2018,"Comedy, Action",163438,"2018-06-15","Jeff Tomsic"
tt0074860,8,2018-09-15,"Marathon Man","Marathon Man",https://www.imdb.com/title/tt0074860,Movie,7.4,125,1976,"Crime, Drama, Thriller",76232,"1976-10-08","John Schlesinger"
tt6987770,5,2018-09-14,"Destination Wedding","Destination Wedding",https://www.imdb.com/title/tt6987770,Movie,6.0,87,2018,"Comedy, Drama, Romance",36873,"2018-09-07","Victor Levin"
tt1235166,8,2018-09-10,"A Prophet","Un prophète",https://www.imdb.com/title/tt1235166,Movie,7.8,155,2009,"Crime, Drama",108077,"2010-03-26","Jacques Audiard"
tt5096536,7,2018-09-10,"Heal the Living","Réparer les vivants",https://www.imdb.com/title/tt5096536,Movie,6.8,103,2016,"Drama",3758,"2016-11-01","Katell Quillévéré"
tt4881806,6,2018-09-10,"Jurassic World: Fallen Kingdom","Jurassic World: Fallen Kingdom",https://www.imdb.com/title/tt4881806,Movie,6.2,128,2018,"Action, Adventure, Sci-Fi",385753,"2018-06-22","J.A. Bayona"
tt4978710,7,2018-09-09,"Marjorie Prime","Marjorie Prime",https://www.imdb.com/title/tt4978710,Movie,6.3,99,2017,"Drama, Sci-Fi, Romance",7290,"2017-10-19","Michael Almereyda"
tt3966404,8,2018-09-09,"Mustang","Mustang",https://www.imdb.com/title/tt3966404,Movie,7.6,97,2015,"Drama",43304,"2015-06-17","Deniz Gamze Ergüven"
tt0051378,8,2018-09-09,"Elevator to the Gallows","Ascenseur pour l'échafaud",https://www.imdb.com/title/tt0051378,Movie,7.9,91,1958,"Crime, Drama, Thriller",32087,"1958-02-01","Louis Malle"
tt4065414,7,2018-09-08,"A Good American","A Good American",https://www.imdb.com/title/tt4065414,Movie,7.3,100,2015,"Documentary, Biography, History, Thriller",1442,"2017-02-03","Friedrich Moser"
tt6135348,8,2018-09-08,"120 BPM (Beats Per Minute)","120 battements par minute",https://www.imdb.com/title/tt6135348,Movie,7.4,143,2017,"Drama",17765,"2017-10-20","Robin Campillo"
tt1255953,8,2018-08-20,"Incendies","Incendies",https://www.imdb.com/title/tt1255953,Movie,8.3,131,2010,"Drama, Mystery, War",256970,"2011-04-22","Denis Villeneuve"
tt1856101,8,2018-08-20,"Blade Runner 2049","Blade Runner 2049",https://www.imdb.com/title/tt1856101,Movie,8.0,164,2017,"Sci-Fi, Thriller, Action, Drama, Mystery",764323,"2017-10-06","Denis Villeneuve"
tt0472043,9,2018-08-20,"Apocalypto","Apocalypto",https://www.imdb.com/title/tt0472043,Movie,7.9,139,2006,"Adventure, Drama, Thriller, Action",363021,"2006-12-08","Mel Gibson"
tt0335345,8,2018-08-20,"The Passion of the Christ","The Passion of the Christ",https://www.imdb.com/title/tt0335345,Movie,7.3,127,2004,"Drama",276236,"2004-02-25","Mel Gibson"
tt0286106,7,2018-08-20,"Signs","Signs",https://www.imdb.com/title/tt0286106,Movie,6.8,106,2002,"Drama, Mystery, Sci-Fi, Thriller",417281,"2002-08-02","M. Night Shyamalan"
tt0120630,7,2018-08-20,"Chicken Run","Chicken Run",https://www.imdb.com/title/tt0120630,Movie,7.1,84,2000,"Animation, Adventure, Drama, Comedy, Family",226295,"2000-06-23","Peter Lord,Nick Park"
tt0187393,7,2018-08-20,"The Patriot","The Patriot",https://www.imdb.com/title/tt0187393,Movie,7.2,165,2000,"Drama, War, Action",315647,"2000-06-28","Roland Emmerich"
tt1226273,5,2018-08-20,"Edge of Darkness","Edge of Darkness",https://www.imdb.com/title/tt1226273,Movie,6.6,117,2010,"Drama, Thriller, Action, Adventure, Mystery",103940,"2010-01-29","Martin Campbell"
tt2119532,8,2018-08-20,"Hacksaw Ridge","Hacksaw Ridge",https://www.imdb.com/title/tt2119532,Movie,8.1,139,2016,"Drama, War, History, Biography",692671,"2016-11-04","Mel Gibson"
tt6499752,8,2018-08-20,"Upgrade","Upgrade",https://www.imdb.com/title/tt6499752,Movie,7.5,100,2018,"Sci-Fi, Thriller, Action",236975,"2018-06-01","Leigh Whannell"
tt1549572,7,2018-08-19,"Another Earth","Another Earth",https://www.imdb.com/title/tt1549572,Movie,6.9,92,2011,"Drama, Sci-Fi, Romance",104834,"2011-10-12","Mike Cahill"
tt2884206,8,2018-08-19,"I Origins","I Origins",https://www.imdb.com/title/tt2884206,Movie,7.3,106,2014,"Drama, Sci-Fi, Romance, Mystery",142082,"2014-07-18","Mike Cahill"
tt0065377,7,2018-08-19,"Airport","Airport",https://www.imdb.com/title/tt0065377,Movie,6.6,137,1970,"Action, Drama, Thriller",25012,"1970-03-19","George Seaton,Henry Hathaway"
tt2246565,7,2018-08-18,"An Honest Liar","An Honest Liar",https://www.imdb.com/title/tt2246565,Movie,7.4,90,2014,"Documentary, Biography, Comedy, History",11152,"2014-11-02","Tyler Measom,Justin Weinstein"
tt6644200,8,2018-08-17,"A Quiet Place","A Quiet Place",https://www.imdb.com/title/tt6644200,Movie,7.5,90,2018,"Drama, Horror, Sci-Fi",666408,"2018-04-06","John Krasinski"
tt4154756,8,2018-08-16,"Avengers: Infinity War","Avengers: Infinity War",https://www.imdb.com/title/tt4154756,Movie,8.4,149,2018,"Action, Sci-Fi, Adventure",1398636,"2018-04-27","Anthony Russo,Joe Russo"
tt2378507,7,2018-08-13,"The Glass Castle","The Glass Castle",https://www.imdb.com/title/tt2378507,Movie,7.1,127,2017,"Drama, Biography",41438,"2017-08-11","Destin Daniel Cretton"
tt2580382,6,2018-08-12,"The Survivalist","The Survivalist",https://www.imdb.com/title/tt2580382,Movie,6.4,104,2015,"Thriller, Drama, Sci-Fi",20500,"2016-02-12","Stephen Fingleton"
tt5463162,7,2018-08-12,"Deadpool 2","Deadpool 2",https://www.imdb.com/title/tt5463162,Movie,7.6,119,2018,"Action, Adventure, Comedy, Sci-Fi",753627,"2018-05-18","David Leitch"
tt6133130,7,2018-08-11,"Professor Marston & the Wonder Women","Professor Marston and the Wonder Women",https://www.imdb.com/title/tt6133130,Movie,7.0,108,2017,"Drama, Biography, History, Romance",30652,"2017-10-13","Angela Robinson"
tt0343818,8,2018-08-11,"I, Robot","I, Robot",https://www.imdb.com/title/tt0343818,Movie,7.1,115,2004,"Action, Mystery, Sci-Fi, Thriller",619188,"2004-07-16","Alex Proyas"
tt0360486,7,2018-08-11,"Constantine","Constantine",https://www.imdb.com/title/tt0360486,Movie,7.0,121,2005,"Fantasy, Horror, Action, Mystery",411742,"2005-02-18","Francis Lawrence"
tt0473488,7,2018-08-11,"A Guide to Recognizing Your Saints","A Guide to Recognizing Your Saints",https://www.imdb.com/title/tt0473488,Movie,6.9,100,2006,"Crime, Drama",28710,"2006-10-13","Dito Montiel"
tt0308055,7,2018-08-11,"Bobby","Bobby",https://www.imdb.com/title/tt0308055,Movie,7.0,117,2006,"History, Biography, Drama",44006,"2006-11-23","Emilio Estevez"
tt0486822,7,2018-08-11,"Disturbia","Disturbia",https://www.imdb.com/title/tt0486822,Movie,6.8,105,2007,"Thriller, Drama, Mystery, Crime",275911,"2007-04-13","D.J. Caruso"
tt1212450,7,2018-08-11,"Lawless","Lawless",https://www.imdb.com/title/tt1212450,Movie,7.2,116,2012,"Drama, Crime, Biography, Thriller",263710,"2012-08-29","John Hillcoat"
tt1027718,6,2018-08-11,"Wall Street: Money Never Sleeps","Wall Street: Money Never Sleeps",https://www.imdb.com/title/tt1027718,Movie,6.2,133,2010,"Drama",110230,"2010-09-24","Oliver Stone"
tt0317219,7,2018-08-10,"Cars","Cars",https://www.imdb.com/title/tt0317219,Movie,7.3,116,2006,"Animation, Family, Sport, Comedy, Adventure",545301,"2006-06-09","John Lasseter,Joe Ranft"
tt1216475,6,2018-08-10,"Cars 2","Cars 2",https://www.imdb.com/title/tt1216475,Movie,6.2,106,2011,"Animation, Comedy, Adventure, Family, Sport, Crime, Sci-Fi",262116,"2011-06-24","John Lasseter,Bradford Lewis"
tt2314952,7,2018-08-08,"Comedians in Cars Getting Coffee","Comedians in Cars Getting Coffee",https://www.imdb.com/title/tt2314952,TV Series,8.0,20,2012,"Talk-Show, Comedy, Family",14300,"2012-07-19",
tt2396589,8,2018-08-08,"Mudbound","Mudbound",https://www.imdb.com/title/tt2396589,Movie,7.4,134,2017,"Drama, War",57928,"2017-11-17","Dee Rees"
tt6794476,8,2018-08-06,"Dear Basketball","Dear Basketball",https://www.imdb.com/title/tt6794476,Short,7.4,6,2017,"Animation, Short, Biography, Sport",6444,"2017-04-23","Glen Keane"
tt2543472,7,2018-08-06,"Wonder","Wonder",https://www.imdb.com/title/tt2543472,Movie,7.9,113,2017,"Drama, Family",198572,"2017-11-17","Stephen Chbosky"
tt3896198,7,2018-08-06,"Guardians of the Galaxy: Vol. 2","Guardians of the Galaxy Vol. 2",https://www.imdb.com/title/tt3896198,Movie,7.6,136,2017,"Action, Sci-Fi, Adventure, Comedy, Fantasy, Music",840535,"2017-05-05","James Gunn"
tt5580390,8,2018-08-06,"The Shape of Water","The Shape of Water",https://www.imdb.com/title/tt5580390,Movie,7.3,123,2017,"Romance, Drama, Fantasy, Sci-Fi",479046,"2017-12-22","Guillermo del Toro"
tt6294822,7,2018-08-06,"The Post","The Post",https://www.imdb.com/title/tt6294822,Movie,7.2,116,2017,"Drama, Biography, History, Thriller, War",173316,"2018-01-12","Steven Spielberg"
tt5027774,9,2018-08-06,"Three Billboards Outside Ebbing, Missouri","Three Billboards Outside Ebbing, Missouri",https://www.imdb.com/title/tt5027774,Movie,8.1,115,2017,"Crime, Drama, Comedy",613569,"2017-12-01","Martin McDonagh"
tt6000478,6,2018-08-05,"Roman J. Israel, Esq.","Roman J. Israel, Esq.",https://www.imdb.com/title/tt6000478,Movie,6.5,122,2017,"Crime, Drama, Thriller",48797,"2017-11-22","Dan Gilroy"
tt4555426,7,2018-08-05,"Darkest Hour","Darkest Hour",https://www.imdb.com/title/tt4555426,Movie,7.4,125,2017,"Drama, War, Biography, History",245060,"2017-12-22","Joe Wright"
tt3561180,8,2018-08-04,"Trapped","Ófærð",https://www.imdb.com/title/tt3561180,TV Series,8.0,60,2015,"Crime, Drama, Thriller, Mystery",26973,"2017-02-19",
tt5723272,7,2018-07-29,"In the Fade","Aus dem Nichts",https://www.imdb.com/title/tt5723272,Movie,7.1,106,2017,"Drama, Crime, Thriller, Mystery",38007,"2017-12-27","Fatih Akin"
tt0443272,7,2018-07-29,"Lincoln","Lincoln",https://www.imdb.com/title/tt0443272,Movie,7.3,150,2012,"Drama, Biography, History, War",286568,"2012-11-16","Steven Spielberg"
tt0107207,8,2018-07-29,"In the Name of the Father","In the Name of the Father",https://www.imdb.com/title/tt0107207,Movie,8.1,133,1993,"Biography, Crime, Drama",204149,"1994-02-25","Jim Sheridan"
tt0875034,6,2018-07-29,"Nine","Nine",https://www.imdb.com/title/tt0875034,Movie,5.8,118,2009,"Musical, Romance, Drama",46648,"2009-12-25","Rob Marshall"
tt5776858,7,2018-07-29,"Phantom Thread","Phantom Thread",https://www.imdb.com/title/tt5776858,Movie,7.4,130,2017,"Drama, Romance",163499,"2018-01-19","Paul Thomas Anderson"
tt2719848,7,2018-07-29,"Everest","Everest",https://www.imdb.com/title/tt2719848,Movie,7.1,121,2015,"Adventure, Drama, Thriller, Biography",248829,"2015-09-25","Baltasar Kormákur"
tt1855199,8,2018-07-29,"End of Watch","End of Watch",https://www.imdb.com/title/tt1855199,Movie,7.6,109,2012,"Drama, Crime, Thriller, Action",294755,"2012-09-21","David Ayer"
tt0473075,6,2018-07-29,"Prince of Persia: The Sands of Time","Prince of Persia: The Sands of Time",https://www.imdb.com/title/tt0473075,Movie,6.5,116,2010,"Action, Fantasy, Adventure",319120,"2010-05-28","Mike Newell"
tt3881784,6,2018-07-29,"Stronger","Stronger",https://www.imdb.com/title/tt3881784,Movie,6.9,119,2017,"Drama, Biography",54520,"2017-09-29","David Gordon Green"
tt7160070,6,2018-07-28,"Along With the Gods: The Two Worlds","Singwa hamkke: Jwiwa beol",https://www.imdb.com/title/tt7160070,Movie,7.2,139,2017,"Fantasy, Drama, Action, Adventure, Thriller",22438,"2017-12-20","Kim Yong-hwa"
tt1389072,5,2018-07-28,"Downsizing","Downsizing",https://www.imdb.com/title/tt1389072,Movie,5.8,135,2017,"Drama, Sci-Fi, Fantasy",138614,"2017-12-22","Alexander Payne"
tt7167630,6,2018-07-28,"Batman: Gotham by Gaslight","Batman: Gotham by Gaslight",https://www.imdb.com/title/tt7167630,Video,6.7,78,2018,"Animation, Action, Crime, Mystery, Adventure, Fantasy, Thriller",20782,"2018-01-23","Sam Liu"
tt5164432,8,2018-07-26,"Love, Simon","Love, Simon",https://www.imdb.com/title/tt5164432,Movie,7.5,110,2018,"Drama, Comedy, Romance",135687,"2018-03-16","Greg Berlanti"
tt5340300,7,2018-07-26,"Lean on Pete","Lean on Pete",https://www.imdb.com/title/tt5340300,Movie,7.1,121,2017,"Drama, Adventure, Sport",14948,"2018-05-04","Andrew Haigh"
tt5649108,7,2018-07-25,"Thoroughbreds","Thoroughbreds",https://www.imdb.com/title/tt5649108,Movie,6.6,92,2017,"Drama, Thriller, Crime, Comedy",49697,"2018-03-09","Cory Finley"
tt2231461,4,2018-07-24,"Rampage","Rampage",https://www.imdb.com/title/tt2231461,Movie,6.1,107,2018,"Action, Adventure, Sci-Fi",203745,"2018-04-13","Brad Peyton"
tt3666024,8,2018-07-23,"The Red Turtle","La tortue rouge",https://www.imdb.com/title/tt3666024,Movie,7.5,80,2016,"Animation, Fantasy, Drama, Family, Romance",42521,"2017-01-20","Michael Dudok de Wit"
tt7451284,6,2018-07-23,"Batman Ninja","Batman Ninja",https://www.imdb.com/title/tt7451284,Movie,5.6,85,2018,"Animation, Action, Sci-Fi",24341,"2018-04-24","Junpei Mizusaki"
tt1726669,7,2018-07-22,"Killer Joe","Killer Joe",https://www.imdb.com/title/tt1726669,Movie,6.7,102,2011,"Thriller, Drama, Crime",89120,"2012-06-29","William Friedkin"
tt1935179,7,2018-07-22,"Mud","Mud",https://www.imdb.com/title/tt1935179,Movie,7.3,130,2012,"Drama, Adventure",200946,"2013-05-10","Jeff Nichols"
tt1979320,8,2018-07-22,"Rush","Rush",https://www.imdb.com/title/tt1979320,Movie,8.1,123,2013,"Biography, Sport, Drama",564617,"2013-09-27","Ron Howard"
tt0978762,9,2018-07-22,"Mary and Max","Mary and Max.",https://www.imdb.com/title/tt0978762,Movie,8.1,92,2009,"Animation, Comedy, Drama",202863,"2009-04-09","Adam Elliot"
tt5164184,5,2018-07-22,"In Darkness","In Darkness",https://www.imdb.com/title/tt5164184,Movie,5.8,110,2018,"Thriller, Mystery",15505,"2018-05-25","Anthony Byrne"
tt5478478,7,2018-07-21,"Hostiles","Hostiles",https://www.imdb.com/title/tt5478478,Movie,7.2,134,2017,"Drama, Western",108443,"2018-01-26","Scott Cooper"
tt0079116,8,2018-07-21,"Escape from Alcatraz","Escape from Alcatraz",https://www.imdb.com/title/tt0079116,Movie,7.5,112,1979,"Crime, Drama, Biography, Thriller",165978,"1979-06-22","Don Siegel"
tt1796960,9,2018-07-21,"Homeland","Homeland",https://www.imdb.com/title/tt1796960,TV Series,8.3,60,2011,"Drama, Mystery, Thriller, Crime",387134,"2011-10-02",
tt1637727,9,2018-07-11,"The Killing","The Killing",https://www.imdb.com/title/tt1637727,TV Series,8.3,45,2011,"Drama, Crime, Mystery, Thriller",135117,"2011-04-03",
tt1485796,8,2018-07-09,"The Greatest Showman","The Greatest Showman",https://www.imdb.com/title/tt1485796,Movie,7.5,105,2017,"Musical, Drama, Biography, Romance",351754,"2017-12-20","Michael Gracey"
tt0084787,7,2018-07-08,"The Thing","The Thing",https://www.imdb.com/title/tt0084787,Movie,8.2,109,1982,"Mystery, Sci-Fi, Horror",532386,"1982-06-25","John Carpenter"
tt4730986,7,2018-07-08,"Divines","Divines",https://www.imdb.com/title/tt4730986,Movie,7.3,105,2016,"Drama, Crime",11081,"2016-11-18","Houda Benyamina"
tt2802850,9,2018-07-08,"Fargo","Fargo",https://www.imdb.com/title/tt2802850,TV Series,8.8,60,2014,"Crime, Drama, Thriller",473108,"2014-04-15",
tt5294550,7,2018-07-02,"All the Money in the World","All the Money in the World",https://www.imdb.com/title/tt5294550,Movie,6.8,132,2017,"Crime, Mystery, Thriller, Drama, History, Biography",96943,"2017-12-25","Ridley Scott"
tt2873282,7,2018-07-01,"Red Sparrow","Red Sparrow",https://www.imdb.com/title/tt2873282,Movie,6.6,140,2018,"Thriller, Drama, Action",219148,"2018-03-02","Francis Lawrence"
tt3754940,7,2018-06-24,"Truman","Truman",https://www.imdb.com/title/tt3754940,Movie,7.3,108,2015,"Comedy, Drama",14810,"2017-04-07","Cesc Gay"
tt2557478,6,2018-06-24,"Pacific Rim: Uprising","Pacific Rim: Uprising",https://www.imdb.com/title/tt2557478,Movie,5.6,111,2018,"Action, Sci-Fi, Adventure",138594,"2018-03-23","Steven S. DeKnight"
tt5607714,8,2018-06-21,"On Body and Soul","Teströl és lélekröl",https://www.imdb.com/title/tt5607714,Movie,7.5,116,2017,"Drama, Romance, Fantasy, Mystery",31716,"2018-02-02","Ildikó Enyedi"
tt5536736,7,2018-06-10,"The Meyerowitz Stories","The Meyerowitz Stories (New and Selected)",https://www.imdb.com/title/tt5536736,Movie,6.9,112,2017,"Comedy, Drama",57004,"2017-10-13","Noah Baumbach"
tt0421082,7,2018-06-10,"Control","Control",https://www.imdb.com/title/tt0421082,Movie,7.6,122,2007,"Drama, Biography, Music",72043,"2007-10-05","Anton Corbijn"
tt3416532,8,2018-06-10,"A Monster Calls","A Monster Calls",https://www.imdb.com/title/tt3416532,Movie,7.4,108,2016,"Drama, Fantasy, Adventure, Family",99483,"2017-01-06","J.A. Bayona"
tt3841424,8,2018-06-03,"Land of Mine","Under sandet",https://www.imdb.com/title/tt3841424,Movie,7.8,100,2015,"War, Drama, History",49646,"2015-12-03","Martin Zandvliet"
tt4795546,7,2018-06-03,"Nocturama","Nocturama",https://www.imdb.com/title/tt4795546,Movie,6.4,130,2016,"Thriller, Drama",5667,"2017-09-08","Bertrand Bonello"
tt1706620,8,2018-05-28,"Snowpiercer","Snowpiercer",https://www.imdb.com/title/tt1706620,Movie,7.1,126,2013,"Sci-Fi, Thriller, Action, Drama",424068,"2014-07-11","Bong Joon Ho"
tt1601913,7,2018-05-28,"The Grey","The Grey",https://www.imdb.com/title/tt1601913,Movie,6.7,117,2011,"Drama, Thriller, Adventure, Action, Horror",275671,"2012-01-27","Joe Carnahan"
tt4273292,8,2018-05-27,"Under the Shadow","Under the Shadow",https://www.imdb.com/title/tt4273292,Movie,6.8,84,2016,"Horror, War, Drama, Thriller, Fantasy",32862,"2016-10-07","Babak Anvari"
tt8342862,8,2018-05-26,"Evil Genius: The True Story of America's Most Diabolical Bank Heist","Evil Genius: The True Story of America's Most Diabolical Bank Heist",https://www.imdb.com/title/tt8342862,TV Mini Series,7.5,45,2018,"Documentary, Crime",33399,"2018-05-10",
tt6302160,7,2018-05-25,"Pandora","Pan-dola",https://www.imdb.com/title/tt6302160,Movie,6.7,136,2016,"Action, Drama, Thriller",9721,"2017-03-17","Park Jeong-woo"
tt0383028,7,2018-05-21,"Synecdoche, New York","Synecdoche, New York",https://www.imdb.com/title/tt0383028,Movie,7.5,124,2008,"Drama",105600,"2009-02-05","Charlie Kaufman"
tt2401878,8,2018-05-21,"Anomalisa","Anomalisa",https://www.imdb.com/title/tt2401878,Movie,7.2,90,2015,"Animation, Drama, Comedy, Romance",79057,"2016-03-11","Duke Johnson,Charlie Kaufman"
tt0103882,8,2018-05-21,"A Brief History of Time","A Brief History of Time",https://www.imdb.com/title/tt0103882,Movie,7.3,80,1991,"Documentary, Biography",6252,"1991-12-27","Errol Morris"
tt6101820,8,2018-05-12,"Perfect Strangers","Perfectos desconocidos",https://www.imdb.com/title/tt6101820,Movie,6.9,97,2017,"Comedy, Drama",16589,"2017-12-01","Álex de la Iglesia"
tt1619029,6,2018-05-11,"Jackie","Jackie",https://www.imdb.com/title/tt1619029,Movie,6.6,100,2016,"Drama, Biography",87390,"2016-12-02","Pablo Larraín"
tt5952382,7,2018-05-09,"Abacus: Small Enough to Jail","Abacus: Small Enough to Jail",https://www.imdb.com/title/tt5952382,Movie,7.1,88,2016,"Documentary",3057,"2017-07-07","Steve James"
tt2194499,7,2018-05-06,"About Time","About Time",https://www.imdb.com/title/tt2194499,Movie,7.8,123,2013,"Drama, Fantasy, Romance, Comedy, Sci-Fi",439796,"2013-11-08","Richard Curtis"
tt2704998,7,2018-05-06,"Game Night","Game Night",https://www.imdb.com/title/tt2704998,Movie,6.9,100,2018,"Comedy, Crime, Action, Thriller, Adventure, Mystery",282620,"2018-02-23","John Francis Daley,Jonathan Goldstein"
tt0857265,7,2018-05-06,"Sleuth","Sleuth",https://www.imdb.com/title/tt0857265,Movie,6.3,88,2007,"Mystery, Thriller, Drama, Crime",33993,"2007-11-23","Kenneth Branagh"
tt0800369,7,2018-05-06,"Thor","Thor",https://www.imdb.com/title/tt0800369,Movie,7.0,115,2011,"Action, Fantasy",977897,"2011-05-06","Kenneth Branagh"
tt3402236,6,2018-05-06,"Murder on the Orient Express","Murder on the Orient Express",https://www.imdb.com/title/tt3402236,Movie,6.5,114,2017,"Drama, Mystery, Crime, Thriller, Comedy",323674,"2017-11-10","Kenneth Branagh"
tt2334649,8,2018-05-06,"Fruitvale Station","Fruitvale Station",https://www.imdb.com/title/tt2334649,Movie,7.5,85,2013,"Drama, Biography, Crime",92804,"2013-07-26","Ryan Coogler"
tt1825683,7,2018-05-06,"Black Panther","Black Panther",https://www.imdb.com/title/tt1825683,Movie,7.3,134,2018,"Action, Adventure, Sci-Fi",921115,"2018-02-16","Ryan Coogler"
tt4209788,7,2018-05-02,"Molly's Game","Molly's Game",https://www.imdb.com/title/tt4209788,Movie,7.4,140,2017,"Drama, Biography, Crime",205299,"2018-01-05","Aaron Sorkin"
tt5112578,6,2018-05-01,"Super Dark Times","Super Dark Times",https://www.imdb.com/title/tt5112578,Movie,6.6,103,2017,"Thriller, Drama, Crime",27699,"2017-09-29","Kevin Phillips"
tt2388986,6,2018-04-30,"Paterno","Paterno",https://www.imdb.com/title/tt2388986,TV Movie,6.5,105,2018,"Biography, Sport, Crime, Drama",8325,"2018-04-07","Barry Levinson"
tt4080728,8,2018-04-30,"A Man Called Ove","En man som heter Ove",https://www.imdb.com/title/tt4080728,Movie,7.7,116,2015,"Drama, Comedy, Romance",75400,"2016-09-30","Hannes Holm"
tt2380307,8,2018-04-29,"Coco","Coco",https://www.imdb.com/title/tt2380307,Movie,8.4,105,2017,"Animation, Family, Adventure, Fantasy, Mystery, Music, Drama",721783,"2017-11-22","Lee Unkrich,Adrian Molina"
tt5742374,8,2018-04-28,"You Were Never Really Here","You Were Never Really Here",https://www.imdb.com/title/tt5742374,Movie,6.7,89,2017,"Drama, Crime, Thriller",136205,"2018-04-06","Lynne Ramsay"
tt1590193,6,2018-04-28,"The Commuter","The Commuter",https://www.imdb.com/title/tt1590193,Movie,6.3,104,2018,"Mystery, Thriller, Action",134812,"2018-01-12","Jaume Collet-Serra"
tt4925292,8,2018-04-27,"Lady Bird","Lady Bird",https://www.imdb.com/title/tt4925292,Movie,7.4,94,2017,"Comedy, Drama",367221,"2017-12-01","Greta Gerwig"
tt0108037,8,2018-04-22,"The Sandlot","The Sandlot",https://www.imdb.com/title/tt0108037,Movie,7.8,101,1993,"Drama, Sport, Comedy, Family",117057,"1993-04-07","David Mickey Evans"
tt6020236,7,2018-04-22,"Les Bleus une autre histoire de France","Les Bleus une autre histoire de France",https://www.imdb.com/title/tt6020236,TV Movie,7.4,104,2016,"Documentary, Sport, History",824,"2016-09-04","David Dietz,Sonia Dauger,Pascal Blanchard"
tt1730768,7,2018-04-22,"The Zookeeper's Wife","The Zookeeper's Wife",https://www.imdb.com/title/tt1730768,Movie,7.0,127,2017,"Drama, Biography, History, War",49425,"2017-04-07","Niki Caro"
tt0327084,7,2018-04-22,"Over the Hedge","Over the Hedge",https://www.imdb.com/title/tt0327084,Movie,6.7,83,2006,"Animation, Family, Adventure, Comedy",204934,"2006-05-19","Tim Johnson,Karey Kirkpatrick"
tt4176826,7,2018-04-22,"Look Who's Back","Er ist wieder da",https://www.imdb.com/title/tt4176826,Movie,7.0,116,2015,"Comedy, Fantasy, Drama",54414,"2017-05-27","David Wnendt"
tt2085059,9,2018-04-17,"Black Mirror","Black Mirror",https://www.imdb.com/title/tt2085059,TV Series,8.7,60,2011,"Drama, Thriller, Sci-Fi, Mystery, Crime",745391,"2011-12-04",
tt5710984,7,2018-04-17,"Black Mirror: Metalhead","Black Mirror: Metalhead",https://www.imdb.com/title/tt5710984,TV Episode,6.6,41,2017,"Drama, Thriller, Sci-Fi, Mystery, Crime",47702,"2017-12-29","David Slade"
tt5058700,9,2018-04-17,"Black Mirror: Black Museum","Black Mirror: Black Museum",https://www.imdb.com/title/tt5058700,TV Episode,8.6,69,2017,"Drama, Thriller, Sci-Fi, Mystery, Crime",59338,"2017-12-29","Colm McCarthy"
tt5710978,9,2018-04-16,"Black Mirror: Hang the DJ","Black Mirror: Hang the DJ",https://www.imdb.com/title/tt5710978,TV Episode,8.7,51,2017,"Drama, Thriller, Sci-Fi, Mystery, Crime",70130,"2017-12-29","Timothy Van Patten"
tt5709250,7,2018-04-15,"Black Mirror: Arkangel","Black Mirror: Arkangel",https://www.imdb.com/title/tt5709250,TV Episode,7.3,52,2017,"Drama, Thriller, Sci-Fi, Mystery, Crime",52861,"2017-12-29","Jodie Foster"
tt5710976,6,2018-04-15,"Black Mirror: Crocodile","Black Mirror: Crocodile",https://www.imdb.com/title/tt5710976,TV Episode,7.3,59,2017,"Drama, Thriller, Sci-Fi, Mystery, Crime",50091,"2017-12-29","John Hillcoat"
tt5710974,8,2018-04-15,"Black Mirror: USS Callister","Black Mirror: USS Callister",https://www.imdb.com/title/tt5710974,TV Episode,8.3,76,2017,"Drama, Thriller, Sci-Fi, Mystery, Crime",70683,"2017-12-29","Toby Haynes"
tt2290780,9,2018-04-15,"Black Mirror: Be Right Back","Black Mirror: Be Right Back",https://www.imdb.com/title/tt2290780,TV Episode,7.9,48,2013,"Drama, Thriller, Sci-Fi, Mystery, Crime",61455,"2013-02-11","Owen Harris"
tt1740707,7,2018-04-15,"Troll Hunter","Trolljegeren",https://www.imdb.com/title/tt1740707,Movie,6.9,103,2010,"Fantasy, Drama, Thriller",83740,"2010-10-29","André Øvredal"
tt2089050,9,2018-04-15,"Black Mirror: The Entire History of You","Black Mirror: The Entire History of You",https://www.imdb.com/title/tt2089050,TV Episode,8.5,49,2011,"Drama, Thriller, Sci-Fi, Mystery, Crime",75910,"2011-12-18","Brian Welsh"
tt2089051,9,2018-04-15,"Black Mirror: The National Anthem","Black Mirror: The National Anthem",https://www.imdb.com/title/tt2089051,TV Episode,7.6,44,2011,"Drama, Thriller, Sci-Fi, Mystery, Crime",73289,"2011-12-04","Otto Bathurst"
tt5709236,9,2018-04-15,"Black Mirror: Hated in the Nation","Black Mirror: Hated in the Nation",https://www.imdb.com/title/tt5709236,TV Episode,8.4,89,2016,"Drama, Thriller, Sci-Fi, Mystery, Crime",55532,"2016-10-21","James Hawes"
tt5709234,8,2018-04-15,"Black Mirror: Men Against Fire","Black Mirror: Men Against Fire",https://www.imdb.com/title/tt5709234,TV Episode,7.5,60,2016,"Drama, Thriller, Sci-Fi, Mystery, Crime",47969,"2016-10-21","Jakob Verbruggen"
tt4538072,9,2018-04-13,"Black Mirror: San Junipero","Black Mirror: San Junipero",https://www.imdb.com/title/tt4538072,TV Episode,8.5,61,2016,"Drama, Thriller, Sci-Fi, Mystery, Crime",76928,"2016-10-21","Owen Harris"
tt5709230,10,2018-04-13,"Black Mirror: Shut Up and Dance","Black Mirror: Shut Up and Dance",https://www.imdb.com/title/tt5709230,TV Episode,8.4,52,2016,"Drama, Thriller, Sci-Fi, Mystery, Crime",67341,"2016-10-21","James Watkins"
tt5709242,7,2018-04-13,"Black Mirror: Playtest","Black Mirror: Playtest",https://www.imdb.com/title/tt5709242,TV Episode,8.0,57,2016,"Drama, Thriller, Sci-Fi, Mystery, Crime",62161,"2016-10-21","Dan Trachtenberg"
tt5497778,8,2018-04-12,"Black Mirror: Nosedive","Black Mirror: Nosedive",https://www.imdb.com/title/tt5497778,TV Episode,8.3,63,2016,"Drama, Thriller, Sci-Fi, Mystery, Crime",74785,"2016-10-21","Joe Wright"
tt3973198,8,2018-04-12,"Black Mirror: White Christmas","Black Mirror: White Christmas",https://www.imdb.com/title/tt3973198,TV Episode,9.1,73,2014,"Drama, Thriller, Sci-Fi, Mystery, Crime",80591,"2014-12-16","Carl Tibbetts"
tt2386296,7,2018-04-12,"Black Mirror: The Waldo Moment","Black Mirror: The Waldo Moment",https://www.imdb.com/title/tt2386296,TV Episode,6.5,43,2013,"Drama, Thriller, Sci-Fi, Mystery, Crime",51427,"2013-02-25","Bryn Higgins"
tt2542420,8,2018-04-08,"Black Mirror: White Bear","Black Mirror: White Bear",https://www.imdb.com/title/tt2542420,TV Episode,7.9,42,2013,"Drama, Thriller, Sci-Fi, Mystery, Crime",63133,"2013-02-18","Carl Tibbetts"
tt2089049,9,2018-04-08,"Black Mirror: Fifteen Million Merits","Black Mirror: Fifteen Million Merits",https://www.imdb.com/title/tt2089049,TV Episode,8.0,62,2011,"Drama, Thriller, Sci-Fi, Mystery, Crime",73101,"2011-12-11","Euros Lyn"
tt1840417,6,2018-04-07,"The Words","The Words",https://www.imdb.com/title/tt1840417,Movie,7.0,102,2012,"Drama, Romance, Mystery, Thriller",84993,"2012-09-07","Brian Klugman,Lee Sternthal"
tt0121220,10,2018-04-07,"Dragon Ball Z","Dragon Ball Z: Doragon bôru zetto",https://www.imdb.com/title/tt0121220,TV Series,8.8,24,1989,"Animation, Adventure, Drama, Sci-Fi, Comedy, Fantasy, Action",104667,"1996-09-30",
tt0161952,10,2018-04-07,"Saint Seiya","Saint Seiya",https://www.imdb.com/title/tt0161952,TV Series,8.4,24,1986,"Animation, Drama, Action, Sci-Fi, Fantasy, Adventure",12756,"2003-08-30",
tt1213663,7,2018-04-05,"The World's End","The World's End",https://www.imdb.com/title/tt1213663,Movie,6.9,109,2013,"Comedy, Sci-Fi, Action",314461,"2013-08-23","Edgar Wright"
tt1229238,8,2018-04-05,"Mission: Impossible - Ghost Protocol","Mission: Impossible - Ghost Protocol",https://www.imdb.com/title/tt1229238,Movie,7.4,132,2011,"Action, Thriller, Adventure",568305,"2011-12-21","Brad Bird"
tt2381249,7,2018-04-05,"Mission: Impossible - Rogue Nation","Mission: Impossible - Rogue Nation",https://www.imdb.com/title/tt2381249,Movie,7.4,131,2015,"Action, Adventure, Thriller",448814,"2015-07-31","Christopher McQuarrie"
tt1764234,6,2018-04-03,"Killing Them Softly","Killing Them Softly",https://www.imdb.com/title/tt1764234,Movie,6.2,97,2012,"Crime, Thriller, Drama",161376,"2012-11-30","Andrew Dominik"
tt0443680,8,2018-04-03,"The Assassination of Jesse James by the Coward Robert Ford","The Assassination of Jesse James by the Coward Robert Ford",https://www.imdb.com/title/tt0443680,Movie,7.5,160,2007,"Drama, Biography, Crime, Western, History",205727,"2007-10-19","Andrew Dominik"
tt1343727,7,2018-04-03,"Dredd","Dredd",https://www.imdb.com/title/tt1343727,Movie,7.1,95,2012,"Action, Sci-Fi, Crime",314084,"2012-09-21","Pete Travis"
tt1334260,7,2018-04-03,"Never Let Me Go","Never Let Me Go",https://www.imdb.com/title/tt1334260,Movie,7.1,103,2010,"Drama, Romance",160968,"2010-10-15","Mark Romanek"
tt2798920,8,2018-04-03,"Annihilation","Annihilation",https://www.imdb.com/title/tt2798920,Movie,6.8,115,2018,"Sci-Fi, Thriller, Drama, Mystery, Adventure, Horror",397246,"2018-02-23","Alex Garland"
tt4016934,7,2018-04-03,"The Handmaiden","Ah-ga-ssi",https://www.imdb.com/title/tt4016934,Movie,8.1,145,2016,"Drama, Romance, Thriller",207148,"2017-09-02","Park Chan-wook"
tt1605783,8,2018-04-02,"Midnight in Paris","Midnight in Paris",https://www.imdb.com/title/tt1605783,Movie,7.6,94,2011,"Comedy, Romance, Fantasy",473284,"2011-06-10","Woody Allen"
tt0471042,5,2018-04-02,"Tower Heist","Tower Heist",https://www.imdb.com/title/tt0471042,Movie,6.2,104,2011,"Action, Comedy, Crime",158227,"2011-11-04","Brett Ratner"
tt4136084,7,2018-04-02,"Florence Foster Jenkins","Florence Foster Jenkins",https://www.imdb.com/title/tt4136084,Movie,6.8,111,2016,"Comedy, Biography, Drama, Music",62559,"2016-08-12","Stephen Frears"
tt4874206,7,2018-04-02,"The Student","(M)uchenik",https://www.imdb.com/title/tt4874206,Movie,6.9,118,2016,"Drama",6479,"2017-04-21","Kirill Serebrennikov"
tt4846232,8,2018-03-31,"Good Time","Good Time",https://www.imdb.com/title/tt4846232,Movie,7.3,102,2017,"Crime, Drama, Thriller",158151,"2017-08-25","Benny Safdie,Josh Safdie"
tt3315342,8,2018-03-31,"Logan","Logan",https://www.imdb.com/title/tt3315342,Movie,8.1,137,2017,"Action, Sci-Fi, Drama, Thriller",935850,"2017-03-03","James Mangold"
tt4034208,7,2018-03-31,"The Next Skin","La propera pell",https://www.imdb.com/title/tt4034208,Movie,6.1,103,2016,"Thriller, Drama, Mystery",2235,"2016-10-21","Isa Campo,Isaki Lacuesta"
tt7830574,8,2018-03-30,"Ricky Gervais: Humanity","Ricky Gervais: Humanity",https://www.imdb.com/title/tt7830574,TV Special,8.0,79,2018,"Documentary, Comedy",25360,"2018-03-13","John L. Spencer"
tt5962210,6,2018-03-28,"Ingrid Goes West","Ingrid Goes West",https://www.imdb.com/title/tt5962210,Movie,6.6,98,2017,"Comedy, Drama, Horror, Thriller",52336,"2017-08-25","Matt Spicer"
tt4226388,7,2018-03-27,"Victoria","Victoria",https://www.imdb.com/title/tt4226388,Movie,7.5,138,2015,"Drama, Crime, Thriller, Romance",67727,"2015-06-11","Sebastian Schipper"
tt0106677,8,2018-03-25,"Dazed and Confused","Dazed and Confused",https://www.imdb.com/title/tt0106677,Movie,7.6,103,1993,"Comedy",218217,"1993-09-24","Richard Linklater"
tt0332379,8,2018-03-25,"School of Rock","School of Rock",https://www.imdb.com/title/tt0332379,Movie,7.2,109,2003,"Music, Comedy",360957,"2003-10-03","Richard Linklater"
tt0381681,8,2018-03-25,"Before Sunset","Before Sunset",https://www.imdb.com/title/tt0381681,Movie,8.1,80,2004,"Drama, Romance",318497,"2004-07-30","Richard Linklater"
tt1704573,6,2018-03-25,"Bernie","Bernie",https://www.imdb.com/title/tt1704573,Movie,6.8,104,2011,"Comedy, Crime, Drama, Biography",67524,"2012-06-22","Richard Linklater"
tt2937696,8,2018-03-25,"Everybody Wants Some!!","Everybody Wants Some!!",https://www.imdb.com/title/tt2937696,Movie,6.9,117,2016,"Comedy",64726,"2016-04-07","Richard Linklater"
tt0372784,9,2018-03-25,"Batman Begins","Batman Begins",https://www.imdb.com/title/tt0372784,Movie,8.2,140,2005,"Crime",1736293,"2005-06-15","Christopher Nolan"
tt0848228,8,2018-03-25,"The Avengers","The Avengers",https://www.imdb.com/title/tt0848228,Movie,8.0,143,2012,"Action, Sci-Fi",1574748,"2012-05-04","Joss Whedon"
tt0770828,7,2018-03-25,"Man of Steel","Man of Steel",https://www.imdb.com/title/tt0770828,Movie,7.1,143,2013,"Action, Adventure, Sci-Fi",873839,"2013-06-14","Zack Snyder"
tt2975590,7,2018-03-25,"Batman v Superman: Dawn of Justice","Batman v Superman: Dawn of Justice",https://www.imdb.com/title/tt2975590,Movie,6.4,151,2016,"Sci-Fi",796789,"2016-03-25","Zack Snyder"
tt1365519,7,2018-03-25,"Tomb Raider","Tomb Raider",https://www.imdb.com/title/tt1365519,Movie,6.3,119,2018,"Action, Adventure, Fantasy, Thriller",243543,"2018-03-16","Roar Uthaug"
tt3521126,7,2018-03-21,"The Disaster Artist","The Disaster Artist",https://www.imdb.com/title/tt3521126,Movie,7.3,104,2017,"Comedy, Drama, Biography",172587,"2017-12-08","James Franco"
tt3411444,6,2018-03-20,"Ferdinand","Ferdinand",https://www.imdb.com/title/tt3411444,Movie,6.7,108,2017,"Animation, Family, Adventure, Comedy, Drama",71949,"2017-12-15","Carlos Saldanha"
tt2625810,6,2018-03-18,"Into the Forest","Into the Forest",https://www.imdb.com/title/tt2625810,Movie,5.8,101,2015,"Drama, Thriller, Sci-Fi",23167,"2016-07-29","Patricia Rozema"
tt3829920,8,2018-03-18,"Only the Brave","Only the Brave",https://www.imdb.com/title/tt3829920,Movie,7.6,134,2017,"Drama, Biography, Action",93282,"2017-10-20","Joseph Kosinski"
tt3659388,9,2018-03-18,"The Martian","The Martian",https://www.imdb.com/title/tt3659388,Movie,8.0,144,2015,"Sci-Fi, Adventure, Drama",1025005,"2015-10-02","Ridley Scott"
tt5580036,8,2018-03-18,"I, Tonya","I, Tonya",https://www.imdb.com/title/tt5580036,Movie,7.5,119,2017,"Biography, Drama, Sport, Comedy",263137,"2018-01-19","Craig Gillespie"
tt2406566,6,2018-03-17,"Atomic Blonde","Atomic Blonde",https://www.imdb.com/title/tt2406566,Movie,6.7,115,2017,"Thriller, Action, Adventure",221450,"2017-07-28","David Leitch"
tt4351548,7,2018-03-17,"Bomb City","Bomb City",https://www.imdb.com/title/tt4351548,Movie,6.8,98,2017,"Crime, Drama",9020,"2017-03-31","Jameson Brooks"
tt5873150,7,2018-03-17,"Strong Island","Strong Island",https://www.imdb.com/title/tt5873150,Movie,6.4,107,2017,"Documentary, Crime",4359,"2017-09-15","Yance Ford"
tt3967856,7,2018-03-14,"Okja","Okja",https://www.imdb.com/title/tt3967856,Movie,7.3,120,2017,"Adventure, Sci-Fi, Drama, Action",142845,"2017-06-28","Bong Joon Ho"
tt3748528,8,2018-03-12,"Rogue One: A Star Wars Story","Rogue One",https://www.imdb.com/title/tt3748528,Movie,7.8,133,2016,"Action, Adventure, Sci-Fi",763214,"2016-12-16","Gareth Edwards"
tt1560747,8,2018-03-12,"The Master","The Master",https://www.imdb.com/title/tt1560747,Movie,7.1,138,2012,"Drama",202804,"2012-09-21","Paul Thomas Anderson"
tt0469494,8,2018-03-12,"There Will Be Blood","There Will Be Blood",https://www.imdb.com/title/tt0469494,Movie,8.2,158,2007,"Drama",716163,"2008-01-25","Paul Thomas Anderson"
tt0175880,8,2018-03-12,"Magnolia","Magnolia",https://www.imdb.com/title/tt0175880,Movie,8.0,188,1999,"Drama",352017,"2000-01-07","Paul Thomas Anderson"
tt0118749,8,2018-03-12,"Boogie Nights","Boogie Nights",https://www.imdb.com/title/tt0118749,Movie,7.9,155,1997,"Drama",308472,"1997-10-31","Paul Thomas Anderson"
tt4276820,7,2018-03-11,"The Founder","The Founder",https://www.imdb.com/title/tt4276820,Movie,7.2,115,2016,"Biography, Drama",207956,"2017-01-20","John Lee Hancock"
tt0418455,6,2018-03-11,"Adam's Apples","Adams æbler",https://www.imdb.com/title/tt0418455,Movie,7.7,94,2005,"Comedy, Drama, Crime",59703,"2005-04-15","Anders Thomas Jensen"
tt2283362,6,2018-03-11,"Jumanji: Welcome to the Jungle","Jumanji: Welcome to the Jungle",https://www.imdb.com/title/tt2283362,Movie,6.9,119,2017,"Adventure, Fantasy, Action, Comedy",509419,"2017-12-20","Jake Kasdan"
tt1935859,6,2018-03-11,"Miss Peregrine's Home for Peculiar Children","Miss Peregrine's Home for Peculiar Children",https://www.imdb.com/title/tt1935859,Movie,6.7,127,2016,"Fantasy, Adventure, Drama, Thriller, Family",210285,"2016-09-30","Tim Burton"
tt5727282,7,2018-03-10,"Borg vs. McEnroe","Borg",https://www.imdb.com/title/tt5727282,Movie,6.9,107,2017,"Drama, Sport, Biography",36658,"2018-04-13","Janus Metz"
tt6333060,8,2018-03-10,"Icarus","Icarus",https://www.imdb.com/title/tt6333060,Movie,7.9,120,2017,"Documentary, Sport",58465,"2017-08-04","Bryan Fogel"
tt5013056,8,2018-03-09,"Dunkirk","Dunkirk",https://www.imdb.com/title/tt5013056,Movie,7.8,106,2017,"War, Drama, Action, History, Thriller",822186,"2017-07-21","Christopher Nolan"
tt5886510,6,2018-03-04,"Tour de Pharmacy","Tour de Pharmacy",https://www.imdb.com/title/tt5886510,TV Movie,7.1,41,2017,"Comedy, Sport, Adventure",14069,"2017-07-08","Jake Szymanski"
tt5439796,8,2018-03-04,"Logan Lucky","Logan Lucky",https://www.imdb.com/title/tt5439796,Movie,7.0,118,2017,"Comedy, Crime, Drama, Action",177865,"2017-08-18","Steven Soderbergh"
tt4622512,7,2018-03-04,"Battle of the Sexes","Battle of the Sexes",https://www.imdb.com/title/tt4622512,Movie,6.7,121,2017,"Comedy, Biography, Sport, Drama, History",64093,"2017-09-29","Jonathan Dayton,Valerie Faris"
tt0070735,8,2018-03-03,"The Sting","The Sting",https://www.imdb.com/title/tt0070735,Movie,8.2,129,1973,"Drama, Crime, Comedy",304607,"1973-12-25","George Roy Hill"
tt3758172,7,2018-02-25,"Jungle","Jungle",https://www.imdb.com/title/tt3758172,Movie,6.7,115,2017,"Drama, Thriller, Biography, Adventure",72314,"2017-10-20","Greg McLean"
tt7924820,7,2018-02-20,"The Trader","The Trader",https://www.imdb.com/title/tt7924820,Short,6.7,23,2018,"Documentary, Short",3850,"2018-02-09","Tamta Gabrichidze"
tt0315642,7,2018-02-18,"Wazir","Wazir",https://www.imdb.com/title/tt0315642,Movie,7.1,103,2016,"Crime, Mystery, Action, Drama, Thriller",20915,"2016-01-08","Bejoy Nambiar"
tt0235198,7,2018-02-13,"Audition","Ôdishon",https://www.imdb.com/title/tt0235198,Movie,7.1,115,1999,"Drama, Mystery, Horror",100115,"2000-03-03","Takashi Miike"
tt1764275,7,2018-02-02,"The Deep","Djúpið",https://www.imdb.com/title/tt1764275,Movie,6.6,95,2012,"Drama, Action, Adventure, Thriller",6124,"2013-05-21","Baltasar Kormákur"
tt1615160,6,2018-02-02,"The Foreigner","The Foreigner",https://www.imdb.com/title/tt1615160,Movie,7.0,113,2017,"Thriller, Action, Crime",133359,"2017-10-13","Martin Campbell"
tt5175450,5,2018-02-02,"Mark Felt: The Man Who Brought Down the White House","Mark Felt: The Man Who Brought Down the White House",https://www.imdb.com/title/tt5175450,Movie,6.4,103,2017,"Biography, Drama, History, Thriller",16134,"2017-09-29","Peter Landesman"
tt5519340,6,2018-01-31,"Bright","Bright",https://www.imdb.com/title/tt5519340,Movie,6.3,117,2017,"Fantasy, Action, Thriller",210606,"2017-12-22","David Ayer"
tt0257076,5,2018-01-29,"S.W.A.T.","S.W.A.T.",https://www.imdb.com/title/tt0257076,Movie,6.1,117,2003,"Crime, Thriller, Adventure, Action",160624,"2003-08-08","Clark Johnson"
tt0433387,8,2018-01-29,"Harsh Times","Harsh Times",https://www.imdb.com/title/tt0433387,Movie,6.8,116,2005,"Crime, Drama, Thriller, Action",71079,"2006-11-10","David Ayer"
tt0421073,7,2018-01-29,"Street Kings","Street Kings",https://www.imdb.com/title/tt0421073,Movie,6.8,109,2008,"Thriller, Crime, Action",129805,"2008-04-11","David Ayer"
tt3501632,8,2018-01-28,"Thor: Ragnarok","Thor: Ragnarok",https://www.imdb.com/title/tt3501632,Movie,7.9,130,2017,"Action, Sci-Fi, Adventure, Comedy, Fantasy",907125,"2017-11-03","Taika Waititi"
tt3716530,7,2018-01-24,"Elle","Elle",https://www.imdb.com/title/tt3716530,Movie,7.1,130,2016,"Drama, Thriller, Crime, Action, Mystery, Romance",74874,"2016-11-11","Paul Verhoeven"
tt5167198,9,2018-01-21,"The Hunt","The Hunt",https://www.imdb.com/title/tt5167198,TV Mini Series,9.2,64,2015,"Documentary, Family",4650,"2016-07-03",
tt2106476,9,2018-01-21,"The Hunt","Jagten",https://www.imdb.com/title/tt2106476,Movie,8.3,115,2012,"Drama",415765,"2012-11-14","Thomas Vinterberg"
tt1985443,8,2018-01-21,"Hatfields & McCoys","Hatfields & McCoys",https://www.imdb.com/title/tt1985443,TV Mini Series,7.9,97,2012,"Drama, History, Romance, War, Western",31258,"2012-05-28",
tt0421099,8,2018-01-21,"Grand Designs","Grand Designs",https://www.imdb.com/title/tt0421099,TV Series,8.5,50,1999,"Documentary, Reality-TV",3846,"1999-04-29",
tt3647998,8,2018-01-21,"Taboo","Taboo",https://www.imdb.com/title/tt3647998,TV Series,8.3,60,2017,"Drama, Thriller, Mystery",164368,"2017-01-10",
tt5539052,6,2018-01-21,"The Polka King","The Polka King",https://www.imdb.com/title/tt5539052,Movie,6.0,95,2017,"Comedy, Biography, Drama, Music",12822,"2018-01-12","Maya Forbes"
tt3616916,7,2018-01-20,"The Wave","Bølgen",https://www.imdb.com/title/tt3616916,Movie,6.6,105,2015,"Drama, Thriller, Action",46691,"2015-08-28","Roar Uthaug"
tt7214762,8,2018-01-17,"Jim & Andy: The Great Beyond","Jim & Andy: The Great Beyond - Featuring a Very Special, Contractually Obligated Mention of Tony Clifton",https://www.imdb.com/title/tt7214762,Movie,7.6,94,2017,"Documentary",29144,"2017-11-17","Chris Smith"
tt5657856,7,2018-01-17,"Brawl in Cell Block 99","Brawl in Cell Block 99",https://www.imdb.com/title/tt5657856,Movie,7.1,132,2017,"Crime, Drama, Thriller",83830,"2017-10-06","S. Craig Zahler"
tt0105236,9,2018-01-17,"Reservoir Dogs","Reservoir Dogs",https://www.imdb.com/title/tt0105236,Movie,8.2,99,1992,"Crime, Thriller",1178242,"1992-09-02","Quentin Tarantino"
tt0378194,8,2018-01-17,"Kill Bill: Vol. 2","Kill Bill: Vol. 2",https://www.imdb.com/title/tt0378194,Movie,8.0,137,2004,"Thriller, Crime, Action",877255,"2004-04-16","Quentin Tarantino"
tt0266697,8,2018-01-17,"Kill Bill: Vol. 1","Kill Bill: Vol. 1",https://www.imdb.com/title/tt0266697,Movie,8.2,111,2003,"Action, Thriller, Crime",1319915,"2003-10-10","Quentin Tarantino"
tt0079501,7,2018-01-16,"Mad Max","Mad Max",https://www.imdb.com/title/tt0079501,Movie,6.8,88,1979,"Sci-Fi, Thriller, Adventure, Action",246385,"1980-03-21","George Miller"
tt2980592,7,2018-01-14,"The Guest","The Guest",https://www.imdb.com/title/tt2980592,Movie,6.7,100,2014,"Thriller, Action, Mystery",115129,"2014-09-05","Adam Wingard"
tt0022100,8,2018-01-13,"M","M - Eine Stadt sucht einen Mörder",https://www.imdb.com/title/tt0022100,Movie,8.3,99,1931,"Crime, Mystery, Thriller",183921,"1931-08-31","Fritz Lang"
tt6265828,6,2018-01-09,"A Ghost Story","A Ghost Story",https://www.imdb.com/title/tt6265828,Movie,6.8,92,2017,"Drama, Fantasy, Romance, Mystery",87331,"2017-07-28","David Lowery"
tt5362988,8,2018-01-08,"Wind River","Wind River",https://www.imdb.com/title/tt5362988,Movie,7.7,107,2017,"Thriller, Crime, Mystery, Drama, Western",318772,"2017-08-18","Taylor Sheridan"
tt2401256,8,2018-01-07,"The Night Of","The Night Of",https://www.imdb.com/title/tt2401256,TV Mini Series,8.4,60,2016,"Crime, Drama, Mystery",198179,"2016-06-24",
tt3532216,7,2018-01-07,"American Made","American Made",https://www.imdb.com/title/tt3532216,Movie,7.2,115,2017,"Crime, Action, Comedy, Drama, Thriller",235365,"2017-09-29","Doug Liman"
tt1241317,4,2018-01-03,"Death Note","Death Note",https://www.imdb.com/title/tt1241317,Movie,4.5,101,2017,"Thriller, Horror, Fantasy, Crime, Drama, Mystery",96902,"2017-08-25","Adam Wingard"
tt1318514,8,2018-01-02,"Rise of the Planet of the Apes","Rise of the Planet of the Apes",https://www.imdb.com/title/tt1318514,Movie,7.6,105,2011,"Action, Sci-Fi, Drama, Thriller",608781,"2011-08-05","Rupert Wyatt"
tt5290382,8,2018-01-02,"Mindhunter","Mindhunter",https://www.imdb.com/title/tt5290382,TV Series,8.6,60,2017,"Thriller, Crime, Drama, Mystery",403218,"2017-10-13",
tt5109784,8,2018-01-02,"Mother!","Mother!",https://www.imdb.com/title/tt5109784,Movie,6.6,121,2017,"Drama, Mystery, Horror",270057,"2017-09-15","Darren Aronofsky"
tt2788432,8,2018-01-02,"American Crime Story","American Crime Story",https://www.imdb.com/title/tt2788432,TV Series,8.4,42,2016,"Biography, Drama, Crime, History",102886,"2016-02-02",
tt0119715,8,2017-12-31,"Mousehunt","Mousehunt",https://www.imdb.com/title/tt0119715,Movie,6.5,98,1997,"Comedy",64046,"1997-12-19","Gore Verbinski"
tt0384680,7,2017-12-31,"The Weather Man","The Weather Man",https://www.imdb.com/title/tt0384680,Movie,6.5,102,2005,"Drama, Comedy",86514,"2005-10-28","Gore Verbinski"
tt0298130,7,2017-12-31,"The Ring","The Ring",https://www.imdb.com/title/tt0298130,Movie,7.1,115,2002,"Mystery, Horror",405378,"2002-10-18","Gore Verbinski"
tt0236493,6,2017-12-31,"The Mexican","The Mexican",https://www.imdb.com/title/tt0236493,Movie,6.1,123,2001,"Adventure, Drama, Romance, Comedy",121943,"2001-03-02","Gore Verbinski"
tt6333054,9,2017-12-30,"Chasing Coral","Chasing Coral",https://www.imdb.com/title/tt6333054,Movie,8.0,93,2017,"Documentary",5983,"2017-07-14","Jeff Orlowski-Yang"
tt2321405,8,2017-12-28,"My Life as a Zucchini","Ma vie de Courgette",https://www.imdb.com/title/tt2321405,Movie,7.8,70,2016,"Animation, Drama, Comedy",33325,"2017-02-24","Claude Barras"
tt3631112,6,2017-12-28,"The Girl on the Train","The Girl on the Train",https://www.imdb.com/title/tt3631112,Movie,6.5,112,2016,"Thriller, Mystery, Drama, Crime",213103,"2016-10-07","Tate Taylor"
tt4680182,5,2017-12-25,"Colossal","Colossal",https://www.imdb.com/title/tt4680182,Movie,6.2,109,2016,"Comedy, Sci-Fi, Fantasy, Drama, Horror",75512,"2017-04-21","Nacho Vigalondo"
tt1680136,6,2017-12-25,"Klown","Klovn: The Movie",https://www.imdb.com/title/tt1680136,Movie,7.1,93,2010,"Comedy",12428,"2010-12-16","Mikkel Nørgaard"
tt1959563,7,2017-12-25,"The Hitman's Bodyguard","The Hitman's Bodyguard",https://www.imdb.com/title/tt1959563,Movie,6.9,118,2017,"Action, Comedy, Thriller, Crime",264160,"2017-08-18","Patrick Hughes"
tt4649466,7,2017-12-24,"Kingsman: The Golden Circle","Kingsman: The Golden Circle",https://www.imdb.com/title/tt4649466,Movie,6.7,141,2017,"Action, Adventure, Comedy, Crime, Thriller",404746,"2017-09-22","Matthew Vaughn"
tt3488710,7,2017-12-23,"The Walk","The Walk",https://www.imdb.com/title/tt3488710,Movie,7.3,123,2015,"Adventure, Biography, Drama",142105,"2015-10-09","Robert Zemeckis"
tt4973548,6,2017-12-06,"Flaked","Flaked",https://www.imdb.com/title/tt4973548,TV Series,7.2,30,2016,"Comedy, Drama, Romance",13188,"2016-03-11",
tt2179116,7,2017-12-04,"The Kings of Summer","The Kings of Summer",https://www.imdb.com/title/tt2179116,Movie,7.1,95,2013,"Comedy, Drama, Adventure",87875,"2013-08-23","Jordan Vogt-Roberts"
tt3731562,6,2017-12-04,"Kong: Skull Island","Kong: Skull Island",https://www.imdb.com/title/tt3731562,Movie,6.7,118,2017,"Action, Adventure, Fantasy, Sci-Fi",377650,"2017-03-10","Jordan Vogt-Roberts"
tt5592248,7,2017-11-30,"The Beguiled","The Beguiled",https://www.imdb.com/title/tt5592248,Movie,6.3,93,2017,"Drama, Thriller, War, History, Western",66490,"2017-06-30","Sofia Coppola"
tt2404435,6,2017-11-28,"The Magnificent Seven","The Magnificent Seven",https://www.imdb.com/title/tt2404435,Movie,6.9,132,2016,"Action, Western, Adventure, Drama",247910,"2016-09-23","Antoine Fuqua"
tt0120669,7,2017-11-20,"Fear and Loathing in Las Vegas","Fear and Loathing in Las Vegas",https://www.imdb.com/title/tt0120669,Movie,7.4,118,1998,"Adventure, Drama, Comedy",320971,"1998-05-22","Terry Gilliam"
tt4230076,6,2017-11-20,"The Defenders","The Defenders",https://www.imdb.com/title/tt4230076,TV Mini Series,7.2,50,2017,"Action, Adventure, Crime, Sci-Fi, Fantasy",128798,"2017-08-18",
tt3890160,7,2017-11-20,"Baby Driver","Baby Driver",https://www.imdb.com/title/tt3890160,Movie,7.5,113,2017,"Action, Music, Crime, Drama, Romance, Thriller",692066,"2017-06-28","Edgar Wright"
tt0945513,7,2017-11-06,"Source Code","Source Code",https://www.imdb.com/title/tt0945513,Movie,7.5,93,2011,"Sci-Fi, Thriller, Action, Drama, Mystery",586409,"2011-04-01","Duncan Jones"
tt3469046,5,2017-11-05,"Despicable Me 3","Despicable Me 3",https://www.imdb.com/title/tt3469046,Movie,6.3,90,2017,"Animation, Adventure, Comedy, Family, Sci-Fi, Crime",184996,"2017-06-30","Kyle Balda,Pierre Coffin,Eric Guillon"
tt0099487,8,2017-11-04,"Edward Scissorhands","Edward Scissorhands",https://www.imdb.com/title/tt0099487,Movie,7.8,105,1990,"Drama, Romance, Fantasy",568816,"1990-12-14","Tim Burton"
tt0247196,7,2017-11-04,"Before Night Falls","Before Night Falls",https://www.imdb.com/title/tt0247196,Movie,7.1,133,2000,"Biography, Romance, Drama",27395,"2001-02-23","Julian Schnabel"
tt0308644,8,2017-11-04,"Finding Neverland","Finding Neverland",https://www.imdb.com/title/tt0308644,Movie,7.6,106,2004,"Drama, Biography, Family",217895,"2004-12-17","Marc Forster"
tt0375920,6,2017-11-04,"The Libertine","The Libertine",https://www.imdb.com/title/tt0375920,Movie,6.2,114,2004,"Drama, Romance, Biography, History",38925,"2006-03-10","Laurence Dunmore"
tt0367594,7,2017-11-04,"Charlie and the Chocolate Factory","Charlie and the Chocolate Factory",https://www.imdb.com/title/tt0367594,Movie,6.7,115,2005,"Musical, Adventure, Comedy, Family, Fantasy",576259,"2005-07-15","Tim Burton"
tt0121164,8,2017-11-04,"Corpse Bride","Corpse Bride",https://www.imdb.com/title/tt0121164,Movie,7.4,77,2005,"Animation, Musical, Fantasy, Romance, Family, Drama, Comedy",331005,"2005-09-23","Tim Burton,Mike Johnson"
tt0363988,7,2017-11-04,"Secret Window","Secret Window",https://www.imdb.com/title/tt0363988,Movie,6.5,96,2004,"Thriller, Mystery, Drama",223020,"2004-03-12","David Koepp"
tt0120681,7,2017-11-04,"From Hell","From Hell",https://www.imdb.com/title/tt0120681,Movie,6.7,122,2001,"Horror, Crime, Mystery, Thriller",172699,"2001-10-19","Albert Hughes,Allen Hughes"
tt0221027,8,2017-11-04,"Blow","Blow",https://www.imdb.com/title/tt0221027,Movie,7.5,124,2001,"Biography, Crime, Drama",288573,"2001-04-06","Ted Demme"
tt0241303,7,2017-11-04,"Chocolat","Chocolat",https://www.imdb.com/title/tt0241303,Movie,7.2,121,2000,"Romance, Drama",211215,"2001-01-19","Lasse Hallström"
tt0162661,7,2017-11-04,"Sleepy Hollow","Sleepy Hollow",https://www.imdb.com/title/tt0162661,Movie,7.3,105,1999,"Mystery, Fantasy, Horror",414733,"1999-11-19","Tim Burton"
tt0119008,8,2017-11-04,"Donnie Brasco","Donnie Brasco",https://www.imdb.com/title/tt0119008,Movie,7.7,127,1997,"Biography, Crime, Drama",359496,"1997-02-28","Mike Newell"
tt0113972,7,2017-11-04,"Nick of Time","Nick of Time",https://www.imdb.com/title/tt0113972,Movie,6.3,89,1995,"Drama, Crime, Action, Thriller",47803,"1995-11-22","John Badham"
tt0112817,7,2017-11-04,"Dead Man","Dead Man",https://www.imdb.com/title/tt0112817,Movie,7.5,121,1995,"Drama, Adventure, Western",109679,"1996-05-10","Jim Jarmusch"
tt1054606,6,2017-11-04,"The Imaginarium of Doctor Parnassus","The Imaginarium of Doctor Parnassus",https://www.imdb.com/title/tt1054606,Movie,6.7,123,2009,"Fantasy, Adventure, Mystery, Comedy",158116,"2010-01-08","Terry Gilliam"
tt1152836,7,2017-11-04,"Public Enemies","Public Enemies",https://www.imdb.com/title/tt1152836,Movie,6.9,140,2009,"Crime, Drama, Biography, History",336461,"2009-07-01","Michael Mann"
tt1014759,6,2017-11-04,"Alice in Wonderland","Alice in Wonderland",https://www.imdb.com/title/tt1014759,Movie,6.4,108,2010,"Fantasy, Family, Adventure, Mystery",471318,"2010-03-05","Tim Burton"
tt1243957,6,2017-11-04,"The Tourist","The Tourist",https://www.imdb.com/title/tt1243957,Movie,6.0,103,2010,"Thriller, Action, Crime",269830,"2010-12-10","Florian Henckel von Donnersmarck"
tt1192628,8,2017-11-04,"Rango","Rango",https://www.imdb.com/title/tt1192628,Movie,7.3,107,2011,"Animation, Adventure, Family, Western, Comedy, Action, Drama",323138,"2011-03-04","Gore Verbinski"
tt1077368,5,2017-11-04,"Dark Shadows","Dark Shadows",https://www.imdb.com/title/tt1077368,Movie,6.2,113,2012,"Comedy, Horror, Fantasy",295702,"2012-05-11","Tim Burton"
tt1210819,5,2017-11-04,"The Lone Ranger","The Lone Ranger",https://www.imdb.com/title/tt1210819,Movie,6.4,150,2013,"Action, Adventure, Western, Drama",254206,"2013-07-03","Gore Verbinski"
tt1298650,5,2017-11-04,"Pirates of the Caribbean: On Stranger Tides","Pirates of the Caribbean: On Stranger Tides",https://www.imdb.com/title/tt1298650,Movie,6.6,136,2011,"Action, Adventure, Fantasy",612554,"2011-05-20","Rob Marshall"
tt0408236,8,2017-11-04,"Sweeney Todd: The Demon Barber of Fleet Street","Sweeney Todd: The Demon Barber of Fleet Street",https://www.imdb.com/title/tt0408236,Movie,7.3,116,2007,"Musical, Drama, Thriller, Horror",408481,"2007-12-21","Tim Burton"
tt0449088,7,2017-11-04,"Pirates of the Caribbean: At World's End","Pirates of the Caribbean: At World's End",https://www.imdb.com/title/tt0449088,Movie,7.2,169,2007,"Action, Adventure, Fantasy",750533,"2007-05-25","Gore Verbinski"
tt0383574,7,2017-11-04,"Pirates of the Caribbean: Dead Man's Chest","Pirates of the Caribbean: Dead Man's Chest",https://www.imdb.com/title/tt0383574,Movie,7.4,151,2006,"Adventure, Fantasy, Action",833920,"2006-07-07","Gore Verbinski"
tt0325980,8,2017-11-04,"Pirates of the Caribbean: The Curse of the Black Pearl","Pirates of the Caribbean: The Curse of the Black Pearl",https://www.imdb.com/title/tt0325980,Movie,8.1,143,2003,"Fantasy, Action, Adventure",1340346,"2003-07-09","Gore Verbinski"
tt1790809,5,2017-11-04,"Pirates of the Caribbean: Dead Men Tell No Tales","Pirates of the Caribbean: Dead Men Tell No Tales",https://www.imdb.com/title/tt1790809,Movie,6.5,129,2017,"Action, Adventure, Fantasy",389842,"2017-05-26","Joachim Rønning,Espen Sandberg"
tt0059183,7,2017-10-28,"The Flight of the Phoenix","The Flight of the Phoenix",https://www.imdb.com/title/tt0059183,Movie,7.5,142,1965,"Drama, Adventure",24395,"1965-12-15","Robert Aldrich"
tt3312830,7,2017-10-21,"Youth","Youth",https://www.imdb.com/title/tt3312830,Movie,7.3,124,2015,"Drama, Comedy, Music, Romance",89148,"2015-12-04","Paolo Sorrentino"
tt3920596,9,2017-10-16,"Big Little Lies","Big Little Lies",https://www.imdb.com/title/tt3920596,TV Series,8.4,50,2017,"Crime, Drama, Mystery",247118,"2017-02-19",
tt1396484,8,2017-10-16,"It","It",https://www.imdb.com/title/tt1396484,Movie,7.3,135,2017,"Horror",705837,"2017-09-08","Andy Muschietti"
tt0451279,8,2017-10-08,"Wonder Woman","Wonder Woman",https://www.imdb.com/title/tt0451279,Movie,7.3,141,2017,"Action, Adventure, Fantasy, Sci-Fi, War",739555,"2017-06-02","Patty Jenkins"
tt1124037,6,2017-10-08,"Free State of Jones","Free State of Jones",https://www.imdb.com/title/tt1124037,Movie,6.9,139,2016,"Drama, History, War, Biography, Action, Western",68654,"2016-06-24","Gary Ross"
tt3863484,7,2017-10-07,"King Jack","King Jack",https://www.imdb.com/title/tt3863484,Movie,6.9,81,2015,"Adventure, Drama",3549,"2016-06-10","Felix Thompson"
tt5462602,7,2017-09-25,"The Big Sick","The Big Sick",https://www.imdb.com/title/tt5462602,Movie,7.5,120,2017,"Comedy, Romance, Drama",151258,"2017-07-14","Michael Showalter"
tt2458776,8,2017-09-25,"Bears","Bears",https://www.imdb.com/title/tt2458776,Movie,7.3,78,2014,"Documentary, Family",7385,"2014-04-18","Alastair Fothergill,Keith Scholey,Adam Chapman"
tt5195412,6,2017-09-13,"Wakefield","Wakefield",https://www.imdb.com/title/tt5195412,Movie,6.3,106,2016,"Drama",19449,"2017-05-19","Robin Swicord"
tt1469304,3,2017-09-11,"Baywatch","Baywatch",https://www.imdb.com/title/tt1469304,Movie,5.5,116,2017,"Comedy, Action, Crime",220777,"2017-05-25","Seth Gordon"
tt0944947,9,2017-08-31,"Game of Thrones","Game of Thrones",https://www.imdb.com/title/tt0944947,TV Series,9.2,60,2011,"Fantasy, Drama",2648541,"2011-04-17",
tt4635276,9,2017-08-31,"Master of None","Master of None",https://www.imdb.com/title/tt4635276,TV Series,8.2,30,2015,"Comedy, Drama",79005,"2015-11-06",
tt2306299,8,2017-08-28,"Vikings","Vikings",https://www.imdb.com/title/tt2306299,TV Series,8.5,45,2013,"Action, Drama, History, War, Romance, Adventure",647458,"2013-03-03",
tt1520211,8,2017-08-28,"The Walking Dead","The Walking Dead",https://www.imdb.com/title/tt1520211,TV Series,8.1,45,2010,"Horror, Drama, Thriller",1208551,"2010-10-31",
tt3877200,8,2017-08-28,"The Missing","The Missing",https://www.imdb.com/title/tt3877200,TV Series,8.1,60,2014,"Drama, Crime, Mystery",32701,"2014-11-15",
tt3322314,8,2017-08-28,"Luke Cage","Luke Cage",https://www.imdb.com/title/tt3322314,TV Series,7.2,60,2016,"Action, Sci-Fi, Crime, Thriller, Drama",149740,"2016-09-30",
tt2357547,8,2017-08-28,"Jessica Jones","Jessica Jones",https://www.imdb.com/title/tt2357547,TV Series,7.8,56,2015,"Action, Crime, Drama, Sci-Fi, Thriller",241340,"2015-11-20",
tt2575988,9,2017-08-28,"Silicon Valley","Silicon Valley",https://www.imdb.com/title/tt2575988,TV Series,8.5,30,2014,"Comedy",183762,"2014-04-06",
tt4574334,9,2017-08-28,"Stranger Things","Stranger Things",https://www.imdb.com/title/tt4574334,TV Series,8.6,60,2016,"Drama, Horror, Thriller, Sci-Fi, Mystery, Fantasy",1728184,"2016-07-15",
tt3612616,8,2017-08-21,"Mommy","Mommy",https://www.imdb.com/title/tt3612616,Movie,8.0,139,2014,"Drama",65989,"2014-10-08","Xavier Dolan"
tt5491994,10,2017-08-19,"Planet Earth II","Planet Earth II",https://www.imdb.com/title/tt5491994,TV Mini Series,9.4,50,2016,"Documentary, Family",176337,"2017-02-18",
tt4857264,8,2017-08-19,"The Invisible Guest","Contratiempo",https://www.imdb.com/title/tt4857264,Movie,8.0,106,2016,"Thriller, Crime, Mystery, Drama",216027,"2017-01-06","Oriol Paulo"
tt5776208,6,2017-08-18,"Resident Evil: Vendetta","Baiohazâdo: Vendetta",https://www.imdb.com/title/tt5776208,Movie,6.2,97,2017,"Animation, Action, Adventure, Horror, Sci-Fi, Thriller",17707,"2017-06-19","Takanori Tsujimoto"
tt3011894,9,2017-08-15,"Wild Tales","Relatos salvajes",https://www.imdb.com/title/tt3011894,Movie,8.1,122,2014,"Comedy, Thriller, Drama",240640,"2014-08-21","Damián Szifron"
tt0420509,7,2017-08-15,"The Aura","El aura",https://www.imdb.com/title/tt0420509,Movie,7.1,134,2005,"Thriller, Crime, Drama",15829,"2005-09-15","Fabián Bielinsky"
tt2132324,5,2017-08-15,"White Elephant","Elefante blanco",https://www.imdb.com/title/tt2132324,Movie,6.5,105,2012,"Drama, Crime",5828,"2012-05-17","Pablo Trapero"
tt1705786,7,2017-08-15,"Chinese Take-Away","Un cuento chino",https://www.imdb.com/title/tt1705786,Movie,7.3,93,2011,"Drama, Comedy",20870,"2011-03-24","Sebastián Borensztein"
tt1542852,6,2017-08-15,"Carancho","Carancho",https://www.imdb.com/title/tt1542852,Movie,6.8,107,2010,"Drama, Crime, Romance, Thriller",9510,"2011-02-11","Pablo Trapero"
tt1305806,9,2017-08-15,"The Secret in Their Eyes","El secreto de sus ojos",https://www.imdb.com/title/tt1305806,Movie,8.2,129,2009,"Drama, Mystery, Thriller, Romance",244475,"2010-05-21","Juan José Campanella"
tt0247586,9,2017-08-15,"Nine Queens","Nueve reinas",https://www.imdb.com/title/tt0247586,Movie,7.9,114,2000,"Thriller, Drama, Crime",63465,"2000-08-31","Fabián Bielinsky"
tt0210843,7,2017-08-15,"The Same Love, the Same Rain","El mismo amor, la misma lluvia",https://www.imdb.com/title/tt0210843,Movie,7.3,113,1999,"Drama, Romance, Comedy",3836,"1999-09-16","Juan José Campanella"
tt1450321,6,2017-08-15,"Filth","Filth",https://www.imdb.com/title/tt1450321,Movie,7.0,97,2013,"Comedy, Crime, Drama, Action",122897,"2014-04-24","Jon S. Baird"
tt2042583,7,2017-08-14,"The Golden Dream","La jaula de oro",https://www.imdb.com/title/tt2042583,Movie,7.6,108,2013,"Drama",5402,"2015-10","Diego Quemada-Diez"
tt1600196,7,2017-08-13,"The Drop","The Drop",https://www.imdb.com/title/tt1600196,Movie,7.0,106,2014,"Crime, Drama, Thriller, Mystery",170965,"2014-09-12","Michaël R. Roskam"
tt3289956,6,2017-08-12,"The Autopsy of Jane Doe","The Autopsy of Jane Doe",https://www.imdb.com/title/tt3289956,Movie,6.8,86,2016,"Horror, Mystery, Thriller",167751,"2016-12-21","André Øvredal"
tt2771200,7,2017-08-08,"Beauty and the Beast","Beauty and the Beast",https://www.imdb.com/title/tt2771200,Movie,7.1,129,2017,"Musical, Fantasy, Romance, Family, Adventure",361697,"2017-03-17","Bill Condon"
tt1790885,8,2017-08-03,"Zero Dark Thirty","Zero Dark Thirty",https://www.imdb.com/title/tt1790885,Movie,7.4,157,2012,"Thriller, Drama, History",343451,"2013-01-11","Kathryn Bigelow"
tt0361748,8,2017-07-30,"Inglourious Basterds","Inglourious Basterds",https://www.imdb.com/title/tt0361748,Movie,8.4,153,2009,"War, Drama",1809358,"2009-08-21","Quentin Tarantino"
tt4481414,8,2017-07-30,"Gifted","Gifted",https://www.imdb.com/title/tt4481414,Movie,7.6,101,2017,"Drama",161148,"2017-04-12","Marc Webb"
tt5442430,6,2017-07-30,"Life","Life",https://www.imdb.com/title/tt5442430,Movie,6.6,104,2017,"Sci-Fi, Thriller, Horror",279216,"2017-03-24","Daniel Espinosa"
tt4573516,6,2017-07-30,"Sleight","Sleight",https://www.imdb.com/title/tt4573516,Movie,5.9,89,2016,"Sci-Fi, Drama, Crime",9547,"2017-04-28","J.D. Dillard"
tt4034354,7,2017-07-29,"Swiss Army Man","Swiss Army Man",https://www.imdb.com/title/tt4034354,Movie,6.9,97,2016,"Drama, Comedy, Fantasy, Romance",142272,"2016-07-01","Daniel Kwan,Daniel Scheinert"
tt2025690,7,2017-07-24,"The Finest Hours","The Finest Hours",https://www.imdb.com/title/tt2025690,Movie,6.7,117,2016,"Drama, Thriller, History, Action",75084,"2016-01-29","Craig Gillespie"
tt0317705,9,2017-07-24,"The Incredibles","The Incredibles",https://www.imdb.com/title/tt0317705,Movie,8.0,115,2004,"Animation, Action, Adventure, Family",912758,"2004-11-05","Brad Bird"
tt4302938,8,2017-07-23,"Kubo and the Two Strings","Kubo and the Two Strings",https://www.imdb.com/title/tt4302938,Movie,7.7,101,2016,"Animation, Adventure, Family, Fantasy, Action",147950,"2016-08-19","Travis Knight"
tt0058150,8,2017-07-22,"Goldfinger","Goldfinger",https://www.imdb.com/title/tt0058150,Movie,7.7,110,1964,"Adventure, Thriller, Action",219295,"1965-01-09","Guy Hamilton"
tt1186830,7,2017-07-20,"Agora","Agora",https://www.imdb.com/title/tt1186830,Movie,7.1,127,2009,"Adventure, Drama, History, Romance, Biography",76867,"2009-10-09","Alejandro Amenábar"
tt3319920,3,2017-07-20,"Regression","Regression",https://www.imdb.com/title/tt3319920,Movie,5.6,106,2015,"Thriller, Crime, Mystery, Drama",45287,"2015-10-02","Alejandro Amenábar"
tt0477348,8,2017-07-18,"No Country for Old Men","No Country for Old Men",https://www.imdb.com/title/tt0477348,Movie,8.2,122,2007,"Thriller, Crime, Drama",1206991,"2007-11-21","Ethan Coen,Joel Coen"
tt0190590,8,2017-07-18,"O Brother, Where Art Thou?","O Brother, Where Art Thou?",https://www.imdb.com/title/tt0190590,Movie,7.7,107,2000,"Music, Drama, Adventure, Crime, Comedy",354568,"2001-02-02","Joel Coen,Ethan Coen"
tt3874544,6,2017-07-18,"The Boss Baby","The Boss Baby",https://www.imdb.com/title/tt3874544,Movie,6.3,97,2017,"Animation, Comedy, Family, Fantasy, Adventure",160928,"2017-03-31","Tom McGrath"
tt2763304,6,2017-07-18,"T2 Trainspotting","T2 Trainspotting",https://www.imdb.com/title/tt2763304,Movie,7.1,117,2017,"Drama, Comedy, Crime",142383,"2017-03-31","Danny Boyle"
tt5173032,5,2017-07-17,"Buster's Mal Heart","Buster's Mal Heart",https://www.imdb.com/title/tt5173032,Movie,6.1,96,2016,"Drama, Mystery, Thriller, Crime",12182,"2017-05-23","Sarah Adina Smith"
tt1219827,5,2017-07-17,"Ghost in the Shell","Ghost in the Shell",https://www.imdb.com/title/tt1219827,Movie,6.3,107,2017,"Action, Drama, Sci-Fi, Thriller, Crime, Mystery",240986,"2017-03-31","Rupert Sanders"
tt4776998,7,2017-07-16,"The Promise","The Promise",https://www.imdb.com/title/tt4776998,Movie,6.1,133,2016,"Drama, Action, Adventure, War",180509,"2017-04-21","Terry George"
tt2911666,8,2017-07-16,"John Wick","John Wick",https://www.imdb.com/title/tt2911666,Movie,7.5,101,2014,"Action, Thriller, Crime",837072,"2014-10-24","Chad Stahelski"
tt4425200,8,2017-07-16,"John Wick: Chapter 2","John Wick: Chapter 2",https://www.imdb.com/title/tt4425200,Movie,7.4,122,2017,"Action, Thriller, Crime",576462,"2017-02-10","Chad Stahelski"
tt3026488,5,2017-07-16,"Alone in Berlin","Alone in Berlin",https://www.imdb.com/title/tt3026488,Movie,6.5,103,2016,"Drama, History, War",10681,"2017-01-13","Vincent Perez"
tt2948840,5,2017-07-16,"Life","Life",https://www.imdb.com/title/tt2948840,Movie,6.1,111,2015,"Drama, Biography",9476,"2015-12-04","Anton Corbijn"
tt2034800,5,2017-07-16,"The Great Wall","The Great Wall",https://www.imdb.com/title/tt2034800,Movie,5.9,103,2016,"Thriller, Action, Adventure, Fantasy",160728,"2017-02-17","Yimou Zhang"
tt1385826,7,2017-07-15,"The Adjustment Bureau","The Adjustment Bureau",https://www.imdb.com/title/tt1385826,Movie,7.0,106,2011,"Romance, Thriller, Sci-Fi, Crime, Mystery, Drama",284376,"2011-03-04","George Nolfi"
tt2910904,5,2017-07-15,"The Dressmaker","The Dressmaker",https://www.imdb.com/title/tt2910904,Movie,7.0,119,2015,"Drama, Comedy",71349,"2015-10-29","Jocelyn Moorhouse"
tt4630562,6,2017-07-15,"The Fate of the Furious","The Fate of the Furious",https://www.imdb.com/title/tt4630562,Movie,6.6,136,2017,"Action, Thriller, Crime",277332,"2017-04-14","F. Gary Gray"
tt4846340,8,2017-07-09,"Hidden Figures","Hidden Figures",https://www.imdb.com/title/tt4846340,Movie,7.8,127,2016,"Drama, History, Biography",292717,"2017-01-06","Theodore Melfi"
tt1212428,6,2017-07-09,"The Lost City of Z","The Lost City of Z",https://www.imdb.com/title/tt1212428,Movie,6.6,141,2016,"Drama, Biography, Adventure, History",106726,"2017-04-21","James Gray"
tt0085959,7,2017-06-29,"Monty Python's the Meaning of Life","The Meaning of Life",https://www.imdb.com/title/tt0085959,Movie,7.5,107,1983,"Musical, Comedy",130623,"1983-03-31","Terry Jones"
tt1931533,6,2017-06-29,"Seven Psychopaths","Seven Psychopaths",https://www.imdb.com/title/tt1931533,Movie,7.1,110,2012,"Comedy, Crime, Drama, Thriller",289760,"2012-10-12","Martin McDonagh"
tt2370718,8,2017-06-27,"Artifact","Artifact",https://www.imdb.com/title/tt2370718,Movie,7.8,103,2012,"Documentary, Music",4757,"2013-12-03","Jared Leto"
tt1024648,8,2017-06-27,"Argo","Argo",https://www.imdb.com/title/tt1024648,Movie,7.7,120,2012,"Thriller, Drama, Biography, History",671105,"2012-10-12","Ben Affleck"
tt0112384,8,2017-06-27,"Apollo 13","Apollo 13",https://www.imdb.com/title/tt0112384,Movie,7.7,140,1995,"Adventure, History, Drama",341401,"1995-06-30","Ron Howard"
tt1521197,7,2017-06-27,"Anonymous","Anonymous",https://www.imdb.com/title/tt1521197,Movie,6.8,130,2011,"Drama, Thriller",43475,"2011-10-28","Roland Emmerich"
tt1781769,7,2017-06-27,"Anna Karenina","Anna Karenina",https://www.imdb.com/title/tt1781769,Movie,6.6,129,2012,"Drama, Romance",112786,"2012-09-07","Joe Wright"
tt0305206,7,2017-06-27,"American Splendor","American Splendor",https://www.imdb.com/title/tt0305206,Movie,7.4,101,2003,"Comedy, Biography, Drama",54959,"2003-09-12","Shari Springer Berman,Robert Pulcini"
tt2017038,8,2017-06-27,"All Is Lost","All Is Lost",https://www.imdb.com/title/tt2017038,Movie,6.9,106,2013,"Drama, Adventure, Action",88174,"2013-10-25","J.C. Chandor"
tt1602098,7,2017-06-27,"Albert Nobbs","Albert Nobbs",https://www.imdb.com/title/tt1602098,Movie,6.7,113,2011,"Drama, Romance",26706,"2012-02-22","Rodrigo García"
tt0445922,7,2017-06-27,"Across the Universe","Across the Universe",https://www.imdb.com/title/tt0445922,Movie,7.3,133,2007,"Musical, Drama, Romance, Fantasy, Music, History",118083,"2007-10-12","Julie Taymor"
tt1611224,5,2017-06-27,"Abraham Lincoln: Vampire Hunter","Abraham Lincoln: Vampire Hunter",https://www.imdb.com/title/tt1611224,Movie,5.9,105,2012,"Horror, Fantasy, Action",169057,"2012-06-22","Timur Bekmambetov"
tt0120324,7,2017-06-27,"A Simple Plan","A Simple Plan",https://www.imdb.com/title/tt0120324,Movie,7.5,121,1998,"Crime, Drama, Thriller",84705,"1999-01-22","Sam Raimi"
tt2024544,8,2017-06-27,"12 Years a Slave","12 Years a Slave",https://www.imdb.com/title/tt2024544,Movie,8.1,134,2013,"Drama, History, Biography",792403,"2013-11-08","Steve McQueen"
tt1680045,6,2017-06-27,"360","360",https://www.imdb.com/title/tt1680045,Movie,6.1,110,2011,"Drama, Thriller, Romance, Crime, Mystery",17995,"2012-07-25","Fernando Meirelles"
tt3544082,8,2017-06-27,"45 Years","45 Years",https://www.imdb.com/title/tt3544082,Movie,7.1,95,2015,"Drama, Romance",36814,"2015-08-28","Andrew Haigh"
tt1555149,8,2017-06-27,"Elite Squad 2: The Enemy Within","Tropa de Elite 2: O Inimigo Agora é Outro",https://www.imdb.com/title/tt1555149,Movie,8.0,115,2010,"Crime, Drama, Thriller",92887,"2010-10-08","José Padilha"
tt1247690,5,2017-06-27,"Serena","Serena",https://www.imdb.com/title/tt1247690,Movie,5.5,109,2014,"Drama, Romance, History",32210,"2015-02-26","Susanne Bier"
tt1340800,7,2017-06-21,"Tinker Tailor Soldier Spy","Tinker Tailor Soldier Spy",https://www.imdb.com/title/tt1340800,Movie,7.0,127,2011,"Thriller, Drama, Mystery",227560,"2012-01-06","Tomas Alfredson"
tt1474684,10,2017-06-15,"Luther","Luther",https://www.imdb.com/title/tt1474684,TV Series,8.4,60,2010,"Crime, Drama, Mystery, Thriller",164586,"2010-10-17",
tt1216496,8,2017-06-03,"Mother","Madeo",https://www.imdb.com/title/tt1216496,Movie,7.7,129,2009,"Drama, Thriller, Crime, Mystery",81310,"2009-05-28","Bong Joon Ho"
tt1291584,8,2017-05-27,"Warrior","Warrior",https://www.imdb.com/title/tt1291584,Movie,8.1,140,2011,"Drama, Sport, Action",532312,"2011-09-09","Gavin O'Connor"
tt2141913,9,2017-05-23,"Review","Review",https://www.imdb.com/title/tt2141913,TV Series,8.4,,2014,"Comedy",7170,"2014-02-27",
tt3326262,8,2017-05-23,"The Dam Keeper","The Dam Keeper",https://www.imdb.com/title/tt3326262,Short,7.9,18,2014,"Animation, Short, Drama, Family, Fantasy",2641,"2014-10-11","Robert Kondo,Daisuke 'Dice' Tsutsumi"
tt5559726,8,2017-05-23,"Blind Vaysha","Blind Vaysha",https://www.imdb.com/title/tt5559726,Short,7.3,8,2016,"Animation, Short, Drama, Fantasy, Mystery",2609,"2016-10-21","Theodore Ushev"
tt1293847,5,2017-05-21,"xXx: Return of Xander Cage","xXx: Return of Xander Cage",https://www.imdb.com/title/tt1293847,Movie,5.2,107,2017,"Action, Adventure, Thriller",102371,"2017-01-20","D.J. Caruso"
tt0329774,4,2017-05-21,"xXx: State of the Union","xXx: State of the Union",https://www.imdb.com/title/tt0329774,Movie,4.5,101,2005,"Adventure, Crime, Thriller, Action",77080,"2005-04-29","Lee Tamahori"
tt0295701,6,2017-05-21,"xXx","xXx",https://www.imdb.com/title/tt0295701,Movie,5.9,124,2002,"Adventure, Thriller, Drama, Action",194714,"2002-08-09","Rob Cohen"
tt3168230,7,2017-05-21,"Mr. Holmes","Mr. Holmes",https://www.imdb.com/title/tt3168230,Movie,6.8,104,2015,"Drama, Mystery, Crime, Thriller, Family",70484,"2015-07-24","Bill Condon"
tt1800302,7,2017-05-21,"Gold","Gold",https://www.imdb.com/title/tt1800302,Movie,6.7,120,2016,"Drama, Crime, Biography, Mystery",74750,"2017-01-27","Stephen Gaghan"
tt3077214,6,2017-05-21,"Suffragette","Suffragette",https://www.imdb.com/title/tt3077214,Movie,6.9,106,2015,"Drama, History",46680,"2015-10-12","Sarah Gavron"
tt4254584,6,2017-05-18,"Kicks","Kicks",https://www.imdb.com/title/tt4254584,Movie,6.4,80,2016,"Adventure, Drama",4741,"2016-09-09","Justin Tipping"
tt2258281,6,2017-05-16,"Beyond the Hills","Dupa dealuri",https://www.imdb.com/title/tt2258281,Movie,7.5,152,2012,"Drama",13979,"2012-10-26","Cristian Mungiu"
tt4572514,6,2017-05-16,"Patriots Day","Patriots Day",https://www.imdb.com/title/tt4572514,Movie,7.3,133,2016,"Thriller, Drama, History, Crime, Action",122949,"2017-01-13","Peter Berg"
tt3640424,7,2017-05-15,"Allied","Allied",https://www.imdb.com/title/tt3640424,Movie,7.1,124,2016,"Drama, Romance, Thriller, War, Action",181182,"2016-11-23","Robert Zemeckis"
tt0395972,7,2017-05-13,"North Country","North Country",https://www.imdb.com/title/tt0395972,Movie,7.3,126,2005,"Drama",47883,"2005-10-21","Niki Caro"
tt1285016,8,2017-05-08,"The Social Network","The Social Network",https://www.imdb.com/title/tt1285016,Movie,7.8,120,2010,"Drama, Biography",826139,"2010-10-01","David Fincher"
tt1973692,8,2017-05-08,"Rita","Rita",https://www.imdb.com/title/tt1973692,TV Series,8.1,40,2012,"Comedy, Drama",11014,"2014-09-15",
tt0049406,8,2017-05-06,"The Killing","The Killing",https://www.imdb.com/title/tt0049406,Movie,7.9,84,1956,"Drama, Crime, Thriller, Film-Noir",106701,"1956-06-06","Stanley Kubrick"
tt5116410,7,2017-05-03,"Tower","Tower",https://www.imdb.com/title/tt5116410,Movie,7.9,82,2016,"Animation, Documentary, Crime",8648,"2017-02-03","Keith Maitland"
tt1595656,5,2017-05-02,"To the Wonder","To the Wonder",https://www.imdb.com/title/tt1595656,Movie,5.8,112,2012,"Drama, Romance",31010,"2013-02-22","Terrence Malick"
tt0088011,7,2017-05-01,"Romancing the Stone","Romancing the Stone",https://www.imdb.com/title/tt0088011,Movie,6.9,106,1984,"Romance, Comedy, Adventure, Action",112882,"1984-03-30","Robert Zemeckis"
tt0055928,7,2017-05-01,"Dr. No","Dr. No",https://www.imdb.com/title/tt0055928,Movie,7.2,110,1962,"Adventure, Thriller, Action",197314,"1962-10-10","Terence Young"
tt0057076,7,2017-05-01,"From Russia with Love","From Russia with Love",https://www.imdb.com/title/tt0057076,Movie,7.3,115,1963,"Thriller, Adventure, Action",160248,"1964-05-27","Terence Young"
tt2357129,5,2017-04-29,"Jobs","Jobs",https://www.imdb.com/title/tt2357129,Movie,6.0,128,2013,"Drama, Biography",107947,"2013-08-16","Joshua Michael Stern"
tt4714782,6,2017-04-26,"Personal Shopper","Personal Shopper",https://www.imdb.com/title/tt4714782,Movie,6.1,105,2016,"Thriller, Mystery, Drama",46057,"2017-03-10","Olivier Assayas"
tt0117381,8,2017-04-16,"Primal Fear","Primal Fear",https://www.imdb.com/title/tt0117381,Movie,7.7,129,1996,"Crime, Mystery, Drama, Thriller",293568,"1996-04-03","Gregory Hoblit"
tt0119396,7,2017-04-16,"Jackie Brown","Jackie Brown",https://www.imdb.com/title/tt0119396,Movie,7.5,154,1997,"Drama, Crime, Thriller",407158,"1997-12-25","Quentin Tarantino"
tt4972582,7,2017-04-15,"Split","Split",https://www.imdb.com/title/tt4972582,Movie,7.3,117,2016,"Thriller, Horror",628144,"2017-01-20","M. Night Shyamalan"
tt3741834,8,2017-04-13,"Lion","Lion",https://www.imdb.com/title/tt3741834,Movie,8.0,118,2016,"Drama, Biography",268257,"2017-01-06","Garth Davis"
tt1386697,4,2017-04-08,"Suicide Squad","Suicide Squad",https://www.imdb.com/title/tt1386697,Movie,5.9,123,2016,"Action, Sci-Fi, Adventure, Fantasy",764384,"2016-08-05","David Ayer"
tt2166834,8,2017-04-03,"Batman: The Dark Knight Returns, Part 2","Batman: The Dark Knight Returns, Part 2",https://www.imdb.com/title/tt2166834,Video,8.3,76,2013,"Animation, Action, Crime, Thriller, Sci-Fi, Drama, Mystery",62049,"2013-01-29","Jay Oliva"
tt2313197,8,2017-04-03,"Batman: The Dark Knight Returns, Part 1","Batman: The Dark Knight Returns, Part 1",https://www.imdb.com/title/tt2313197,Video,7.9,76,2012,"Animation, Action, Crime, Drama, Thriller, Sci-Fi, Mystery",68210,"2012-09-25","Jay Oliva"
tt4034228,8,2017-04-02,"Manchester by the Sea","Manchester by the Sea",https://www.imdb.com/title/tt4034228,Movie,7.8,137,2016,"Drama",361336,"2016-12-16","Kenneth Lonergan"
tt0067277,7,2017-04-02,"Johnny Got His Gun","Johnny Got His Gun",https://www.imdb.com/title/tt0067277,Movie,7.8,111,1971,"Drama, War",20012,"1971-08-04","Dalton Trumbo"
tt4513674,6,2017-04-01,"Café Society","Café Society",https://www.imdb.com/title/tt4513674,Movie,6.6,96,2016,"Comedy, Romance, Drama",85083,"2016-08-05","Woody Allen"
tt0128445,7,2017-03-31,"Rushmore","Rushmore",https://www.imdb.com/title/tt0128445,Movie,7.6,93,1998,"Drama, Romance, Comedy",209328,"1999-02-19","Wes Anderson"
tt0106856,8,2017-03-30,"Falling Down","Falling Down",https://www.imdb.com/title/tt0106856,Movie,7.5,113,1993,"Crime, Drama, Thriller",228363,"1993-02-26","Joel Schumacher"
tt0185014,7,2017-03-30,"Wonder Boys","Wonder Boys",https://www.imdb.com/title/tt0185014,Movie,7.2,107,2000,"Drama, Comedy",69318,"2000-02-25","Curtis Hanson"
tt0120787,7,2017-03-30,"A Perfect Murder","A Perfect Murder",https://www.imdb.com/title/tt0120787,Movie,6.6,107,1998,"Crime, Drama, Thriller",99209,"1998-06-05","Andrew Davis"
tt0181865,8,2017-03-30,"Traffic","Traffic",https://www.imdb.com/title/tt0181865,Movie,7.5,147,2000,"Thriller, Crime, Drama",231613,"2001-01-05","Steven Soderbergh"
tt0260866,6,2017-03-30,"Don't Say a Word","Don't Say a Word",https://www.imdb.com/title/tt0260866,Movie,6.3,113,2001,"Drama, Mystery, Thriller",67850,"2001-09-28","Gary Fleder"
tt0388182,6,2017-03-30,"King of California","King of California",https://www.imdb.com/title/tt0388182,Movie,6.6,93,2007,"Comedy, Drama",24265,"2007-09-12","M. Cahill"
tt0463034,6,2017-03-30,"You, Me and Dupree","You, Me and Dupree",https://www.imdb.com/title/tt0463034,Movie,5.6,110,2006,"Comedy, Romance",87074,"2006-07-14","Anthony Russo,Joe Russo"
tt0119174,10,2017-03-30,"The Game","The Game",https://www.imdb.com/title/tt0119174,Movie,7.7,129,1997,"Drama, Thriller, Mystery",475591,"1997-09-12","David Fincher"
tt3263614,5,2017-03-29,"Kumiko, The Treasure Hunter","Kumiko, the Treasure Hunter",https://www.imdb.com/title/tt3263614,Movie,6.6,105,2014,"Drama",13071,"2015-02-20","David Zellner"
tt2870648,8,2017-03-28,"Amy","Amy",https://www.imdb.com/title/tt2870648,Movie,7.8,128,2015,"Documentary, Music, Biography",58125,"2015-07-10","Asif Kapadia"
tt3689498,8,2017-03-28,"Feast","Feast",https://www.imdb.com/title/tt3689498,Short,8.1,6,2014,"Animation, Short, Comedy, Drama, Family, Romance",25072,"2014-11-07","Patrick Osborne"
tt0268126,8,2017-03-28,"Adaptation.","Adaptation.",https://www.imdb.com/title/tt0268126,Movie,7.6,115,2002,"Comedy, Drama",214088,"2003-02-14","Spike Jonze"
tt3062880,7,2017-03-28,"Gett","Gett",https://www.imdb.com/title/tt3062880,Movie,7.7,115,2014,"Drama, Biography",7226,"2014-06-25","Ronit Elkabetz,Shlomi Elkabetz"
tt2058673,5,2017-03-27,"Point Break","Point Break",https://www.imdb.com/title/tt2058673,Movie,5.3,114,2015,"Action, Crime, Thriller, Sport, Adventure",69587,"2015-12-25","Ericson Core"
tt3917210,7,2017-03-27,"Life, Animated","Life, Animated",https://www.imdb.com/title/tt3917210,Movie,7.4,92,2016,"Documentary, Family, Drama, Romance, Comedy, Fantasy",6375,"2016-10-20","Roger Ross Williams"
tt3195644,6,2017-03-26,"Insidious: Chapter 3","Insidious: Chapter 3",https://www.imdb.com/title/tt3195644,Movie,6.1,97,2015,"Horror, Thriller, Mystery",129756,"2015-06-05","Leigh Whannell"
tt0455760,6,2017-03-26,"Dead Silence","Dead Silence",https://www.imdb.com/title/tt0455760,Movie,6.2,89,2007,"Horror, Mystery, Thriller",109427,"2007-03-16","James Wan"
tt1456635,6,2017-03-25,"Goon","Goon",https://www.imdb.com/title/tt1456635,Movie,6.8,92,2011,"Comedy, Sport, Drama",94557,"2012-02-24","Michael Dowse"
tt4540710,7,2017-03-25,"Miss Sloane","Miss Sloane",https://www.imdb.com/title/tt4540710,Movie,7.5,132,2016,"Drama",89497,"2016-12-09","John Madden"
tt3824458,7,2017-03-25,"Tangerine","Tangerine",https://www.imdb.com/title/tt3824458,Movie,7.1,88,2015,"Drama, Comedy, Crime",43455,"2015-07-10","Sean Baker"
tt2452254,6,2017-03-25,"Clouds of Sils Maria","Clouds of Sils Maria",https://www.imdb.com/title/tt2452254,Movie,6.7,124,2014,"Drama",32675,"2014-08-20","Olivier Assayas"
tt1211837,7,2017-03-24,"Doctor Strange","Doctor Strange",https://www.imdb.com/title/tt1211837,Movie,7.5,115,2016,"Fantasy, Adventure, Action, Sci-Fi",891797,"2016-11-04","Scott Derrickson"
tt4975722,7,2017-03-21,"Moonlight","Moonlight",https://www.imdb.com/title/tt4975722,Movie,7.4,111,2016,"Drama",354873,"2016-11-18","Barry Jenkins"
tt4238858,6,2017-03-19,"The Fits","The Fits",https://www.imdb.com/title/tt4238858,Movie,6.6,72,2015,"Drama, Music",5304,"2017-01-11","Anna Rose Holmer"
tt3976144,5,2017-03-19,"The Monster","The Monster",https://www.imdb.com/title/tt3976144,Movie,5.4,91,2016,"Horror, Drama, Fantasy",21048,"2016-10-06","Bryan Bertino"
tt2216240,7,2017-03-18,"A Hijacking","Kapringen",https://www.imdb.com/title/tt2216240,Movie,7.1,103,2012,"Thriller, Drama",18050,"2012-09-20","Tobias Lindholm"
tt1602620,9,2017-03-18,"Amour","Amour",https://www.imdb.com/title/tt1602620,Movie,7.9,127,2012,"Drama",111072,"2012-09-20","Michael Haneke"
tt4062536,6,2017-03-15,"Green Room","Green Room",https://www.imdb.com/title/tt4062536,Movie,6.9,95,2015,"Horror, Thriller",155068,"2016-05-13","Jeremy Saulnier"
tt1390411,7,2017-03-15,"In the Heart of the Sea","In the Heart of the Sea",https://www.imdb.com/title/tt1390411,Movie,6.9,122,2015,"Drama, Action, Adventure, History, Biography",160231,"2015-12-11","Ron Howard"
tt0048545,7,2017-03-15,"Rebel Without a Cause","Rebel Without a Cause",https://www.imdb.com/title/tt0048545,Movie,7.6,111,1955,"Drama",103943,"1955-10-27","Nicholas Ray"
tt3521164,7,2017-03-13,"Moana","Moana",https://www.imdb.com/title/tt3521164,Movie,7.6,107,2016,"Animation, Musical, Adventure, Family, Comedy, Fantasy",448258,"2016-11-23","Ron Clements,John Musker,Don Hall,Chris Williams"
tt1703957,6,2017-03-11,"Genius","Genius",https://www.imdb.com/title/tt1703957,Movie,6.5,104,2016,"Drama, Biography",22858,"2016-06-10","Michael Grandage"
tt1355644,7,2017-03-09,"Passengers","Passengers",https://www.imdb.com/title/tt1355644,Movie,7.0,116,2016,"Sci-Fi, Drama, Thriller, Romance",503249,"2016-12-21","Morten Tyldum"
tt1895587,9,2017-03-08,"Spotlight","Spotlight",https://www.imdb.com/title/tt1895587,Movie,8.1,129,2015,"Drama, Crime, Biography",539137,"2015-11-20","Tom McCarthy"
tt2309021,7,2017-03-07,"We Are What We Are","We Are What We Are",https://www.imdb.com/title/tt2309021,Movie,5.9,105,2013,"Thriller, Drama, Horror",23416,"2013-10-25","Jim Mickle"
tt3416744,6,2017-03-06,"The End of the Tour","The End of the Tour",https://www.imdb.com/title/tt3416744,Movie,7.2,106,2015,"Drama, Biography",34953,"2015-08-14","James Ponsoldt"
tt3659786,7,2017-03-05,"Marvellous","Marvellous",https://www.imdb.com/title/tt3659786,TV Movie,7.8,90,2014,"Drama",6849,"2014-09-25","Julian Farino"
tt3183660,5,2017-03-05,"Fantastic Beasts and Where to Find Them","Fantastic Beasts and Where to Find Them",https://www.imdb.com/title/tt3183660,Movie,7.2,132,2016,"Adventure, Family, Fantasy",544043,"2016-11-18","David Yates"
tt3289728,6,2017-02-28,"Equals","Equals",https://www.imdb.com/title/tt3289728,Movie,6.0,101,2015,"Sci-Fi, Drama, Romance",34606,"2016-05-26","Drake Doremus"
tt2513074,5,2017-02-27,"Billy Lynn's Long Halftime Walk","Billy Lynn's Long Halftime Walk",https://www.imdb.com/title/tt2513074,Movie,6.2,113,2016,"Drama, War, Action, Thriller, Sport",25411,"2016-11-18","Ang Lee"
tt1683048,7,2017-02-27,"De Palma","De Palma",https://www.imdb.com/title/tt1683048,Movie,7.4,110,2015,"Documentary, Biography",6714,"2016-09-23","Noah Baumbach,Jake Paltrow"
tt3774114,7,2017-02-27,"Snowden","Snowden",https://www.imdb.com/title/tt3774114,Movie,7.3,134,2016,"Drama, Thriller, Biography, Crime",174004,"2016-09-16","Oliver Stone"
tt1355683,7,2017-02-26,"Black Mass","Black Mass",https://www.imdb.com/title/tt1355683,Movie,6.8,123,2015,"Drama, Crime, Biography",203278,"2015-09-18","Scott Cooper"
tt0810819,7,2017-02-22,"The Danish Girl","The Danish Girl",https://www.imdb.com/title/tt0810819,Movie,7.1,119,2015,"Drama, Biography",207147,"2016-01-22","Tom Hooper"
tt0428541,7,2017-02-21,"Five Fingers","Five Fingers",https://www.imdb.com/title/tt0428541,Movie,6.3,87,2006,"Drama, Thriller",8605,"2006-08-25","Laurence Malkin"
tt1355631,7,2017-02-21,"The Infiltrator","The Infiltrator",https://www.imdb.com/title/tt1355631,Movie,7.0,127,2016,"Crime, Drama, Biography, Thriller",85522,"2016-07-13","Brad Furman"
tt2452042,6,2017-02-21,"The Peanuts Movie","The Peanuts Movie",https://www.imdb.com/title/tt2452042,Movie,7.0,88,2015,"Animation, Comedy, Family, Adventure, Drama",53923,"2015-11-06","Steve Martino"
tt2554274,6,2017-02-19,"Crimson Peak","Crimson Peak",https://www.imdb.com/title/tt2554274,Movie,6.5,119,2015,"Horror, Thriller, Drama, Mystery, Romance",170497,"2015-10-16","Guillermo del Toro"
tt0211915,9,2017-02-18,"Amélie","Le Fabuleux Destin d'Amélie Poulain",https://www.imdb.com/title/tt0211915,Movie,8.2,122,2001,"Romance, Comedy",844952,"2002-02-08","Jean-Pierre Jeunet"
tt0101700,8,2017-02-18,"Delicatessen","Delicatessen",https://www.imdb.com/title/tt0101700,Movie,7.5,99,1991,"Crime, Comedy",94721,"1992-04-03","Marc Caro,Jean-Pierre Jeunet"
tt0112682,7,2017-02-18,"The City of Lost Children","La cité des enfants perdus",https://www.imdb.com/title/tt0112682,Movie,7.4,112,1995,"Drama, Adventure, Sci-Fi, Fantasy",75198,"1995-12-15","Marc Caro,Jean-Pierre Jeunet"
tt1149361,7,2017-02-18,"Micmacs","Micmacs à tire-larigot",https://www.imdb.com/title/tt1149361,Movie,7.1,105,2009,"Comedy, Action, Crime",32184,"2010-06-11","Jean-Pierre Jeunet"
tt0079833,8,2017-02-18,"Lupin III: The Castle of Cagliostro","Rupan sansei: Kariosutoro no shiro",https://www.imdb.com/title/tt0079833,Movie,7.6,102,1979,"Animation, Adventure, Fantasy, Comedy",36172,"1979-12-15","Hayao Miyazaki"
tt0092067,8,2017-02-18,"Castle in the Sky","Tenkû no shiro Rapyuta",https://www.imdb.com/title/tt0092067,Movie,8.0,124,1986,"Animation, Fantasy, Family, Adventure",199978,"1991-07-19","Hayao Miyazaki"
tt0097814,8,2017-02-18,"Kiki's Delivery Service","Majo no takkyûbin",https://www.imdb.com/title/tt0097814,Movie,7.8,103,1989,"Animation, Family, Fantasy",190878,"1990-12-20","Hayao Miyazaki"
tt0104652,9,2017-02-18,"Porco Rosso","Kurenai no buta",https://www.imdb.com/title/tt0104652,Movie,7.7,94,1992,"Animation, Comedy, Adventure, Fantasy",118164,"1994-12-16","Hayao Miyazaki"
tt0347149,8,2017-02-18,"Howl's Moving Castle","Hauru no ugoku shiro",https://www.imdb.com/title/tt0347149,Movie,8.2,119,2004,"Animation, Adventure, Family, Fantasy",519208,"2005-06-17","Hayao Miyazaki"
tt0876563,8,2017-02-18,"Ponyo","Gake no ue no Ponyo",https://www.imdb.com/title/tt0876563,Movie,7.6,101,2008,"Animation, Family, Fantasy, Adventure, Comedy",188130,"2009-08-14","Hayao Miyazaki"
tt2013293,8,2017-02-18,"The Wind Rises","Kaze tachinu",https://www.imdb.com/title/tt2013293,Movie,7.8,126,2013,"Animation, Biography, Drama, Romance, War, History",114678,"2014-02-21","Hayao Miyazaki"
tt3569230,6,2017-02-18,"Legend","Legend",https://www.imdb.com/title/tt3569230,Movie,6.9,132,2015,"Thriller, Biography, Crime, Drama",225968,"2015-11-20","Brian Helgeland"
tt0084329,6,2017-02-18,"A Midsummer Night's Sex Comedy","A Midsummer Night's Sex Comedy",https://www.imdb.com/title/tt0084329,Movie,6.6,88,1982,"Comedy",22061,"1982-07-16","Woody Allen"
tt1620935,7,2017-02-17,"Bleed for This","Bleed for This",https://www.imdb.com/title/tt1620935,Movie,6.8,117,2016,"Biography, Drama, Sport",33769,"2016-11-18","Ben Younger"
tt3556920,8,2017-02-16,"Wolf Hall","Wolf Hall",https://www.imdb.com/title/tt3556920,TV Series,8.2,60,2015,"Drama, History, Biography",18815,"2015-04-05",
tt0105151,8,2017-02-14,"The Player","The Player",https://www.imdb.com/title/tt0105151,Movie,7.5,124,1992,"Crime, Thriller, Drama, Comedy",72781,"1992-05-08","Robert Altman"
tt1748207,7,2017-02-12,"Sound of My Voice","Sound of My Voice",https://www.imdb.com/title/tt1748207,Movie,6.5,85,2011,"Drama, Mystery, Sci-Fi, Thriller",23940,"2012-08-03","Zal Batmanglij"
tt5895028,8,2017-02-12,"13th","13th",https://www.imdb.com/title/tt5895028,Movie,8.2,100,2016,"Documentary, Crime, History",39548,"2016-10-07","Ava DuVernay"
tt1860357,6,2017-02-06,"Deepwater Horizon","Deepwater Horizon",https://www.imdb.com/title/tt1860357,Movie,7.1,107,2016,"Drama, Thriller, Action, History",201412,"2016-09-30","Peter Berg"
tt2582782,8,2017-02-05,"Hell or High Water","Hell or High Water",https://www.imdb.com/title/tt2582782,Movie,7.6,102,2016,"Crime, Drama, Thriller, Western",280602,"2016-08-26","David Mackenzie"
tt1179933,7,2017-02-05,"10 Cloverfield Lane","10 Cloverfield Lane",https://www.imdb.com/title/tt1179933,Movie,7.2,103,2016,"Drama, Sci-Fi, Thriller, Horror",387948,"2016-03-11","Dan Trachtenberg"
tt1700841,6,2017-02-04,"Sausage Party","Sausage Party",https://www.imdb.com/title/tt1700841,Movie,6.1,89,2016,"Animation, Comedy, Adventure, Fantasy",228595,"2016-08-12","Greg Tiernan,Conrad Vernon"
tt1582507,6,2017-02-02,"House at the End of the Street","House at the End of the Street",https://www.imdb.com/title/tt1582507,Movie,5.5,101,2012,"Horror, Thriller, Drama, Mystery",84953,"2012-09-21","Mark Tonderai"
tt2582496,7,2017-02-01,"Me and Earl and the Dying Girl","Me and Earl and the Dying Girl",https://www.imdb.com/title/tt2582496,Movie,7.7,105,2015,"Drama, Comedy",145121,"2015-07-01","Alfonso Gomez-Rejon"
tt3235888,7,2017-01-30,"It Follows","It Follows",https://www.imdb.com/title/tt3235888,Movie,6.8,100,2014,"Horror, Mystery, Thriller",302765,"2015-03-13","David Robert Mitchell"
tt3501416,7,2017-01-30,"Assassination","Amsal",https://www.imdb.com/title/tt3501416,Movie,7.2,140,2015,"Drama, Action, Thriller",8875,"2015-08-07","Choi Dong-hoon"
tt1490017,7,2017-01-30,"The Lego Movie","The LEGO Movie",https://www.imdb.com/title/tt1490017,Movie,7.7,100,2014,"Animation, Comedy, Family, Adventure, Fantasy, Sci-Fi, Action",419870,"2014-02-07","Phil Lord,Christopher Miller"
tt3343784,3,2017-01-29,"Entertainment","Entertainment",https://www.imdb.com/title/tt3343784,Movie,5.7,103,2015,"Drama",3461,"2015-11-13","Rick Alverson"
tt1670345,7,2017-01-29,"Now You See Me","Now You See Me",https://www.imdb.com/title/tt1670345,Movie,7.2,115,2013,"Thriller, Crime, Mystery",776303,"2013-05-31","Louis Leterrier"
tt3110958,7,2017-01-29,"Now You See Me 2","Now You See Me 2",https://www.imdb.com/title/tt3110958,Movie,6.4,129,2016,"Comedy, Thriller, Action, Adventure, Mystery, Crime",364669,"2016-06-10","Jon M. Chu"
tt0280707,8,2017-01-28,"Gosford Park","Gosford Park",https://www.imdb.com/title/tt0280707,Movie,7.2,137,2001,"Comedy, Drama, Mystery",103170,"2002-01-18","Robert Altman"
tt2492296,8,2017-01-24,"Show Me a Hero","Show Me a Hero",https://www.imdb.com/title/tt2492296,TV Mini Series,7.9,60,2015,"Drama, History",12892,"2015-08-16",
tt0318883,7,2017-01-23,"Everwood","Everwood",https://www.imdb.com/title/tt0318883,TV Series,7.6,60,2002,"Drama",19103,"2002-09-16",
tt0285403,9,2017-01-23,"Scrubs","Scrubs",https://www.imdb.com/title/tt0285403,TV Series,8.4,30,2001,"Drama, Comedy",287142,"2001-10-02",
tt0445114,7,2017-01-23,"Extras","Extras",https://www.imdb.com/title/tt0445114,TV Series,8.3,30,2005,"Comedy, Drama",63840,"2005-09-25",
tt0149460,8,2017-01-23,"Futurama","Futurama",https://www.imdb.com/title/tt0149460,TV Series,8.5,22,1999,"Animation, Adventure, Sci-Fi, Comedy",279797,"1999-03-28",
tt0185906,10,2017-01-23,"Band of Brothers","Band of Brothers",https://www.imdb.com/title/tt0185906,TV Mini Series,9.4,60,2001,"History, Action, Drama, War",601240,"2001-09-09",
tt2893490,4,2017-01-21,"Manglehorn","Manglehorn",https://www.imdb.com/title/tt2893490,Movie,5.5,97,2014,"Drama",8458,"2015-06-03","David Gordon Green"
tt1791682,6,2017-01-21,"While We're Young","While We're Young",https://www.imdb.com/title/tt1791682,Movie,6.3,97,2014,"Comedy, Drama, Mystery",56235,"2015-04-17","Noah Baumbach"
tt1907668,7,2017-01-21,"Flight","Flight",https://www.imdb.com/title/tt1907668,Movie,7.3,138,2012,"Drama, Thriller",399871,"2012-11-02","Robert Zemeckis"
tt0090605,9,2017-01-12,"Aliens","Aliens",https://www.imdb.com/title/tt0090605,Movie,8.4,137,1986,"Thriller, Action, Horror, Sci-Fi, Adventure",845606,"1986-07-18","James Cameron"
tt1340138,6,2017-01-12,"Terminator Genisys","Terminator Genisys",https://www.imdb.com/title/tt1340138,Movie,6.3,126,2015,"Action, Adventure, Sci-Fi, Thriller",309271,"2015-07-01","Alan Taylor"
tt3691740,7,2017-01-10,"The BFG","The BFG",https://www.imdb.com/title/tt3691740,Movie,6.3,117,2016,"Family, Fantasy, Adventure",100524,"2016-07-01","Steven Spielberg"
tt0170016,5,2017-01-07,"How the Grinch Stole Christmas","How the Grinch Stole Christmas",https://www.imdb.com/title/tt0170016,Movie,6.4,104,2000,"Comedy, Family, Fantasy",335297,"2000-11-17","Ron Howard"
tt0045152,9,2017-01-07,"Singin' in the Rain","Singin' in the Rain",https://www.imdb.com/title/tt0045152,Movie,8.3,103,1952,"Musical, Comedy, Romance",284922,"1952-04-10","Stanley Donen,Gene Kelly"
tt0099785,9,2017-01-07,"Home Alone","Home Alone",https://www.imdb.com/title/tt0099785,Movie,7.8,103,1990,"Comedy, Family",751958,"1990-11-16","Chris Columbus"
tt0052357,9,2017-01-07,"Vertigo","Vertigo",https://www.imdb.com/title/tt0052357,Movie,8.2,128,1958,"Romance, Thriller, Mystery",461444,"1958-05-28","Alfred Hitchcock"
tt0087843,9,2017-01-07,"Once Upon a Time in America","C'era una volta in America",https://www.imdb.com/title/tt0087843,Movie,8.3,229,1984,"Crime, Drama",410891,"1984-06-01","Sergio Leone"
tt0081505,9,2017-01-07,"The Shining","The Shining",https://www.imdb.com/title/tt0081505,Movie,8.4,146,1980,"Drama, Horror",1238361,"1980-06-13","Stanley Kubrick"
tt0078748,8,2017-01-07,"Alien","Alien",https://www.imdb.com/title/tt0078748,Movie,8.4,117,1979,"Horror, Sci-Fi",1072867,"1979-06-22","Ridley Scott"
tt0076759,9,2017-01-07,"Star Wars: Episode IV - A New Hope","Star Wars",https://www.imdb.com/title/tt0076759,Movie,8.6,121,1977,"Action, Sci-Fi, Adventure, Fantasy",1583287,"1977-05-25","George Lucas"
tt1714915,6,2017-01-06,"Only Lovers Left Alive","Only Lovers Left Alive",https://www.imdb.com/title/tt1714915,Movie,7.2,123,2013,"Drama, Romance, Comedy, Fantasy, Horror",116371,"2013-12-25","Jim Jarmusch"
tt4698684,8,2017-01-04,"Hunt for the Wilderpeople","Hunt for the Wilderpeople",https://www.imdb.com/title/tt4698684,Movie,7.8,101,2016,"Comedy, Drama, Adventure, Family",155312,"2016-07-01","Taika Waititi"
tt3791216,7,2017-01-03,"All the Way","All the Way",https://www.imdb.com/title/tt3791216,TV Movie,7.2,132,2016,"Drama, Biography, History",16309,"2016-05-21","Jay Roach"
tt3553976,8,2017-01-01,"Captain Fantastic","Captain Fantastic",https://www.imdb.com/title/tt3553976,Movie,7.8,118,2016,"Drama, Comedy, Adventure",252529,"2016-07-29","Matt Ross"
tt5275828,7,2016-12-31,"Lo and Behold: Reveries of the Connected World","Lo and Behold: Reveries of the Connected World",https://www.imdb.com/title/tt5275828,Movie,7.0,98,2016,"Documentary",13920,"2016-08-19","Werner Herzog"
tt3263904,7,2016-12-28,"Sully","Sully",https://www.imdb.com/title/tt3263904,Movie,7.4,96,2016,"Drama, Biography, History",324981,"2016-09-09","Clint Eastwood"
tt1365050,7,2016-12-27,"Beasts of No Nation","Beasts of No Nation",https://www.imdb.com/title/tt1365050,Movie,7.7,137,2015,"Drama, War",91994,"2015-10-16","Cary Joji Fukunaga"
tt2277860,8,2016-12-25,"Finding Dory","Finding Dory",https://www.imdb.com/title/tt2277860,Movie,7.2,97,2016,"Animation, Comedy, Adventure, Family, Fantasy, Mystery",338516,"2016-06-17","Andrew Stanton,Angus MacLane"
tt0099371,6,2016-12-24,"Days of Thunder","Days of Thunder",https://www.imdb.com/title/tt0099371,Movie,6.1,107,1990,"Sport, Drama, Action",105643,"1990-06-27","Tony Scott"
tt0102266,7,2016-12-24,"The Last Boy Scout","The Last Boy Scout",https://www.imdb.com/title/tt0102266,Movie,7.0,105,1991,"Thriller, Action, Comedy, Crime",121638,"1991-12-13","Tony Scott"
tt0120660,7,2016-12-24,"Enemy of the State","Enemy of the State",https://www.imdb.com/title/tt0120660,Movie,7.3,132,1998,"Action, Thriller",276349,"1998-11-20","Tony Scott"
tt4520364,5,2016-12-24,"Morgan","Morgan",https://www.imdb.com/title/tt4520364,Movie,5.9,92,2016,"Sci-Fi, Thriller, Horror, Action",50012,"2016-09-02","Luke Scott"
tt4263482,8,2016-12-24,"The Witch","The VVitch: A New-England Folktale",https://www.imdb.com/title/tt4263482,Movie,7.0,92,2015,"Horror, Mystery, Drama, Fantasy, Thriller",357592,"2016-02-19","Robert Eggers"
tt2080374,7,2016-12-22,"Steve Jobs","Steve Jobs",https://www.imdb.com/title/tt2080374,Movie,7.2,122,2015,"Biography, Drama",188035,"2015-10-23","Danny Boyle"
tt2891174,8,2016-12-21,"99 Homes","99 Homes",https://www.imdb.com/title/tt2891174,Movie,7.1,112,2014,"Drama, Crime",41884,"2015-10-09","Ramin Bahrani"
tt0918927,8,2016-12-19,"Doubt","Doubt",https://www.imdb.com/title/tt0918927,Movie,7.5,104,2008,"Drama, Mystery",148333,"2008-12-25","John Patrick Shanley"
tt3072482,5,2016-12-19,"Hardcore Henry","Hardcore Henry",https://www.imdb.com/title/tt3072482,Movie,6.7,96,2015,"Action, Sci-Fi, Adventure, Thriller",109574,"2016-04-08","Ilya Naishuller"
tt1194173,6,2016-12-18,"The Bourne Legacy","The Bourne Legacy",https://www.imdb.com/title/tt1194173,Movie,6.6,135,2012,"Action, Adventure, Thriller",329687,"2012-08-10","Tony Gilroy"
tt0440963,8,2016-12-18,"The Bourne Ultimatum","The Bourne Ultimatum",https://www.imdb.com/title/tt0440963,Movie,8.0,115,2007,"Action, Thriller, Mystery",687319,"2007-08-03","Paul Greengrass"
tt4196776,7,2016-12-18,"Jason Bourne","Jason Bourne",https://www.imdb.com/title/tt4196776,Movie,6.6,123,2016,"Action, Thriller",259374,"2016-07-29","Paul Greengrass"
tt2126355,6,2016-12-18,"San Andreas","San Andreas",https://www.imdb.com/title/tt2126355,Movie,6.1,114,2015,"Action, Thriller, Adventure",277911,"2015-05-29","Brad Peyton"
tt2980648,7,2016-12-17,"The Hundred-Foot Journey","The Hundred-Foot Journey",https://www.imdb.com/title/tt2980648,Movie,7.3,122,2014,"Drama, Comedy",91790,"2014-08-08","Lasse Hallström"
tt4972062,6,2016-12-13,"Don't Think Twice","Don't Think Twice",https://www.imdb.com/title/tt4972062,Movie,6.7,92,2016,"Comedy, Drama",18792,"2016-07-22","Mike Birbiglia"
tt2510894,7,2016-12-12,"Hotel Transylvania 2","Hotel Transylvania 2",https://www.imdb.com/title/tt2510894,Movie,6.6,89,2015,"Animation, Comedy, Family, Fantasy, Adventure",164862,"2015-09-25","Genndy Tartakovsky"
tt2304933,5,2016-12-12,"The 5th Wave","The 5th Wave",https://www.imdb.com/title/tt2304933,Movie,5.2,112,2016,"Sci-Fi, Adventure, Thriller, Action",127308,"2016-01-22","J Blakeson"
tt2515034,4,2016-12-12,"The Gunman","The Gunman",https://www.imdb.com/title/tt2515034,Movie,5.8,115,2015,"Action, Thriller, Crime, Mystery",45766,"2015-03-20","Pierre Morel"
tt1446714,7,2016-12-12,"Prometheus","Prometheus",https://www.imdb.com/title/tt1446714,Movie,7.0,124,2012,"Adventure, Sci-Fi",705344,"2012-06-08","Ridley Scott"
tt0461770,7,2016-12-11,"Enchanted","Enchanted",https://www.imdb.com/title/tt0461770,Movie,7.1,107,2007,"Animation, Musical, Fantasy, Romance, Adventure, Family, Comedy",226372,"2007-11-21","Kevin Lima"
tt2083383,7,2016-12-11,"Trouble with the Curve","Trouble with the Curve",https://www.imdb.com/title/tt2083383,Movie,6.8,111,2012,"Drama, Sport, Romance",72571,"2012-09-21","Robert Lorenz"
tt4550098,8,2016-12-11,"Nocturnal Animals","Nocturnal Animals",https://www.imdb.com/title/tt4550098,Movie,7.4,116,2016,"Drama, Thriller",341316,"2016-12-09","Tom Ford"
tt4853102,7,2016-12-09,"Batman: The Killing Joke","Batman: The Killing Joke",https://www.imdb.com/title/tt4853102,Movie,6.4,76,2016,"Animation, Crime, Drama, Action, Thriller",66331,"2016-07-25","Sam Liu"
tt3322364,7,2016-12-09,"Concussion","Concussion",https://www.imdb.com/title/tt3322364,Movie,7.1,123,2015,"Drama, Sport, Biography",105515,"2015-12-25","Peter Landesman"
tt0455944,7,2016-12-08,"The Equalizer","The Equalizer",https://www.imdb.com/title/tt0455944,Movie,7.3,132,2014,"Thriller, Action, Crime",470708,"2014-09-26","Antoine Fuqua"
tt0918940,6,2016-12-06,"The Legend of Tarzan","The Legend of Tarzan",https://www.imdb.com/title/tt0918940,Movie,6.2,110,2016,"Action, Adventure, Drama, Romance, Fantasy",199032,"2016-07-01","David Yates"
tt1244754,7,2016-12-05,"Conviction","Conviction",https://www.imdb.com/title/tt1244754,Movie,7.2,107,2010,"Biography, Drama, Crime",48377,"2010-11-05","Tony Goldwyn"
tt3327624,5,2016-12-04,"Infini","Infini",https://www.imdb.com/title/tt3327624,Movie,5.3,110,2015,"Sci-Fi, Horror, Thriller",15818,"2015-05-20","Shane Abbess"
tt0365907,6,2016-12-04,"A Walk Among the Tombstones","A Walk Among the Tombstones",https://www.imdb.com/title/tt0365907,Movie,6.5,114,2014,"Crime, Thriller, Drama, Mystery, Action",132281,"2014-09-19","Scott Frank"
tt3531824,6,2016-12-03,"Nerve","Nerve",https://www.imdb.com/title/tt3531824,Movie,6.5,96,2016,"Thriller, Crime, Adventure, Drama",148424,"2016-07-27","Henry Joost,Ariel Schulman"
tt1606392,8,2016-12-03,"Win Win","Win Win",https://www.imdb.com/title/tt1606392,Movie,7.1,106,2011,"Comedy, Drama, Sport",56393,"2011-04-15","Tom McCarthy"
tt1051904,6,2016-12-03,"Goosebumps","Goosebumps",https://www.imdb.com/title/tt1051904,Movie,6.3,103,2015,"Animation, Adventure, Comedy, Horror, Fantasy, Thriller, Family",103250,"2015-10-16","Rob Letterman"
tt1014763,6,2016-12-02,"Child 44","Child 44",https://www.imdb.com/title/tt1014763,Movie,6.4,137,2015,"Crime, Thriller, Drama, History, Mystery",80102,"2015-04-17","Daniel Espinosa"
tt0419677,8,2016-12-01,"Dead Man's Shoes","Dead Man's Shoes",https://www.imdb.com/title/tt0419677,Movie,7.5,90,2004,"Thriller, Crime, Drama",63675,"2004-10-01","Shane Meadows"
tt2823054,6,2016-11-30,"Mike and Dave Need Wedding Dates","Mike and Dave Need Wedding Dates",https://www.imdb.com/title/tt2823054,Movie,6.0,98,2016,"Comedy, Romance",101232,"2016-07-08","Jake Szymanski"
tt5435008,7,2016-11-29,"Gilmore Girls: A Year in the Life","Gilmore Girls: A Year in the Life",https://www.imdb.com/title/tt5435008,TV Mini Series,7.4,93,2016,"Comedy, Drama",50660,"2016-11-25",
tt4651520,6,2016-11-28,"Bad Moms","Bad Moms",https://www.imdb.com/title/tt4651520,Movie,6.2,100,2016,"Comedy",141936,"2016-07-29","Jon Lucas,Scott Moore"
tt3170832,8,2016-11-28,"Room","Room",https://www.imdb.com/title/tt3170832,Movie,8.1,118,2015,"Drama, Thriller",483464,"2016-01-22","Lenny Abrahamson"
tt3813310,6,2016-11-27,"Cop Car","Cop Car",https://www.imdb.com/title/tt3813310,Movie,6.3,88,2015,"Thriller, Crime",36810,"2015-08-07","Jon Watts"
tt1837703,5,2016-11-25,"The Fifth Estate","The Fifth Estate",https://www.imdb.com/title/tt1837703,Movie,6.2,128,2013,"Drama, Biography, Thriller, Crime",44224,"2013-10-18","Bill Condon"
tt0964517,8,2016-11-25,"The Fighter","The Fighter",https://www.imdb.com/title/tt0964517,Movie,7.8,116,2010,"Drama, Sport, Biography, Action",410299,"2010-12-17","David O. Russell"
tt3544112,8,2016-11-23,"Sing Street","Sing Street",https://www.imdb.com/title/tt3544112,Movie,7.9,106,2016,"Musical, Drama, Music, Comedy, Romance",108654,"2016-03-17","John Carney"
tt3799694,6,2016-11-22,"The Nice Guys","The Nice Guys",https://www.imdb.com/title/tt3799694,Movie,7.4,116,2016,"Thriller, Crime, Comedy, Action, Mystery",422329,"2016-05-20","Shane Black"
tt4160708,7,2016-11-21,"Don't Breathe","Don't Breathe",https://www.imdb.com/title/tt4160708,Movie,7.1,88,2016,"Thriller, Crime, Horror",333909,"2016-08-26","Fede Alvarez"
tt3381008,4,2016-11-18,"The Brothers Grimsby","Grimsby",https://www.imdb.com/title/tt3381008,Movie,6.2,83,2016,"Comedy, Action, Adventure, Crime",121056,"2016-03-11","Louis Leterrier"
tt0367089,7,2016-11-15,"The Squid and the Whale","The Squid and the Whale",https://www.imdb.com/title/tt0367089,Movie,7.3,81,2005,"Drama, Comedy",94942,"2005-12-16","Noah Baumbach"
tt3316948,6,2016-11-15,"American Ultra","American Ultra",https://www.imdb.com/title/tt3316948,Movie,6.1,96,2015,"Action, Comedy",100950,"2015-08-21","Nima Nourizadeh"
tt2709768,6,2016-11-12,"The Secret Life of Pets","The Secret Life of Pets",https://www.imdb.com/title/tt2709768,Movie,6.5,86,2016,"Animation, Comedy, Family, Adventure",238243,"2016-07-08","Chris Renaud"
tt2005151,6,2016-11-12,"War Dogs","War Dogs",https://www.imdb.com/title/tt2005151,Movie,7.1,114,2016,"Comedy, Drama, War, Crime, Biography",305869,"2016-08-19","Todd Phillips"
tt2267968,7,2016-11-06,"Kung Fu Panda 3","Kung Fu Panda 3",https://www.imdb.com/title/tt2267968,Movie,7.1,95,2016,"Animation, Comedy, Action, Adventure, Family, Fantasy",222233,"2016-01-29","Alessandro Carloni,Jennifer Yuh Nelson"
tt2057392,7,2016-11-01,"Eye in the Sky","Eye in the Sky",https://www.imdb.com/title/tt2057392,Movie,7.3,102,2015,"Thriller, Drama, War",96570,"2016-04-01","Gavin Hood"
tt3385516,6,2016-10-23,"X-Men: Apocalypse","X-Men: Apocalypse",https://www.imdb.com/title/tt3385516,Movie,6.8,144,2016,"Sci-Fi, Action, Adventure",496556,"2016-05-27","Bryan Singer"
tt4052882,5,2016-10-21,"The Shallows","The Shallows",https://www.imdb.com/title/tt4052882,Movie,6.3,86,2016,"Thriller, Drama, Horror",154781,"2016-06-24","Jaume Collet-Serra"
tt1172233,7,2016-10-16,"Whip It","Whip It",https://www.imdb.com/title/tt1172233,Movie,6.9,111,2009,"Drama, Sport",72576,"2009-10-02","Drew Barrymore"
tt0758752,7,2016-10-16,"Love & Other Drugs","Love & Other Drugs",https://www.imdb.com/title/tt0758752,Movie,6.7,112,2010,"Drama, Comedy, Romance",254682,"2010-11-24","Edward Zwick"
tt0804522,7,2016-10-16,"Rendition","Rendition",https://www.imdb.com/title/tt0804522,Movie,6.8,122,2007,"Thriller, Drama",60016,"2007-10-19","Gavin Hood"
tt0377107,6,2016-10-16,"Proof","Proof",https://www.imdb.com/title/tt0377107,Movie,6.6,100,2005,"Drama, Mystery",47940,"2005-10-07","John Madden"
tt0246578,8,2016-10-16,"Donnie Darko","Donnie Darko",https://www.imdb.com/title/tt0246578,Movie,8.0,113,2001,"Sci-Fi, Thriller, Mystery, Drama",917416,"2001-01-19","Richard Kelly"
tt0132477,8,2016-10-16,"October Sky","October Sky",https://www.imdb.com/title/tt0132477,Movie,7.8,108,1999,"Biography, Family, Drama",112790,"1999-02-19","Joe Johnston"
tt0319262,7,2016-10-16,"The Day After Tomorrow","The Day After Tomorrow",https://www.imdb.com/title/tt0319262,Movie,6.5,124,2004,"Action, Adventure, Sci-Fi, Thriller",516047,"2004-05-28","Roland Emmerich"
tt0418763,7,2016-10-16,"Jarhead","Jarhead",https://www.imdb.com/title/tt0418763,Movie,7.0,125,2005,"Drama, War, Biography",226515,"2005-11-04","Sam Mendes"
tt0443706,8,2016-10-16,"Zodiac","Zodiac",https://www.imdb.com/title/tt0443706,Movie,7.7,157,2007,"Drama, Thriller, Crime, Mystery",683705,"2007-03-02","David Fincher"
tt0765010,7,2016-10-16,"Brothers","Brothers",https://www.imdb.com/title/tt0765010,Movie,7.1,105,2009,"Drama, War, Thriller",175513,"2009-12-04","Jim Sheridan"
tt2316411,8,2016-10-16,"Enemy","Enemy",https://www.imdb.com/title/tt2316411,Movie,6.8,91,2013,"Thriller, Mystery, Drama",243343,"2014-02-06","Denis Villeneuve"
tt1392214,9,2016-10-16,"Prisoners","Prisoners",https://www.imdb.com/title/tt1392214,Movie,8.2,153,2013,"Crime, Drama, Thriller, Mystery",951846,"2013-09-20","Denis Villeneuve"
tt1798684,7,2016-10-16,"Southpaw","Southpaw",https://www.imdb.com/title/tt1798684,Movie,7.3,124,2015,"Drama, Sport, Action",281369,"2015-07-24","Antoine Fuqua"
tt3076658,8,2016-10-09,"Creed","Creed",https://www.imdb.com/title/tt3076658,Movie,7.6,133,2015,"Drama, Sport, Action",338531,"2015-11-25","Ryan Coogler"
tt0475290,6,2016-10-09,"Hail, Caesar!","Hail, Caesar!",https://www.imdb.com/title/tt0475290,Movie,6.3,106,2016,"Comedy, Mystery, Drama",150704,"2016-02-05","Ethan Coen,Joel Coen"
tt2317225,7,2016-10-08,"The Machine","The Machine",https://www.imdb.com/title/tt2317225,Movie,6.0,91,2013,"Sci-Fi, Thriller, Action, Drama",32991,"2014-03-21","Caradog W. James"
tt5952332,6,2016-10-02,"Amanda Knox","Amanda Knox",https://www.imdb.com/title/tt5952332,Movie,6.9,92,2016,"Documentary, Crime",27655,"2016-09-30","Rod Blackhurst,Brian McGinn"
tt3682448,7,2016-10-02,"Bridge of Spies","Bridge of Spies",https://www.imdb.com/title/tt3682448,Movie,7.6,142,2015,"Drama, Thriller, History, War",346527,"2015-10-16","Steven Spielberg"
tt1661199,6,2016-10-02,"Cinderella","Cinderella",https://www.imdb.com/title/tt1661199,Movie,6.9,105,2015,"Romance, Fantasy, Drama, Family, Adventure",206429,"2015-03-13","Kenneth Branagh"
tt3498820,8,2016-10-01,"Captain America: Civil War","Captain America: Civil War",https://www.imdb.com/title/tt3498820,Movie,7.8,147,2016,"Action, Sci-Fi",942211,"2016-05-06","Anthony Russo,Joe Russo"
tt2980210,6,2016-10-01,"A Hologram for the King","A Hologram for the King",https://www.imdb.com/title/tt2980210,Movie,6.1,98,2016,"Drama, Comedy, Romance",50096,"2016-04-28","Tom Tykwer"
tt2679042,6,2016-09-17,"Hitman: Agent 47","Hitman: Agent 47",https://www.imdb.com/title/tt2679042,Movie,5.7,96,2015,"Action, Thriller, Crime, Adventure, Mystery",102064,"2015-08-21","Aleksander Bach"
tt3859304,5,2016-09-17,"The Bronze","The Bronze",https://www.imdb.com/title/tt3859304,Movie,6.1,100,2015,"Comedy, Drama, Sport",14568,"2016-03-18","Bryan Buckley"
tt3949660,6,2016-09-11,"Teenage Mutant Ninja Turtles: Out of the Shadows","Teenage Mutant Ninja Turtles: Out of the Shadows",https://www.imdb.com/title/tt3949660,Movie,5.9,112,2016,"Action, Adventure, Comedy, Sci-Fi, Crime, Fantasy, Family",107385,"2016-06-03","Dave Green"
tt2004420,6,2016-09-11,"Neighbors","Neighbors",https://www.imdb.com/title/tt2004420,Movie,6.3,97,2014,"Comedy",347712,"2014-05-09","Nicholas Stoller"
tt4438848,5,2016-09-11,"Neighbors 2: Sorority Rising","Neighbors 2: Sorority Rising",https://www.imdb.com/title/tt4438848,Movie,5.7,92,2016,"Comedy",138410,"2016-05-20","Nicholas Stoller"
tt2400463,7,2016-08-27,"The Invitation","The Invitation",https://www.imdb.com/title/tt2400463,Movie,6.6,100,2015,"Thriller, Drama, Mystery, Horror",130708,"2016-04-08","Karyn Kusama"
tt3203606,7,2016-08-25,"Trumbo","Trumbo",https://www.imdb.com/title/tt3203606,Movie,7.4,124,2015,"Biography, Drama",87902,"2015-11-27","Jay Roach"
tt0070511,8,2016-08-25,"Papillon","Papillon",https://www.imdb.com/title/tt0070511,Movie,8.0,151,1973,"Biography, Crime, Drama",146613,"1973-12-19","Franklin J. Schaffner"
tt1781922,6,2016-08-24,"No Escape","No Escape",https://www.imdb.com/title/tt1781922,Movie,6.8,103,2015,"Thriller, Action, Adventure, Drama",99351,"2015-08-26","John Erick Dowdle"
tt3715320,6,2016-08-22,"Irrational Man","Irrational Man",https://www.imdb.com/title/tt3715320,Movie,6.6,95,2015,"Comedy, Drama, Romance, Crime",70907,"2015-08-07","Woody Allen"
tt0108550,7,2016-08-04,"What's Eating Gilbert Grape","What's Eating Gilbert Grape",https://www.imdb.com/title/tt0108550,Movie,7.7,118,1993,"Drama",270511,"1994-03-04","Lasse Hallström"
tt0095174,7,2016-08-02,"Frantic","Frantic",https://www.imdb.com/title/tt0095174,Movie,6.8,120,1988,"Drama, Crime, Thriller, Mystery",62022,"1988-02-26","Roman Polanski"
tt2446980,7,2016-08-02,"Joy","Joy",https://www.imdb.com/title/tt2446980,Movie,6.6,124,2015,"Drama, Biography",153045,"2015-12-25","David O. Russell"
tt1638355,6,2016-07-24,"The Man from U.N.C.L.E.","The Man from U.N.C.L.E.",https://www.imdb.com/title/tt1638355,Movie,7.2,116,2015,"Action, Adventure, Comedy",359081,"2015-08-14","Guy Ritchie"
tt1398426,8,2016-07-19,"Straight Outta Compton","Straight Outta Compton",https://www.imdb.com/title/tt1398426,Movie,7.8,147,2015,"Musical, Biography, Music, Drama, History",235446,"2015-08-14","F. Gary Gray"
tt2649554,6,2016-07-15,"Midnight Special","Midnight Special",https://www.imdb.com/title/tt2649554,Movie,6.6,112,2016,"Drama, Sci-Fi, Thriller, Mystery",86997,"2016-02-18","Jeff Nichols"
tt2385115,7,2016-07-10,"Jaco","Jaco",https://www.imdb.com/title/tt2385115,Movie,7.6,110,2015,"Documentary, Biography, Drama, Music",1320,"2016-12-03","Stephen Kijak,Paul Marchand"
tt1618442,6,2016-07-10,"The Last Witch Hunter","The Last Witch Hunter",https://www.imdb.com/title/tt1618442,Movie,5.9,106,2015,"Action, Adventure, Fantasy, Horror, Thriller",117361,"2015-10-23","Breck Eisner"
tt2170593,7,2016-07-08,"St. Vincent","St. Vincent",https://www.imdb.com/title/tt2170593,Movie,7.2,102,2014,"Comedy, Drama",114231,"2014-10-24","Theodore Melfi"
tt1754656,8,2016-07-05,"The Little Prince","Le petit prince",https://www.imdb.com/title/tt1754656,Movie,7.6,108,2015,"Animation, Fantasy, Adventure, Drama, Family, Sci-Fi, Comedy",72103,"2016-08-05","Mark Osborne"
tt1614989,9,2016-07-04,"Headhunters","Hodejegerne",https://www.imdb.com/title/tt1614989,Movie,7.5,100,2011,"Thriller, Crime, Action",112098,"2011-08-26","Morten Tyldum"
tt3567288,6,2016-07-03,"The Visit","The Visit",https://www.imdb.com/title/tt3567288,Movie,6.3,94,2015,"Horror, Thriller, Mystery",178289,"2015-09-11","M. Night Shyamalan"
tt2381111,7,2016-07-03,"Brooklyn","Brooklyn",https://www.imdb.com/title/tt2381111,Movie,7.5,117,2015,"Drama, Romance",159213,"2015-11-25","John Crowley"
tt2948356,8,2016-07-02,"Zootopia","Zootopia",https://www.imdb.com/title/tt2948356,Movie,8.0,108,2016,"Animation, Crime, Action, Mystery, Adventure, Family, Comedy",646541,"2016-03-04","Byron Howard,Rich Moore,Jared Bush"
tt2545118,8,2016-06-18,"Blackfish","Blackfish",https://www.imdb.com/title/tt2545118,Movie,8.1,83,2013,"Documentary, Drama, Thriller",76894,"2013-07-26","Gabriela Cowperthwaite"
tt3622592,5,2016-06-12,"Paper Towns","Paper Towns",https://www.imdb.com/title/tt3622592,Movie,6.2,109,2015,"Mystery, Romance, Drama, Comedy, Adventure",112145,"2015-07-24","Jake Schreier"
tt2361509,7,2016-06-06,"The Intern","The Intern",https://www.imdb.com/title/tt2361509,Movie,7.1,121,2015,"Comedy, Drama",313228,"2015-09-25","Nancy Meyers"
tt1714206,7,2016-06-01,"The Spectacular Now","The Spectacular Now",https://www.imdb.com/title/tt1714206,Movie,7.0,95,2013,"Drama, Romance",169276,"2013-09-13","James Ponsoldt"
tt1502712,4,2016-06-01,"Fantastic Four","Fantastic Four",https://www.imdb.com/title/tt1502712,Movie,4.3,100,2015,"Animation, Action, Sci-Fi, Adventure",194589,"2015-08-07","Josh Trank"
tt1707386,8,2016-05-30,"Les Misérables","Les Misérables",https://www.imdb.com/title/tt1707386,Movie,7.5,158,2012,"Musical, Drama, Romance",364121,"2012-12-25","Tom Hooper"
tt1431045,8,2016-05-29,"Deadpool","Deadpool",https://www.imdb.com/title/tt1431045,Movie,8.0,108,2016,"Action, Sci-Fi, Comedy",1266509,"2016-02-12","Tim Miller"
tt0478970,7,2016-05-29,"Ant-Man","Ant-Man",https://www.imdb.com/title/tt0478970,Movie,7.2,117,2015,"Action, Sci-Fi, Comedy",789989,"2015-07-17","Peyton Reed"
tt0765443,8,2016-05-25,"Eastern Promises","Eastern Promises",https://www.imdb.com/title/tt0765443,Movie,7.6,100,2007,"Thriller, Crime, Drama",279020,"2007-09-21","David Cronenberg"
tt3040964,8,2016-04-23,"The Jungle Book","The Jungle Book",https://www.imdb.com/title/tt3040964,Movie,7.3,106,2016,"Animation, Musical, Adventure, Fantasy, Family, Drama, Action",307347,"2016-04-15","Jon Favreau"
tt0780521,8,2016-03-26,"The Princess and the Frog","The Princess and the Frog",https://www.imdb.com/title/tt0780521,Movie,7.2,97,2009,"Animation, Musical, Family, Romance, Fantasy, Adventure, Comedy",189446,"2009-12-11","Ron Clements,John Musker"
tt0878804,8,2016-03-23,"The Blind Side","The Blind Side",https://www.imdb.com/title/tt0878804,Movie,7.6,129,2009,"Drama, Sport, Biography",390413,"2009-11-20","John Lee Hancock"
tt1193138,7,2016-03-14,"Up in the Air","Up in the Air",https://www.imdb.com/title/tt1193138,Movie,7.4,109,2009,"Drama, Romance, Comedy",362205,"2009-12-23","Jason Reitman"
tt1371111,7,2016-03-10,"Cloud Atlas","Cloud Atlas",https://www.imdb.com/title/tt1371111,Movie,7.3,172,2012,"Sci-Fi, Drama, Mystery, Thriller",387848,"2012-10-26","Tom Tykwer,Lana Wachowski,Lilly Wachowski"
tt0432283,8,2016-02-23,"Fantastic Mr. Fox","Fantastic Mr. Fox",https://www.imdb.com/title/tt0432283,Movie,7.9,87,2009,"Animation, Adventure, Comedy, Crime, Family, Drama",308978,"2009-11-25","Wes Anderson"
tt2226417,7,2016-02-20,"Insidious: Chapter 2","Insidious: Chapter 2",https://www.imdb.com/title/tt2226417,Movie,6.6,106,2013,"Horror, Thriller, Mystery",204458,"2013-09-13","James Wan"
tt1591095,7,2016-02-20,"Insidious","Insidious",https://www.imdb.com/title/tt1591095,Movie,6.8,103,2010,"Horror, Mystery, Thriller",370472,"2011-04-01","James Wan"
tt0120338,9,2016-02-09,"Titanic","Titanic",https://www.imdb.com/title/tt0120338,Movie,8.0,194,1997,"Romance, Drama",1407095,"1997-12-19","James Cameron"
tt1663202,9,2016-02-09,"The Revenant","The Revenant",https://www.imdb.com/title/tt1663202,Movie,8.0,156,2015,"Action, Drama, Western",957934,"2016-01-08","Alejandro G. Iñárritu"
tt3253930,7,2016-02-08,"Marshland","La isla mínima",https://www.imdb.com/title/tt3253930,Movie,7.2,105,2014,"Crime, Thriller, Mystery",39280,"2014-09-26","Alberto Rodríguez"
tt0887912,9,2016-02-08,"The Hurt Locker","The Hurt Locker",https://www.imdb.com/title/tt0887912,Movie,7.5,131,2008,"Thriller, Drama, War",498822,"2009-07-31","Kathryn Bigelow"
tt3205376,7,2016-01-31,"Slow West","Slow West",https://www.imdb.com/title/tt3205376,Movie,6.9,84,2015,"Western, Adventure, Drama, Romance, Thriller",50408,"2015-04-16","John Maclean"
tt0325805,7,2016-01-30,"Matchstick Men","Matchstick Men",https://www.imdb.com/title/tt0325805,Movie,7.2,116,2003,"Thriller, Crime, Comedy, Drama",146229,"2003-09-12","Ridley Scott"
tt4178092,7,2016-01-30,"The Gift","The Gift",https://www.imdb.com/title/tt4178092,Movie,7.0,108,2015,"Mystery, Thriller, Drama",187016,"2015-08-07","Joel Edgerton"
tt0087363,8,2016-01-26,"Gremlins","Gremlins",https://www.imdb.com/title/tt0087363,Movie,7.3,106,1984,"Fantasy, Horror, Comedy",276491,"1984-06-08","Joe Dante"
tt2347569,7,2016-01-20,"Frances Ha","Frances Ha",https://www.imdb.com/title/tt2347569,Movie,7.4,86,2012,"Comedy, Drama, Romance",103113,"2013-05-17","Noah Baumbach"
tt2488496,8,2016-01-19,"Star Wars: Episode VII - The Force Awakens","Star Wars: Episode VII - The Force Awakens",https://www.imdb.com/title/tt2488496,Movie,7.7,138,2015,"Sci-Fi, Action, Adventure",1032890,"2015-12-18","J.J. Abrams"
tt2872718,7,2016-01-19,"Nightcrawler","Nightcrawler",https://www.imdb.com/title/tt2872718,Movie,7.8,117,2014,"Crime, Thriller, Drama",677699,"2014-10-31","Dan Gilroy"
tt2273657,6,2016-01-08,"True Story","True Story",https://www.imdb.com/title/tt2273657,Movie,6.3,99,2015,"Drama, Mystery, Crime, Biography, History",76075,"2015-04-17","Rupert Goold"
tt0419887,7,2016-01-04,"The Kite Runner","The Kite Runner",https://www.imdb.com/title/tt0419887,Movie,7.5,128,2007,"Drama",85483,"2008-01-11","Marc Forster,Ömer Gürkan Şi̇mşek"
tt1010048,8,2016-01-04,"Slumdog Millionaire","Slumdog Millionaire",https://www.imdb.com/title/tt1010048,Movie,8.0,120,2008,"Drama, Romance, Crime",913770,"2008-12-25","Danny Boyle,Loveleen Tandan"
tt2616280,9,2015-12-26,"Derek","Derek",https://www.imdb.com/title/tt2616280,TV Series,8.1,23,2012,"Comedy, Drama",37996,"2013-09-12",
tt3674140,9,2015-12-20,"The Salt of the Earth","The Salt of the Earth",https://www.imdb.com/title/tt3674140,Movie,8.4,110,2014,"Documentary, Biography, History",25476,"2014-10-15","Juliano Ribeiro Salgado,Wim Wenders"
tt1964418,6,2015-12-07,"Tomorrowland","Tomorrowland",https://www.imdb.com/title/tt1964418,Movie,6.4,130,2015,"Sci-Fi, Mystery, Adventure, Action, Family, Fantasy",200598,"2015-05-22","Brad Bird"
tt3079380,6,2015-11-21,"Spy","Spy",https://www.imdb.com/title/tt3079380,Movie,7.0,120,2015,"Comedy, Action",275877,"2015-06-05","Paul Feig"
tt2737050,8,2015-11-19,"Two Days, One Night","Deux jours, une nuit",https://www.imdb.com/title/tt2737050,Movie,7.3,95,2014,"Drama",52466,"2014-05-21","Jean-Pierre Dardenne,Luc Dardenne"
tt3850214,7,2015-11-18,"Dope","Dope",https://www.imdb.com/title/tt3850214,Movie,7.2,103,2015,"Drama, Comedy, Crime, Adventure",92173,"2015-06-19","Rick Famuyiwa"
tt0103359,9,2015-11-18,"Batman: The Animated Series","Batman: The Animated Series",https://www.imdb.com/title/tt0103359,TV Series,9.0,23,1992,"Animation, Adventure, Family, Sci-Fi, Mystery, Crime, Action",139159,"1992-09-05",
tt0795176,10,2015-11-18,"Planet Earth","Planet Earth",https://www.imdb.com/title/tt0795176,TV Mini Series,9.4,50,2006,"Documentary, Family",236278,"2007-03-25",
tt0467406,8,2015-11-14,"Juno","Juno",https://www.imdb.com/title/tt0467406,Movie,7.4,96,2007,"Comedy, Drama",574474,"2007-12-25","Jason Reitman"
tt2714900,8,2015-11-13,"Finding Vivian Maier","Finding Vivian Maier",https://www.imdb.com/title/tt2714900,Movie,7.7,83,2013,"Documentary, Biography, Mystery, History",15876,"2014-04-17","John Maloof,Charlie Siskel"
tt2278871,8,2015-10-28,"Blue Is the Warmest Colour","La Vie d'Adèle : Chapitres 1 et 2",https://www.imdb.com/title/tt2278871,Movie,7.6,180,2013,"Drama, Romance",174345,"2013-10-09","Abdellatif Kechiche"
tt1206543,7,2015-10-25,"Out of the Furnace","Out of the Furnace",https://www.imdb.com/title/tt1206543,Movie,6.7,116,2013,"Thriller, Drama, Crime",133229,"2013-12-06","Scott Cooper"
tt2820852,7,2015-10-24,"Furious 7","Fast & Furious 7",https://www.imdb.com/title/tt2820852,Movie,7.1,137,2015,"Action, Thriller",443268,"2015-04-03","James Wan"
tt1869716,7,2015-10-20,"The East","The East",https://www.imdb.com/title/tt1869716,Movie,6.8,116,2013,"Thriller, Drama, Crime, Mystery, Adventure",54232,"2013-06-28","Zal Batmanglij"
tt2669336,6,2015-10-17,"Time Lapse","Time Lapse",https://www.imdb.com/title/tt2669336,Movie,6.5,104,2014,"Sci-Fi, Thriller, Mystery",53435,"2015-05-15","Bradley King"
tt0369610,7,2015-10-13,"Jurassic World","Jurassic World",https://www.imdb.com/title/tt0369610,Movie,6.9,124,2015,"Adventure, Sci-Fi, Action",735440,"2015-06-12","Colin Trevorrow"
tt2267998,9,2015-10-12,"Gone Girl","Gone Girl",https://www.imdb.com/title/tt2267998,Movie,8.1,149,2014,"Thriller, Drama, Mystery",1182299,"2014-10-03","David Fincher"
tt0861739,6,2015-10-08,"Elite Squad","Tropa de Elite",https://www.imdb.com/title/tt0861739,Movie,8.0,115,2007,"Drama, Crime, Thriller, Action",120681,"2007-10-12","José Padilha"
tt2713180,7,2015-10-01,"Fury","Fury",https://www.imdb.com/title/tt2713180,Movie,7.6,134,2014,"Action, Drama, War",615909,"2014-10-17","David Ayer"
tt1100089,7,2015-09-29,"Foxcatcher","Foxcatcher",https://www.imdb.com/title/tt1100089,Movie,7.0,134,2014,"Drama, Biography, Sport, History",155676,"2015-01-16","Bennett Miller"
tt4044364,7,2015-09-28,"Citizenfour","Citizenfour",https://www.imdb.com/title/tt4044364,Movie,8.0,114,2014,"Documentary, Biography",60275,"2014-11-28","Laura Poitras"
tt2381941,6,2015-09-21,"Focus","Focus",https://www.imdb.com/title/tt2381941,Movie,6.6,105,2015,"Comedy, Crime, Romance, Drama",296740,"2015-02-27","Glenn Ficarra,John Requa"
tt1587310,6,2015-09-20,"Maleficent","Maleficent",https://www.imdb.com/title/tt1587310,Movie,6.9,97,2014,"Fantasy, Adventure, Family, Romance, Drama",427084,"2014-05-30","Robert Stromberg"
tt1535108,6,2015-09-17,"Elysium","Elysium",https://www.imdb.com/title/tt1535108,Movie,6.6,109,2013,"Drama, Sci-Fi, Action, Thriller",494063,"2013-08-09","Neill Blomkamp"
tt1823672,7,2015-09-17,"Chappie","Chappie",https://www.imdb.com/title/tt1823672,Movie,6.8,120,2015,"Action, Thriller, Sci-Fi, Crime, Drama",285376,"2015-03-06","Neill Blomkamp"
tt0116282,8,2015-09-14,"Fargo","Fargo",https://www.imdb.com/title/tt0116282,Movie,8.1,98,1996,"Drama, Thriller, Crime",793185,"1996-04-05","Joel Coen,Ethan Coen"
tt3316960,8,2015-09-14,"Still Alice","Still Alice",https://www.imdb.com/title/tt3316960,Movie,7.5,101,2014,"Drama",151378,"2015-02-20","Richard Glatzer,Wash Westmoreland"
tt2802144,7,2015-09-10,"Kingsman: The Secret Service","Kingsman: The Secret Service",https://www.imdb.com/title/tt2802144,Movie,7.7,129,2014,"Adventure, Action, Comedy, Thriller",782342,"2015-02-13","Matthew Vaughn"
tt0206634,10,2015-09-08,"Children of Men","Children of Men",https://www.imdb.com/title/tt0206634,Movie,7.9,109,2006,"Thriller, Drama, Sci-Fi",569990,"2007-01-05","Alfonso Cuarón"
tt2562232,8,2015-09-08,"Birdman or (The Unexpected Virtue of Ignorance)","Birdman or (The Unexpected Virtue of Ignorance)",https://www.imdb.com/title/tt2562232,Movie,7.7,119,2014,"Comedy, Drama",701890,"2014-11-14","Alejandro G. Iñárritu"
tt2359024,7,2015-09-08,"Blue Ruin","Blue Ruin",https://www.imdb.com/title/tt2359024,Movie,7.1,90,2013,"Thriller, Crime, Drama",87384,"2014-07-09","Jeremy Saulnier"
tt1809398,6,2015-08-24,"Unbroken","Unbroken",https://www.imdb.com/title/tt1809398,Movie,7.2,137,2014,"War, Drama, Sport, Biography",199973,"2014-12-25","Angelina Jolie"
tt2467372,8,2015-08-20,"Brooklyn Nine-Nine","Brooklyn Nine-Nine",https://www.imdb.com/title/tt2467372,TV Series,8.4,22,2013,"Comedy, Crime",421797,"2013-09-17",
tt2096673,9,2015-08-20,"Inside Out","Inside Out",https://www.imdb.com/title/tt2096673,Movie,8.1,95,2015,"Animation, Comedy, Family, Adventure, Drama, Fantasy",928400,"2015-06-19","Pete Docter,Ronnie Del Carmen"
tt0095953,8,2015-08-03,"Rain Man","Rain Man",https://www.imdb.com/title/tt0095953,Movie,8.0,133,1988,"Drama",588097,"1988-12-16","Barry Levinson"
tt1800241,9,2015-08-02,"American Hustle","American Hustle",https://www.imdb.com/title/tt1800241,Movie,7.2,138,2013,"Drama, Crime",521048,"2013-12-20","David O. Russell"
tt1410063,8,2015-08-02,"The Flowers of War","Jin ling shi san chai",https://www.imdb.com/title/tt1410063,Movie,7.5,146,2011,"History, Drama, War, Romance",58663,"2011-12-16","Yimou Zhang"
tt1528100,5,2015-08-02,"Exodus: Gods and Kings","Exodus: Gods and Kings",https://www.imdb.com/title/tt1528100,Movie,6.0,150,2014,"Drama, Action, Fantasy, Adventure",187801,"2014-12-12","Ridley Scott"
tt1647668,6,2015-08-02,"Million Dollar Arm","Million Dollar Arm",https://www.imdb.com/title/tt1647668,Movie,7.0,124,2014,"Drama, Sport, Biography, Family",49563,"2014-05-16","Craig Gillespie"
tt2937898,7,2015-08-01,"A Most Violent Year","A Most Violent Year",https://www.imdb.com/title/tt2937898,Movie,6.9,125,2014,"Drama, Crime, Thriller",82156,"2015-01-30","J.C. Chandor"
tt0198781,10,2015-07-21,"Monsters, Inc.","Monsters, Inc.",https://www.imdb.com/title/tt0198781,Movie,8.1,92,2001,"Animation, Adventure, Comedy, Family, Fantasy",1086949,"2001-11-02","Pete Docter,David Silverman,Lee Unkrich"
tt0266543,9,2015-07-21,"Finding Nemo","Finding Nemo",https://www.imdb.com/title/tt0266543,Movie,8.2,100,2003,"Animation, Family, Comedy, Adventure",1220648,"2003-05-30","Andrew Stanton,Lee Unkrich"
tt0120363,8,2015-07-21,"Toy Story 2","Toy Story 2",https://www.imdb.com/title/tt0120363,Movie,7.9,92,1999,"Animation, Adventure, Comedy, Family, Fantasy",681088,"1999-11-24","John Lasseter,Ash Brannon,Lee Unkrich"
tt0435761,9,2015-07-21,"Toy Story 3","Toy Story 3",https://www.imdb.com/title/tt0435761,Movie,8.3,103,2010,"Animation, Adventure, Comedy, Family, Fantasy",985957,"2010-06-18","Lee Unkrich"
tt0114709,10,2015-07-21,"Toy Story","Toy Story",https://www.imdb.com/title/tt0114709,Movie,8.3,81,1995,"Animation, Adventure, Comedy, Family, Fantasy",1193165,"1995-11-22","John Lasseter"
tt1074638,8,2015-07-21,"Skyfall","Skyfall",https://www.imdb.com/title/tt1074638,Movie,7.8,143,2012,"Action, Thriller, Adventure",778254,"2012-11-09","Sam Mendes"
tt2258858,6,2015-07-19,"Wadjda","Wadjda",https://www.imdb.com/title/tt2258858,Movie,7.5,98,2012,"Drama, Comedy",22539,"2013-05-16","Haifaa Al-Mansour"
tt0293007,8,2015-07-18,"Carandiru","Carandiru",https://www.imdb.com/title/tt0293007,Movie,7.6,145,2003,"Crime, Drama",25075,"2003-04-11","Hector Babenco"
tt2980516,8,2015-07-13,"The Theory of Everything","The Theory of Everything",https://www.imdb.com/title/tt2980516,Movie,7.7,123,2014,"Drama, Biography, Romance",509843,"2014-11-26","James Marsh"
tt2084970,7,2015-07-12,"The Imitation Game","The Imitation Game",https://www.imdb.com/title/tt2084970,Movie,8.0,114,2014,"Drama, Biography, Thriller, War",883106,"2014-12-25","Morten Tyldum"
tt1872194,6,2015-07-12,"The Judge","The Judge",https://www.imdb.com/title/tt1872194,Movie,7.4,141,2014,"Drama, Crime, Mystery, Thriller",220460,"2014-10-10","David Dobkin"
tt2179136,7,2015-06-15,"American Sniper","American Sniper",https://www.imdb.com/title/tt2179136,Movie,7.3,133,2014,"Action, Biography, War, Drama",574217,"2015-01-16","Clint Eastwood"
tt2305051,7,2015-06-10,"Wild","Wild",https://www.imdb.com/title/tt2305051,Movie,7.1,115,2014,"Drama, Biography, Adventure",147122,"2014-12-19","Jean-Marc Vallée"
tt2693664,5,2015-06-09,"Young Ones","Young Ones",https://www.imdb.com/title/tt2693664,Movie,5.8,100,2014,"Drama, Action, Sci-Fi, Western, Romance",11018,"2014-10-17","Jake Paltrow"
tt2866360,7,2015-06-06,"Coherence","Coherence",https://www.imdb.com/title/tt2866360,Movie,7.2,89,2013,"Sci-Fi, Thriller, Mystery",177420,"2014-08-06","James Ward Byrkit"
tt2294449,7,2015-06-05,"22 Jump Street","22 Jump Street",https://www.imdb.com/title/tt2294449,Movie,7.0,112,2014,"Comedy, Action, Crime, Mystery",444366,"2014-06-13","Phil Lord,Christopher Miller"
tt1232829,6,2015-06-03,"21 Jump Street","21 Jump Street",https://www.imdb.com/title/tt1232829,Movie,7.2,109,2012,"Action, Comedy, Crime",652952,"2012-03-16","Phil Lord,Christopher Miller"
tt2245084,8,2015-06-01,"Big Hero 6","Big Hero 6",https://www.imdb.com/title/tt2245084,Movie,7.8,102,2014,"Animation, Action, Family, Sci-Fi, Adventure, Comedy, Crime, Drama",559819,"2014-11-07","Don Hall,Chris Williams"
tt2180411,5,2015-05-30,"Into the Woods","Into the Woods",https://www.imdb.com/title/tt2180411,Movie,5.9,125,2014,"Musical, Fantasy, Adventure, Comedy, Drama, Family",154563,"2014-12-25","Rob Marshall"
tt0096283,9,2015-05-29,"My Neighbor Totoro","Tonari no Totoro",https://www.imdb.com/title/tt0096283,Movie,8.1,86,1988,"Animation, Family, Comedy, Adventure, Fantasy",437577,"1990-07-13","Hayao Miyazaki"
tt0119698,9,2015-05-29,"Princess Mononoke","Mononoke-hime",https://www.imdb.com/title/tt0119698,Movie,8.3,133,1997,"Animation, Adventure, Fantasy",488719,"1997-07-12","Hayao Miyazaki"
tt2101569,4,2015-05-27,"In Your Eyes","In Your Eyes",https://www.imdb.com/title/tt2101569,Movie,6.9,106,2014,"Romance, Fantasy",33065,"2014-04-20","Brin Hill"
tt2170439,5,2015-05-26,"Horrible Bosses 2","Horrible Bosses 2",https://www.imdb.com/title/tt2170439,Movie,6.3,108,2014,"Comedy, Crime",194784,"2014-11-26","Sean Anders"
tt0411270,6,2015-05-25,"The Beat That My Heart Skipped","De battre mon coeur s'est arrêté",https://www.imdb.com/title/tt0411270,Movie,7.2,108,2005,"Drama, Crime, Music",21710,"2005-03-16","Jacques Audiard"
tt0838221,7,2015-05-25,"The Darjeeling Limited","The Darjeeling Limited",https://www.imdb.com/title/tt0838221,Movie,7.2,91,2007,"Adventure, Drama, Comedy",238045,"2007-10-26","Wes Anderson"
tt1126590,6,2015-05-23,"Big Eyes","Big Eyes",https://www.imdb.com/title/tt1126590,Movie,6.9,106,2014,"Drama, Biography, Romance, Crime",105125,"2014-12-25","Tim Burton"
tt0100486,7,2015-05-22,"Reversal of Fortune","Reversal of Fortune",https://www.imdb.com/title/tt0100486,Movie,7.1,111,1990,"Mystery, Biography, Drama",21668,"1990-11-09","Barbet Schroeder"
tt1894476,6,2015-05-20,"How I Live Now","How I Live Now",https://www.imdb.com/title/tt1894476,Movie,6.4,101,2013,"Thriller, Romance, War, Sci-Fi, Action, Drama, Adventure",33837,"2013-10-04","Kevin Macdonald"
tt2096672,5,2015-05-19,"Dumb and Dumber To","Dumb and Dumber To",https://www.imdb.com/title/tt2096672,Movie,5.6,109,2014,"Comedy",154737,"2014-11-14","Bobby Farrelly,Peter Farrelly"
tt1276104,8,2015-05-18,"Looper","Looper",https://www.imdb.com/title/tt1276104,Movie,7.4,119,2012,"Sci-Fi, Action, Thriller, Drama",631318,"2012-09-28","Rian Johnson"
tt1964624,8,2015-05-18,"In the House","Dans la maison",https://www.imdb.com/title/tt1964624,Movie,7.3,105,2012,"Thriller, Mystery, Drama",36133,"2012-10-10","François Ozon"
tt1483013,7,2015-05-17,"Oblivion","Oblivion",https://www.imdb.com/title/tt1483013,Movie,7.0,124,2013,"Action, Sci-Fi, Adventure",589435,"2013-04-19","Joseph Kosinski"
tt1065073,9,2015-05-17,"Boyhood","Boyhood",https://www.imdb.com/title/tt1065073,Movie,7.9,165,2014,"Drama, Comedy",383181,"2014-08-15","Richard Linklater"
tt1266020,9,2015-05-09,"Parks and Recreation","Parks and Recreation",https://www.imdb.com/title/tt1266020,TV Series,8.6,22,2009,"Comedy",318045,"2009-04-09",
tt0935075,7,2015-05-07,"Rabbit Hole","Rabbit Hole",https://www.imdb.com/title/tt0935075,Movie,6.9,91,2010,"Drama",52964,"2011-01-28","John Cameron Mitchell"
tt1798709,9,2015-05-07,"Her","Her",https://www.imdb.com/title/tt1798709,Movie,8.0,126,2013,"Romance, Sci-Fi, Drama",731757,"2014-01-10","Spike Jonze"
tt2053463,7,2015-05-07,"Side Effects","Side Effects",https://www.imdb.com/title/tt2053463,Movie,7.0,106,2013,"Thriller, Crime, Drama, Mystery",206538,"2013-02-08","Steven Soderbergh"
tt0363547,6,2015-05-04,"Dawn of the Dead","Dawn of the Dead",https://www.imdb.com/title/tt0363547,Movie,7.2,101,2004,"Horror, Action",290034,"2004-03-19","Zack Snyder"
tt0460649,9,2015-04-26,"How I Met Your Mother","How I Met Your Mother",https://www.imdb.com/title/tt0460649,TV Series,8.3,22,2005,"Comedy, Romance, Drama",787314,"2005-09-19",
tt1399683,8,2015-04-21,"Winter's Bone","Winter's Bone",https://www.imdb.com/title/tt1399683,Movie,7.1,100,2010,"Drama, Mystery, Crime, Thriller",158548,"2010-07-16","Debra Granik"
tt1877832,8,2015-04-21,"X-Men: Days of Future Past","X-Men: Days of Future Past",https://www.imdb.com/title/tt1877832,Movie,7.9,132,2014,"Action, Sci-Fi, Thriller, Adventure",793659,"2014-05-23","Bryan Singer"
tt2883512,6,2015-04-19,"Chef","Chef",https://www.imdb.com/title/tt2883512,Movie,7.3,114,2014,"Comedy, Drama, Adventure",253240,"2014-05-30","Jon Favreau"
tt1905041,6,2015-04-12,"Fast & Furious 6","Furious 6",https://www.imdb.com/title/tt1905041,Movie,7.0,130,2013,"Action, Thriller, Crime, Adventure",443052,"2013-05-24","Justin Lin"
tt0081283,8,2015-04-12,"Ordinary People","Ordinary People",https://www.imdb.com/title/tt0081283,Movie,7.7,124,1980,"Drama",62429,"1980-09-19","Robert Redford"
tt1179031,7,2015-04-05,"Cold in July","Cold in July",https://www.imdb.com/title/tt1179031,Movie,6.7,109,2014,"Thriller, Crime",39865,"2014-12-31","Jim Mickle"
tt1827512,7,2015-04-05,"The Kid with a Bike","Le gamin au vélo",https://www.imdb.com/title/tt1827512,Movie,7.4,87,2011,"Drama",29609,"2011-05-18","Jean-Pierre Dardenne,Luc Dardenne"
tt1980929,6,2015-04-05,"Begin Again","Begin Again",https://www.imdb.com/title/tt1980929,Movie,7.4,104,2013,"Drama, Music, Comedy, Romance",177689,"2014-07-11","John Carney"
tt0119488,9,2015-03-29,"L.A. Confidential","L.A. Confidential",https://www.imdb.com/title/tt0119488,Movie,8.2,138,1997,"Crime, Drama, Thriller, Mystery",662015,"1997-09-19","Curtis Hanson"
tt1996310,7,2015-03-29,"Lore","Lore",https://www.imdb.com/title/tt1996310,Movie,7.1,109,2012,"Drama, War, Romance",16567,"2012-09-20","Cate Shortland"
tt0086197,8,2015-02-25,"The Right Stuff","The Right Stuff",https://www.imdb.com/title/tt0086197,Movie,7.8,193,1983,"History, Biography, Drama, Adventure",68332,"1984-02-17","Philip Kaufman"
tt1127180,3,2015-02-24,"Drag Me to Hell","Drag Me to Hell",https://www.imdb.com/title/tt1127180,Movie,6.6,99,2009,"Horror",232589,"2009-05-29","Sam Raimi"
tt1821641,7,2015-02-17,"The Congress","The Congress",https://www.imdb.com/title/tt1821641,Movie,6.4,122,2013,"Animation, Sci-Fi, Drama",20917,"2014-07-24","Ari Folman"
tt2235108,7,2015-02-16,"Dear White People","Dear White People",https://www.imdb.com/title/tt2235108,Movie,6.1,108,2014,"Comedy, Drama, Romance",27307,"2014-12-04","Justin Simien"
tt2358891,8,2015-02-16,"The Great Beauty","La grande bellezza",https://www.imdb.com/title/tt2358891,Movie,7.7,141,2013,"Drama",106960,"2014-03-14","Paolo Sorrentino"
tt1234721,5,2015-02-15,"RoboCop","RoboCop",https://www.imdb.com/title/tt1234721,Movie,6.1,117,2014,"Action, Sci-Fi, Thriller, Crime",250079,"2014-02-12","José Padilha"
tt2223990,6,2015-02-15,"Draft Day","Draft Day",https://www.imdb.com/title/tt2223990,Movie,6.8,110,2014,"Drama, Sport",73700,"2014-04-11","Ivan Reitman"
tt2369135,6,2015-02-15,"Need for Speed","Need for Speed",https://www.imdb.com/title/tt2369135,Movie,6.4,132,2014,"Action, Thriller, Crime, Drama",187873,"2014-03-14","Scott Waugh"
tt0892769,8,2015-02-15,"How to Train Your Dragon","How to Train Your Dragon",https://www.imdb.com/title/tt0892769,Movie,8.1,98,2010,"Animation, Adventure, Fantasy, Family, Action",905092,"2010-03-26","Dean DeBlois,Chris Sanders"
tt1646971,7,2015-02-15,"How to Train Your Dragon 2","How to Train Your Dragon 2",https://www.imdb.com/title/tt1646971,Movie,7.8,102,2014,"Animation, Fantasy, Adventure, Action, Family, Comedy",405880,"2014-06-13","Dean DeBlois"
tt0948470,7,2015-02-14,"The Amazing Spider-Man","The Amazing Spider-Man",https://www.imdb.com/title/tt0948470,Movie,7.0,136,2012,"Action, Sci-Fi",781250,"2012-07-03","Marc Webb"
tt1872181,6,2015-02-14,"The Amazing Spider-Man 2","The Amazing Spider-Man 2",https://www.imdb.com/title/tt1872181,Movie,6.6,142,2014,"Action, Adventure, Sci-Fi",603199,"2014-05-02","Marc Webb"
tt3416742,7,2015-02-14,"What We Do in the Shadows","What We Do in the Shadows",https://www.imdb.com/title/tt3416742,Movie,7.6,86,2014,"Comedy, Horror, Thriller",215112,"2015-02-13","Jemaine Clement,Taika Waititi"
tt2388637,7,2015-02-13,"Ain't Them Bodies Saints","Ain't Them Bodies Saints",https://www.imdb.com/title/tt2388637,Movie,6.4,96,2013,"Drama, Crime, Romance, Western",23747,"2013-08-16","David Lowery"
tt2431286,7,2015-02-02,"Philomena","Philomena",https://www.imdb.com/title/tt2431286,Movie,7.6,98,2013,"Drama, Biography, Comedy",107604,"2013-11-27","Stephen Frears"
tt2872732,6,2015-02-01,"Lucy","Lucy",https://www.imdb.com/title/tt2872732,Movie,6.4,89,2014,"Action, Sci-Fi, Thriller",584095,"2014-07-25","Luc Besson"
tt1172570,7,2015-01-31,"Bronson","Bronson",https://www.imdb.com/title/tt1172570,Movie,7.0,92,2008,"Action, Drama, Crime",151022,"2009-03-13","Nicolas Winding Refn"
tt1797404,8,2015-01-31,"House of Lies","House of Lies",https://www.imdb.com/title/tt1797404,TV Series,7.4,30,2012,"Comedy, Drama",27726,"2012-01-08",
tt0898266,9,2015-01-31,"The Big Bang Theory","The Big Bang Theory",https://www.imdb.com/title/tt0898266,TV Series,8.1,22,2007,"Comedy, Romance",943314,"2007-09-24",
tt1475582,9,2015-01-31,"Sherlock","Sherlock",https://www.imdb.com/title/tt1475582,TV Series,9.0,90,2010,"Crime, Mystery, Drama, Thriller",1096442,"2010-10-24",
tt1335975,6,2015-01-31,"47 Ronin","47 Ronin",https://www.imdb.com/title/tt1335975,Movie,6.2,128,2013,"Action, Fantasy, Drama",180681,"2013-12-25","Carl Rinsch"
tt2355540,7,2015-01-27,"Cutie and the Boxer","Cutie and the Boxer",https://www.imdb.com/title/tt2355540,Movie,7.2,82,2013,"Documentary, Biography",4808,"2013-08-01","Zach Heinzerling"
tt2015381,8,2015-01-14,"Guardians of the Galaxy","Guardians of the Galaxy",https://www.imdb.com/title/tt2015381,Movie,8.0,121,2014,"Sci-Fi, Action, Adventure, Comedy",1377350,"2014-08-01","James Gunn"
tt1605717,6,2015-01-12,"Frank","Frank",https://www.imdb.com/title/tt1605717,Movie,6.9,95,2014,"Drama, Comedy, Music",84839,"2014-09-05","Lenny Abrahamson"
tt1976000,5,2015-01-12,"The Two Faces of January","The Two Faces of January",https://www.imdb.com/title/tt1976000,Movie,6.2,96,2014,"Thriller, Romance, Crime, Mystery",35268,"2014-08-28","Hossein Amini"
tt0099422,6,2015-01-11,"Dick Tracy","Dick Tracy",https://www.imdb.com/title/tt0099422,Movie,6.2,105,1990,"Thriller, Romance, Crime, Comedy, Music, Action",70556,"1990-06-15","Warren Beatty"
tt1650554,7,2015-01-10,"Kick-Ass 2","Kick-Ass 2",https://www.imdb.com/title/tt1650554,Movie,6.5,103,2013,"Action, Comedy, Crime, Thriller, Drama",301411,"2013-08-16","Jeff Wadlow"
tt0458481,6,2015-01-10,"Sin City: A Dame to Kill For","Sin City: A Dame to Kill For",https://www.imdb.com/title/tt0458481,Movie,6.5,102,2014,"Crime, Thriller, Action, Drama, Adventure",179639,"2014-08-22","Frank Miller,Robert Rodriguez"
tt2333598,7,2015-01-08,"7 Boxes","7 cajas",https://www.imdb.com/title/tt2333598,Movie,7.1,105,2012,"Thriller, Crime, Adventure, Drama, Mystery",6678,"2014-02-07","Juan Carlos Maneglia,Tana Schémbori"
tt1313092,8,2015-01-03,"Animal Kingdom","Animal Kingdom",https://www.imdb.com/title/tt1313092,Movie,7.2,113,2010,"Drama, Crime, Thriller",63772,"2010-06-03","David Michôd"
tt2557490,5,2015-01-03,"A Million Ways to Die in the West","A Million Ways to Die in the West",https://www.imdb.com/title/tt2557490,Movie,6.1,116,2014,"Comedy, Western",211720,"2014-05-30","Seth MacFarlane"
tt0091042,8,2015-01-03,"Ferris Bueller's Day Off","Ferris Bueller's Day Off",https://www.imdb.com/title/tt0091042,Movie,7.8,103,1986,"Comedy",419311,"1986-06-11","John Hughes"
tt1023114,7,2015-01-03,"The Way Back","The Way Back",https://www.imdb.com/title/tt1023114,Movie,7.3,133,2010,"Drama, Adventure, History",128102,"2011-01-21","Peter Weir"
tt0117883,8,2015-01-03,"Thesis","Tesis",https://www.imdb.com/title/tt0117883,Movie,7.4,125,1996,"Mystery, Crime, Horror, Thriller",47039,"2016-11-20","Alejandro Amenábar"
tt1985966,7,2015-01-02,"Cloudy with a Chance of Meatballs 2","Cloudy with a Chance of Meatballs 2",https://www.imdb.com/title/tt1985966,Movie,6.3,95,2013,"Animation, Family, Comedy, Fantasy, Sci-Fi, Adventure",127062,"2013-09-27","Cody Cameron,Kris Pearn"
tt0844471,8,2015-01-02,"Cloudy with a Chance of Meatballs","Cloudy with a Chance of Meatballs",https://www.imdb.com/title/tt0844471,Movie,6.9,90,2009,"Animation, Family, Comedy, Sci-Fi, Adventure, Fantasy",288975,"2009-09-18","Phil Lord,Christopher Miller"
tt1727388,7,2014-12-27,"The Way Way Back","The Way, Way Back",https://www.imdb.com/title/tt1727388,Movie,7.4,103,2013,"Comedy, Drama",164724,"2013-07-26","Nat Faxon,Jim Rash"
tt2852400,6,2014-12-27,"A Touch of Sin","Tian zhu ding",https://www.imdb.com/title/tt2852400,Movie,7.1,130,2013,"Drama, Crime",14052,"2013-12-11","Zhangke Jia"
tt2103281,8,2014-12-27,"Dawn of the Planet of the Apes","Dawn of the Planet of the Apes",https://www.imdb.com/title/tt2103281,Movie,7.6,130,2014,"Action, Adventure, Drama, Sci-Fi, Thriller",514129,"2014-07-11","Matt Reeves"
tt1291150,4,2014-12-27,"Teenage Mutant Ninja Turtles","Teenage Mutant Ninja Turtles",https://www.imdb.com/title/tt1291150,Movie,5.8,101,2014,"Adventure, Comedy, Sci-Fi, Action, Crime, Fantasy, Family",231484,"2014-08-08","Jonathan Liebesman"
tt1183919,8,2014-12-27,"Marley","Marley",https://www.imdb.com/title/tt1183919,Movie,7.9,144,2012,"Documentary, Music, Biography",15018,"2025","Kevin Macdonald"
tt1535109,6,2014-12-21,"Captain Phillips","Captain Phillips",https://www.imdb.com/title/tt1535109,Movie,7.8,134,2013,"Drama, Biography, Thriller, Crime, Action",521742,"2013-10-11","Paul Greengrass"
tt0094721,7,2014-12-14,"Beetlejuice","Beetlejuice",https://www.imdb.com/title/tt0094721,Movie,7.4,92,1988,"Fantasy, Comedy",421158,"1988-03-30","Tim Burton"
tt0409459,9,2014-12-14,"Watchmen","Watchmen",https://www.imdb.com/title/tt0409459,Movie,7.6,162,2009,"Sci-Fi, Action, Mystery, Drama",614738,"2009-03-06","Zack Snyder"
tt0295297,8,2014-12-09,"Harry Potter and the Chamber of Secrets","Harry Potter and the Chamber of Secrets",https://www.imdb.com/title/tt0295297,Movie,7.5,161,2002,"Mystery, Family, Adventure, Fantasy",773906,"2002-11-15","Chris Columbus"
tt0417741,8,2014-12-09,"Harry Potter and the Half-Blood Prince","Harry Potter and the Half-Blood Prince",https://www.imdb.com/title/tt0417741,Movie,7.6,153,2009,"Fantasy, Mystery, Family, Adventure",667572,"2009-07-15","David Yates"
tt0373889,7,2014-12-09,"Harry Potter and the Order of the Phoenix","Harry Potter and the Order of the Phoenix",https://www.imdb.com/title/tt0373889,Movie,7.5,138,2007,"Family, Fantasy, Mystery, Adventure",708090,"2007-07-11","David Yates"
tt0926084,7,2014-12-09,"Harry Potter and the Deathly Hallows: Part 1","Harry Potter and the Deathly Hallows: Part 1",https://www.imdb.com/title/tt0926084,Movie,7.7,146,2010,"Adventure, Mystery, Fantasy, Family",671861,"2010-11-19","David Yates"
tt0304141,9,2014-12-09,"Harry Potter and the Prisoner of Azkaban","Harry Potter and the Prisoner of Azkaban",https://www.imdb.com/title/tt0304141,Movie,7.9,142,2004,"Mystery, Family, Adventure, Fantasy",775000,"2004-06-04","Alfonso Cuarón"
tt0330373,7,2014-12-09,"Harry Potter and the Goblet of Fire","Harry Potter and the Goblet of Fire",https://www.imdb.com/title/tt0330373,Movie,7.7,157,2005,"Mystery, Family, Adventure, Fantasy",761283,"2005-11-18","Mike Newell"
tt0241527,9,2014-12-09,"Harry Potter and the Sorcerer's Stone","Harry Potter and the Sorcerer's Stone",https://www.imdb.com/title/tt0241527,Movie,7.7,152,2001,"Family, Adventure, Fantasy",961504,"2001-11-16","Chris Columbus"
tt1187043,7,2014-12-09,"3 Idiots","3 Idiots",https://www.imdb.com/title/tt1187043,Movie,8.4,170,2009,"Drama, Comedy",487592,"2009-12-25","Rajkumar Hirani"
tt0947798,9,2014-12-09,"Black Swan","Black Swan",https://www.imdb.com/title/tt0947798,Movie,8.0,108,2010,"Drama, Thriller",895229,"2010-12-17","Darren Aronofsky"
tt0087469,9,2014-12-09,"Indiana Jones and the Temple of Doom","Indiana Jones and the Temple of Doom",https://www.imdb.com/title/tt0087469,Movie,7.5,118,1984,"Adventure, Action",572232,"1984-05-23","Steven Spielberg"
tt1091191,7,2014-12-09,"Lone Survivor","Lone Survivor",https://www.imdb.com/title/tt1091191,Movie,7.5,121,2013,"Action, Drama, War, Biography",325780,"2014-01-10","Peter Berg"
tt1055369,4,2014-12-09,"Transformers: Revenge of the Fallen","Transformers: Revenge of the Fallen",https://www.imdb.com/title/tt1055369,Movie,6.0,149,2009,"Sci-Fi, Action, Adventure",457322,"2009-06-24","Michael Bay"
tt0790636,8,2014-11-19,"Dallas Buyers Club","Dallas Buyers Club",https://www.imdb.com/title/tt0790636,Movie,7.9,117,2013,"Drama, Biography",551392,"2013-11-22","Jean-Marc Vallée"
tt2312702,7,2014-11-02,"Death of a Shadow","Dood van een schaduw",https://www.imdb.com/title/tt2312702,Short,7.1,20,2012,"Short, Drama, Fantasy, Romance, War",2494,"2012-09-10","Tom Van Avermaet"
tt2053425,7,2014-11-02,"Rust and Bone","De rouille et d'os",https://www.imdb.com/title/tt2053425,Movie,7.4,120,2012,"Drama, Romance",73208,"2012-05-17","Jacques Audiard"
tt2042568,7,2014-11-02,"Inside Llewyn Davis","Inside Llewyn Davis",https://www.imdb.com/title/tt2042568,Movie,7.4,104,2013,"Drama, Music",172837,"2014-01-10","Ethan Coen,Joel Coen"
tt1821549,8,2014-10-19,"Nebraska","Nebraska",https://www.imdb.com/title/tt1821549,Movie,7.7,115,2013,"Drama",129201,"2014-01-24","Alexander Payne"
tt2024519,7,2014-10-13,"The Broken Circle Breakdown","The Broken Circle Breakdown",https://www.imdb.com/title/tt2024519,Movie,7.7,111,2012,"Drama, Music, Romance",45444,"2012-10-10","Felix van Groeningen"
tt2209764,5,2014-10-08,"Transcendence","Transcendence",https://www.imdb.com/title/tt2209764,Movie,6.2,119,2014,"Drama, Sci-Fi, Thriller",248207,"2014-04-18","Wally Pfister"
tt1843866,7,2014-10-04,"Captain America: The Winter Soldier","Captain America: The Winter Soldier",https://www.imdb.com/title/tt1843866,Movie,7.7,136,2014,"Action, Adventure, Sci-Fi, Thriller",983543,"2014-04-04","Anthony Russo,Joe Russo"
tt2582846,7,2014-09-15,"The Fault in Our Stars","The Fault in Our Stars",https://www.imdb.com/title/tt2582846,Movie,7.6,126,2014,"Drama, Romance",427012,"2014-06-06","Josh Boone"
tt2209418,8,2014-09-07,"Before Midnight","Before Midnight",https://www.imdb.com/title/tt2209418,Movie,7.9,109,2013,"Drama, Romance",187647,"2013-06-14","Richard Linklater"
tt0903624,8,2014-09-02,"The Hobbit: An Unexpected Journey","The Hobbit: An Unexpected Journey",https://www.imdb.com/title/tt0903624,Movie,7.8,169,2012,"Fantasy, Adventure",934505,"2012-12-14","Peter Jackson"
tt1170358,7,2014-09-02,"The Hobbit: The Desolation of Smaug","The Hobbit: The Desolation of Smaug",https://www.imdb.com/title/tt1170358,Movie,7.8,161,2013,"Fantasy, Adventure",759263,"2013-12-13","Peter Jackson"
tt0021749,10,2014-08-30,"City Lights","City Lights",https://www.imdb.com/title/tt0021749,Movie,8.5,87,1931,"Romance, Drama, Comedy",217738,"1931-03-07","Charles Chaplin"
tt0111161,10,2014-08-30,"The Shawshank Redemption","The Shawshank Redemption",https://www.imdb.com/title/tt0111161,Movie,9.3,142,1994,"Drama",3223846,"1994-10-14","Frank Darabont"
tt0816442,8,2014-08-24,"The Book Thief","The Book Thief",https://www.imdb.com/title/tt0816442,Movie,7.5,131,2013,"Drama, War",148210,"2013-11-27","Brian Percival"
tt1327773,6,2014-08-12,"The Butler","The Butler",https://www.imdb.com/title/tt1327773,Movie,7.2,132,2013,"Drama, Biography",124251,"2013-08-16","Lee Daniels"
tt2436046,6,2014-08-03,"Antboy","Antboy",https://www.imdb.com/title/tt2436046,Movie,5.2,77,2013,"Adventure, Comedy, Family, Fantasy",2679,"2014-04-16","Ask Hasselbalch"
tt0359950,7,2014-08-02,"The Secret Life of Walter Mitty","The Secret Life of Walter Mitty",https://www.imdb.com/title/tt0359950,Movie,7.3,114,2013,"Drama, Fantasy, Romance, Adventure, Comedy",375770,"2013-12-25","Ben Stiller"
tt2382396,7,2014-08-02,"Joe","Joe",https://www.imdb.com/title/tt2382396,Movie,6.8,117,2013,"Drama, Crime, Thriller",53755,"2014-04-11","David Gordon Green"
tt1981115,7,2014-06-28,"Thor: The Dark World","Thor: The Dark World",https://www.imdb.com/title/tt1981115,Movie,6.7,112,2013,"Action, Adventure, Fantasy, Sci-Fi",787159,"2013-11-08","Alan Taylor"
tt0114746,8,2014-06-08,"12 Monkeys","Twelve Monkeys",https://www.imdb.com/title/tt0114746,Movie,8.0,129,1995,"Mystery, Sci-Fi, Thriller",682840,"1996-01-05","Terry Gilliam"
tt0079944,9,2014-06-08,"Stalker","Stalker",https://www.imdb.com/title/tt0079944,Movie,8.0,162,1979,"Drama, Sci-Fi",157420,"1980-04-17","Andrei Tarkovsky"
tt1454468,9,2014-06-08,"Gravity","Gravity",https://www.imdb.com/title/tt1454468,Movie,7.7,91,2013,"Sci-Fi, Thriller, Drama",904470,"2013-10-04","Alfonso Cuarón"
tt0072684,8,2014-06-08,"Barry Lyndon","Barry Lyndon",https://www.imdb.com/title/tt0072684,Movie,8.1,185,1975,"Adventure, War, Drama",207317,"1975-12-18","Stanley Kubrick"
tt0061722,8,2014-06-08,"The Graduate","The Graduate",https://www.imdb.com/title/tt0061722,Movie,8.0,106,1967,"Comedy, Romance, Drama",303349,"1967-12-21","Mike Nichols"
tt1454029,8,2014-06-08,"The Help","The Help",https://www.imdb.com/title/tt1454029,Movie,8.1,146,2011,"Drama",531566,"2011-08-10","Tate Taylor"
tt0101414,10,2014-06-08,"Beauty and the Beast","Beauty and the Beast",https://www.imdb.com/title/tt0101414,Movie,8.0,84,1991,"Animation, Musical, Fantasy, Romance, Family",508393,"1991-11-22","Gary Trousdale,Kirk Wise"
tt0450259,8,2014-06-08,"Blood Diamond","Blood Diamond",https://www.imdb.com/title/tt0450259,Movie,8.0,143,2006,"Drama, Adventure, Thriller",629504,"2006-12-08","Edward Zwick"
tt0401383,8,2014-06-08,"The Diving Bell and the Butterfly","Le scaphandre et le papillon",https://www.imdb.com/title/tt0401383,Movie,8.0,112,2007,"Drama, Biography",113123,"2008-02-01","Julian Schnabel"
tt0033467,10,2014-06-08,"Citizen Kane","Citizen Kane",https://www.imdb.com/title/tt0033467,Movie,8.2,119,1941,"Drama, Mystery",495519,"1941-09-05","Orson Welles"
tt0169547,9,2014-06-08,"American Beauty","American Beauty",https://www.imdb.com/title/tt0169547,Movie,8.3,122,1999,"Drama",1285492,"1999-10-01","Sam Mendes"
tt0110357,9,2014-06-08,"The Lion King","The Lion King",https://www.imdb.com/title/tt0110357,Movie,8.5,88,1994,"Animation, Musical, Drama, Adventure, Family",1272406,"1994-06-24","Roger Allers,Rob Minkoff"
tt0095765,10,2014-06-08,"Cinema Paradiso","Nuovo Cinema Paradiso",https://www.imdb.com/title/tt0095765,Movie,8.5,174,1988,"Romance, Drama",319452,"1990-02-23","Giuseppe Tornatore"
tt0405094,9,2014-06-08,"The Lives of Others","Das Leben der Anderen",https://www.imdb.com/title/tt0405094,Movie,8.4,137,2006,"Drama, Thriller, Mystery",445912,"2007-03-30","Florian Henckel von Donnersmarck"
tt1853728,8,2014-06-08,"Django Unchained","Django Unchained",https://www.imdb.com/title/tt1853728,Movie,8.5,165,2012,"Western, Drama",1905175,"2012-12-25","Quentin Tarantino"
tt0088763,9,2014-06-08,"Back to the Future","Back to the Future",https://www.imdb.com/title/tt0088763,Movie,8.5,116,1985,"Comedy, Sci-Fi, Adventure",1468896,"1985-07-03","Robert Zemeckis"
tt0172495,10,2014-06-08,"Gladiator","Gladiator",https://www.imdb.com/title/tt0172495,Movie,8.5,155,2000,"Action, Adventure, Drama",1872815,"2000-05-05","Ridley Scott"
tt0078788,9,2014-06-08,"Apocalypse Now","Apocalypse Now",https://www.imdb.com/title/tt0078788,Movie,8.4,147,1979,"Drama, Mystery, War",775654,"1979-08-15","Francis Ford Coppola"
tt0253474,9,2014-06-08,"The Pianist","The Pianist",https://www.imdb.com/title/tt0253474,Movie,8.5,150,2002,"Biography, Music, Drama, War",1020954,"2003-03-28","Roman Polanski"
tt0027977,10,2014-06-08,"Modern Times","Modern Times",https://www.imdb.com/title/tt0027977,Movie,8.5,87,1936,"Drama, Romance, Comedy",287063,"1936-02-25","Charles Chaplin"
tt0209144,9,2014-06-08,"Memento","Memento",https://www.imdb.com/title/tt0209144,Movie,8.4,113,2000,"Thriller, Mystery",1452815,"2001-05-25","Christopher Nolan"
tt1675434,8,2014-06-08,"The Intouchables","Intouchables",https://www.imdb.com/title/tt1675434,Movie,8.5,112,2011,"Comedy, Drama",1037872,"2011-11-02","Olivier Nakache,Éric Toledano"
tt0245429,9,2014-06-08,"Spirited Away","Sen to Chihiro no kamikakushi",https://www.imdb.com/title/tt0245429,Movie,8.6,124,2001,"Animation, Family, Adventure, Fantasy",980040,"2003-03-28","Hayao Miyazaki"
tt0047396,9,2014-06-08,"Rear Window","Rear Window",https://www.imdb.com/title/tt0047396,Movie,8.4,112,1954,"Drama, Mystery, Thriller",572237,"1954-09-01","Alfred Hitchcock"
tt0054215,9,2014-06-08,"Psycho","Psycho",https://www.imdb.com/title/tt0054215,Movie,8.5,109,1960,"Mystery, Thriller, Horror, Drama",791644,"1960-09-08","Alfred Hitchcock"
tt0120586,9,2014-06-08,"American History X","American History X",https://www.imdb.com/title/tt0120586,Movie,8.5,119,1998,"Drama, Crime",1282528,"1998-11-20","Tony Kaye"
tt0118799,10,2014-06-08,"Life Is Beautiful","La vita è bella",https://www.imdb.com/title/tt0118799,Movie,8.6,116,1997,"Comedy, War, Romance, Drama",819760,"1997-12-20","Roberto Benigni"
tt0110413,8,2014-06-08,"Léon: The Professional","Léon",https://www.imdb.com/title/tt0110413,Movie,8.5,110,1994,"Action, Drama, Crime, Thriller",1361139,"1994-11-18","Luc Besson"
tt0102926,9,2014-06-08,"The Silence of the Lambs","The Silence of the Lambs",https://www.imdb.com/title/tt0102926,Movie,8.6,118,1991,"Crime, Drama, Horror, Thriller",1741290,"1991-02-14","Jonathan Demme"
tt0114814,10,2014-06-08,"The Usual Suspects","The Usual Suspects",https://www.imdb.com/title/tt0114814,Movie,8.5,106,1995,"Drama, Crime, Mystery, Thriller",1248856,"1995-08-16","Bryan Singer"
tt0317248,9,2014-06-08,"City of God","Cidade de Deus",https://www.imdb.com/title/tt0317248,Movie,8.6,130,2002,"Drama, Crime",878786,"2004-02-13","Fernando Meirelles,Kátia Lund"
tt0167261,9,2014-06-08,"The Lord of the Rings: The Two Towers","The Lord of the Rings: The Two Towers",https://www.imdb.com/title/tt0167261,Movie,8.8,179,2002,"Drama, Adventure, Fantasy",1975900,"2002-12-18","Peter Jackson"
tt0073486,9,2014-06-08,"One Flew Over the Cuckoo's Nest","One Flew Over the Cuckoo's Nest",https://www.imdb.com/title/tt0073486,Movie,8.6,133,1975,"Drama",1163677,"1975-11-21","Miloš Forman"
tt0109830,10,2014-06-08,"Forrest Gump","Forrest Gump",https://www.imdb.com/title/tt0109830,Movie,8.8,142,1994,"Romance, Drama",2523745,"1994-07-06","Robert Zemeckis"
tt0120737,9,2014-06-08,"The Lord of the Rings: The Fellowship of the Ring","The Lord of the Rings: The Fellowship of the Ring",https://www.imdb.com/title/tt0120737,Movie,8.9,178,2001,"Drama, Adventure, Fantasy",2227852,"2001-12-19","Peter Jackson"
tt0108052,10,2014-06-08,"Schindler's List","Schindler's List",https://www.imdb.com/title/tt0108052,Movie,9.0,196,1993,"Biography, History, Drama",1597557,"1994-02-04","Steven Spielberg"
tt0110912,9,2014-06-08,"Pulp Fiction","Pulp Fiction",https://www.imdb.com/title/tt0110912,Movie,8.8,154,1994,"Crime, Drama",2458153,"1994-10-14","Quentin Tarantino"
tt0468569,10,2014-06-08,"The Dark Knight","The Dark Knight",https://www.imdb.com/title/tt0468569,Movie,9.1,152,2008,"Crime, Thriller",3210714,"2008-07-18","Christopher Nolan"
tt0108778,10,2014-05-31,"Friends","Friends",https://www.imdb.com/title/tt0108778,TV Series,8.8,22,1994,"Romance, Comedy",1202947,"1994-09-22",
tt1856010,9,2014-05-31,"House of Cards","House of Cards",https://www.imdb.com/title/tt1856010,TV Series,8.6,50,2013,"Drama, Thriller",562041,"2013-02-01",
tt0455275,8,2014-05-31,"Prison Break","Prison Break",https://www.imdb.com/title/tt0455275,TV Series,8.3,44,2005,"Mystery, Thriller, Crime, Drama, Action",676766,"2005-08-29",
tt0411008,8,2014-05-31,"Lost","Lost",https://www.imdb.com/title/tt0411008,TV Series,8.3,45,2004,"Drama, Mystery, Adventure, Thriller, Sci-Fi, Fantasy",679032,"2004-09-22",
tt0412253,9,2014-05-31,"Veronica Mars","Veronica Mars",https://www.imdb.com/title/tt0412253,TV Series,8.3,45,2004,"Drama, Crime, Mystery, Thriller",83975,"2004-09-22",
tt0903747,10,2014-01-13,"Breaking Bad","Breaking Bad",https://www.imdb.com/title/tt0903747,TV Series,9.5,48,2008,"Drama, Crime, Thriller",2658995,"2008-01-20",
tt1663662,7,2013-10-28,"Pacific Rim","Pacific Rim",https://www.imdb.com/title/tt1663662,Movie,6.9,131,2013,"Sci-Fi, Action, Adventure",562669,"2013-07-12","Guillermo del Toro"
tt0454876,9,2013-04-09,"Life of Pi","Life of Pi",https://www.imdb.com/title/tt0454876,Movie,7.9,127,2012,"Drama, Adventure, Fantasy",704218,"2012-11-21","Ang Lee"
tt0254686,8,2012-12-24,"The Piano Teacher","La Pianiste",https://www.imdb.com/title/tt0254686,Movie,7.5,131,2001,"Music, Romance, Drama",82331,"2001-08-31","Michael Haneke"
tt0387898,7,2012-12-24,"Caché","Caché",https://www.imdb.com/title/tt0387898,Movie,7.3,117,2005,"Drama, Thriller, Mystery",90837,"2006-02-17","Michael Haneke"
tt0367882,6,2012-11-18,"Indiana Jones and the Kingdom of the Crystal Skull","Indiana Jones and the Kingdom of the Crystal Skull",https://www.imdb.com/title/tt0367882,Movie,6.2,122,2008,"Action, Adventure",516785,"2008-05-22","Steven Spielberg"
tt0097576,9,2012-11-18,"Indiana Jones and the Last Crusade","Indiana Jones and the Last Crusade",https://www.imdb.com/title/tt0097576,Movie,8.2,127,1989,"Adventure",869055,"1989-05-24","Steven Spielberg"
tt1399103,5,2012-11-18,"Transformers: Dark of the Moon","Transformers: Dark of the Moon",https://www.imdb.com/title/tt1399103,Movie,6.2,154,2011,"Action, Adventure, Sci-Fi, Comedy, Thriller",459088,"2011-06-29","Michael Bay"
tt0418279,8,2012-11-18,"Transformers","Transformers",https://www.imdb.com/title/tt0418279,Movie,7.1,144,2007,"Action, Sci-Fi, Adventure",724146,"2007-07-03","Michael Bay"
tt1219289,8,2012-11-11,"Limitless","Limitless",https://www.imdb.com/title/tt1219289,Movie,7.4,105,2011,"Thriller, Sci-Fi",652700,"2011-03-18","Neil Burger"
tt1706593,8,2012-06-17,"Chronicle","Chronicle",https://www.imdb.com/title/tt1706593,Movie,7.0,84,2012,"Sci-Fi, Drama, Thriller",279365,"2012-02-03","Josh Trank"
